player,playerLabel,clubLabel,leagueLabel,start,end,caps
http://www.wikidata.org/entity/Q102027,Fabio Cannavaro,SSC Napoli,Serie A,1992-01-01T00:00:00Z,1995-01-01T00:00:00Z,58
http://www.wikidata.org/entity/Q102027,Fabio Cannavaro,Parma Calcio 1913,Serie A,1995-01-01T00:00:00Z,2002-01-01T00:00:00Z,212
http://www.wikidata.org/entity/Q102027,Fabio Cannavaro,Inter Milan,Serie A,2002-01-01T00:00:00Z,2004-01-01T00:00:00Z,50
http://www.wikidata.org/entity/Q102027,Fabio Cannavaro,Juventus FC,Serie A,2004-01-01T00:00:00Z,2006-01-01T00:00:00Z,74
http://www.wikidata.org/entity/Q102027,Fabio Cannavaro,Real Madrid Club de Fútbol,La Liga,2006-01-01T00:00:00Z,2009-01-01T00:00:00Z,94
http://www.wikidata.org/entity/Q102027,Fabio Cannavaro,Juventus FC,Serie A,2009-01-01T00:00:00Z,2010-01-01T00:00:00Z,27
http://www.wikidata.org/entity/Q1028020,Iñigo Martínez,Real Sociedad,La Liga,2011-01-01T00:00:00Z,2018-01-01T00:00:00Z,205
http://www.wikidata.org/entity/Q1028020,Iñigo Martínez,Athletic Club,La Liga,2018-01-01T00:00:00Z,2023-01-01T00:00:00Z,152
http://www.wikidata.org/entity/Q1028020,Iñigo Martínez,Futbol Club Barcelona,La Liga,2023-01-01T00:00:00Z,2025-01-01T00:00:00Z,48
http://www.wikidata.org/entity/Q104454,Mario Götze,Borussia Dortmund,Bundesliga,2009-01-01T00:00:00Z,2013-01-01T00:00:00Z,83
http://www.wikidata.org/entity/Q104454,Mario Götze,FC Bayern Munich,Bundesliga,2013-01-01T00:00:00Z,2016-01-01T00:00:00Z,73
http://www.wikidata.org/entity/Q104454,Mario Götze,Borussia Dortmund,Bundesliga,2016-01-01T00:00:00Z,2020-06-01T00:00:00Z,75
http://www.wikidata.org/entity/Q104454,Mario Götze,Eintracht Frankfurt,Bundesliga,2022-06-01T00:00:00Z,,93
http://www.wikidata.org/entity/Q10524481,Irune Murua,Athletic Club,La Liga,2003-01-01T00:00:00Z,2017-01-01T00:00:00Z,314
http://www.wikidata.org/entity/Q106387,Stefan Kießling,Bayer 04 Leverkusen,Bundesliga,2006-01-01T00:00:00Z,2018-01-01T00:00:00Z,342
http://www.wikidata.org/entity/Q107076,Torsten Frings,SV Werder Bremen,Bundesliga,1997-01-01T00:00:00Z,2002-01-01T00:00:00Z,162
http://www.wikidata.org/entity/Q107076,Torsten Frings,Borussia Dortmund,Bundesliga,2002-01-01T00:00:00Z,2004-01-01T00:00:00Z,47
http://www.wikidata.org/entity/Q107076,Torsten Frings,FC Bayern Munich,Bundesliga,2004-01-01T00:00:00Z,2005-01-01T00:00:00Z,29
http://www.wikidata.org/entity/Q107076,Torsten Frings,SV Werder Bremen,Bundesliga,2005-01-01T00:00:00Z,2011-01-01T00:00:00Z,164
http://www.wikidata.org/entity/Q107365,Manuel Neuer,FC Bayern Munich,Bundesliga,2011-01-01T00:00:00Z,,376
http://www.wikidata.org/entity/Q1083432,Kieran Trippier,Manchester City F.C.,Premier League,2009-01-01T00:00:00Z,2012-01-01T00:00:00Z,0
http://www.wikidata.org/entity/Q1083432,Kieran Trippier,Burnley F.C.,Premier League,2011-01-01T00:00:00Z,2012-01-01T00:00:00Z,25
http://www.wikidata.org/entity/Q1083432,Kieran Trippier,Burnley F.C.,Premier League,2012-01-01T00:00:00Z,2015-01-01T00:00:00Z,145
http://www.wikidata.org/entity/Q1083432,Kieran Trippier,Tottenham Hotspur F.C.,Premier League,2015-01-01T00:00:00Z,2019-01-01T00:00:00Z,69
http://www.wikidata.org/entity/Q1083432,Kieran Trippier,Atlético Madrid,La Liga,2019-01-01T00:00:00Z,2022-01-01T00:00:00Z,68
http://www.wikidata.org/entity/Q1083432,Kieran Trippier,Newcastle United F.C.,Premier League,2022-01-01T00:00:00Z,,106
http://www.wikidata.org/entity/Q1083627,James Hayter,AFC Bournemouth,Premier League,1997-01-01T00:00:00Z,2007-01-01T00:00:00Z,359
http://www.wikidata.org/entity/Q10855654,Ángel Correa,Atlético Madrid,La Liga,2014-01-01T00:00:00Z,2025-01-01T00:00:00Z,335
http://www.wikidata.org/entity/Q1087530,Fabio Pecchia,SSC Napoli,Serie A,1993-01-01T00:00:00Z,1997-01-01T00:00:00Z,125
http://www.wikidata.org/entity/Q1087530,Fabio Pecchia,Juventus FC,Serie A,1997-01-01T00:00:00Z,1998-01-01T00:00:00Z,21
http://www.wikidata.org/entity/Q1087530,Fabio Pecchia,Torino FC,Serie A,1999-01-01T00:00:00Z,2001-01-01T00:00:00Z,22
http://www.wikidata.org/entity/Q1087530,Fabio Pecchia,SSC Napoli,Serie A,2000-01-01T00:00:00Z,2001-01-01T00:00:00Z,27
http://www.wikidata.org/entity/Q1087530,Fabio Pecchia,Bologna F.C. 1909,Serie A,2001-01-01T00:00:00Z,2002-01-01T00:00:00Z,33
http://www.wikidata.org/entity/Q1087530,Fabio Pecchia,Como 1907,Serie A,2002-01-01T00:00:00Z,2003-01-01T00:00:00Z,27
http://www.wikidata.org/entity/Q1087530,Fabio Pecchia,Bologna F.C. 1909,Serie A,2003-01-01T00:00:00Z,2006-01-01T00:00:00Z,59
http://www.wikidata.org/entity/Q1092166,Luigi Turci,U.S. Cremonese,Serie A,1987-01-01T00:00:00Z,1990-01-01T00:00:00Z,
http://www.wikidata.org/entity/Q1092166,Luigi Turci,U.S. Cremonese,Serie A,1992-01-01T00:00:00Z,1996-01-01T00:00:00Z,134
http://www.wikidata.org/entity/Q1092166,Luigi Turci,Udinese Calcio,Serie A,1996-01-01T00:00:00Z,2002-01-01T00:00:00Z,169
http://www.wikidata.org/entity/Q1093679,Robbie Blake,Nottingham Forest F.C.,Premier League,2000-01-01T00:00:00Z,2000-01-01T00:00:00Z,11
http://www.wikidata.org/entity/Q1093679,Robbie Blake,Burnley F.C.,Premier League,2002-01-01T00:00:00Z,2005-01-01T00:00:00Z,120
http://www.wikidata.org/entity/Q1093679,Robbie Blake,Leeds United F.C.,Premier League,2005-01-01T00:00:00Z,2007-01-01T00:00:00Z,77
http://www.wikidata.org/entity/Q1093679,Robbie Blake,Burnley F.C.,Premier League,2007-01-01T00:00:00Z,2010-01-01T00:00:00Z,122
http://www.wikidata.org/entity/Q1093851,Maximilian Arnold,VfL Wolfsburg,Bundesliga,2011-01-01T00:00:00Z,,384
http://www.wikidata.org/entity/Q109397,Claudio Pizarro,SV Werder Bremen,Bundesliga,1999-01-01T00:00:00Z,2020-01-01T00:00:00Z,56
http://www.wikidata.org/entity/Q109397,Claudio Pizarro,FC Bayern Munich,Bundesliga,2001-01-01T00:00:00Z,2007-01-01T00:00:00Z,174
http://www.wikidata.org/entity/Q109397,Claudio Pizarro,Chelsea F.C.,Premier League,2007-01-01T00:00:00Z,2009-01-01T00:00:00Z,21
http://www.wikidata.org/entity/Q109397,Claudio Pizarro,SV Werder Bremen,Bundesliga,2008-01-01T00:00:00Z,2009-01-01T00:00:00Z,26
http://www.wikidata.org/entity/Q109397,Claudio Pizarro,SV Werder Bremen,Bundesliga,2009-01-01T00:00:00Z,2012-01-01T00:00:00Z,77
http://www.wikidata.org/entity/Q109397,Claudio Pizarro,FC Bayern Munich,Bundesliga,2012-01-01T00:00:00Z,2015-01-01T00:00:00Z,50
http://www.wikidata.org/entity/Q109397,Claudio Pizarro,SV Werder Bremen,Bundesliga,2015-01-01T00:00:00Z,2017-01-01T00:00:00Z,47
http://www.wikidata.org/entity/Q109397,Claudio Pizarro,1. FC Köln,Bundesliga,2017-01-01T00:00:00Z,2018-01-01T00:00:00Z,16
http://www.wikidata.org/entity/Q109397,Claudio Pizarro,SV Werder Bremen,Bundesliga,2018-01-01T00:00:00Z,2020-01-01T00:00:00Z,44
http://www.wikidata.org/entity/Q110053,Mats Hummels,FC Bayern Munich,Bundesliga,2007-01-01T00:00:00Z,2009-01-01T00:00:00Z,1
http://www.wikidata.org/entity/Q110053,Mats Hummels,Borussia Dortmund,Bundesliga,2008-01-01T00:00:00Z,2009-01-01T00:00:00Z,25
http://www.wikidata.org/entity/Q110053,Mats Hummels,Borussia Dortmund,Bundesliga,2009-01-01T00:00:00Z,2016-01-01T00:00:00Z,199
http://www.wikidata.org/entity/Q110053,Mats Hummels,FC Bayern Munich,Bundesliga,2016-01-01T00:00:00Z,2019-06-01T00:00:00Z,74
http://www.wikidata.org/entity/Q110053,Mats Hummels,Borussia Dortmund,Bundesliga,2019-07-01T00:00:00Z,2024-06-01T00:00:00Z,142
http://www.wikidata.org/entity/Q110053,Mats Hummels,AS Roma,Serie A,2024-09-01T00:00:00Z,2025-07-01T00:00:00Z,14
http://www.wikidata.org/entity/Q110523,Manuel Friedrich,1. FSV Mainz 05,Bundesliga,2000-01-01T00:00:00Z,2002-01-01T00:00:00Z,63
http://www.wikidata.org/entity/Q110523,Manuel Friedrich,SV Werder Bremen,Bundesliga,2003-01-01T00:00:00Z,2003-01-01T00:00:00Z,1
http://www.wikidata.org/entity/Q110523,Manuel Friedrich,1. FSV Mainz 05,Bundesliga,2004-01-01T00:00:00Z,2007-01-01T00:00:00Z,116
http://www.wikidata.org/entity/Q110523,Manuel Friedrich,Bayer 04 Leverkusen,Bundesliga,2007-01-01T00:00:00Z,2013-01-01T00:00:00Z,147
http://www.wikidata.org/entity/Q110523,Manuel Friedrich,Borussia Dortmund,Bundesliga,2013-01-01T00:00:00Z,2014-01-01T00:00:00Z,11
http://www.wikidata.org/entity/Q112998,Mikel González Martínez,Real Sociedad,La Liga,,2004-01-01T00:00:00Z,
http://www.wikidata.org/entity/Q112998,Mikel González Martínez,Real Sociedad,La Liga,2005-01-01T00:00:00Z,2017-01-01T00:00:00Z,300
http://www.wikidata.org/entity/Q113156,Robert Pires,Arsenal F.C.,Premier League,2000-01-01T00:00:00Z,2006-01-01T00:00:00Z,284
http://www.wikidata.org/entity/Q113156,Robert Pires,Villarreal CF,La Liga,2006-01-01T00:00:00Z,2010-01-01T00:00:00Z,103
http://www.wikidata.org/entity/Q113156,Robert Pires,Aston Villa F.C.,Premier League,2010-01-01T00:00:00Z,2011-01-01T00:00:00Z,9
http://www.wikidata.org/entity/Q115453,Ivan Rakitić,Sevilla FC,La Liga,2011-01-01T00:00:00Z,2014-01-01T00:00:00Z,117
http://www.wikidata.org/entity/Q115453,Ivan Rakitić,Futbol Club Barcelona,La Liga,2014-01-01T00:00:00Z,2020-09-01T00:00:00Z,200
http://www.wikidata.org/entity/Q115453,Ivan Rakitić,Sevilla FC,La Liga,2020-09-01T00:00:00Z,2024-01-01T00:00:00Z,121
http://www.wikidata.org/entity/Q116980,Gennaro Gattuso,AC Milan,Serie A,1999-01-01T00:00:00Z,2012-01-01T00:00:00Z,335
http://www.wikidata.org/entity/Q1173951,David Castedo,RCD Mallorca,La Liga,1993-01-01T00:00:00Z,2000-01-01T00:00:00Z,119
http://www.wikidata.org/entity/Q1173951,David Castedo,Sevilla FC,La Liga,2000-01-01T00:00:00Z,2007-01-01T00:00:00Z,235
http://www.wikidata.org/entity/Q1173951,David Castedo,Levante UD,La Liga,2007-01-01T00:00:00Z,2008-01-01T00:00:00Z,18
http://www.wikidata.org/entity/Q119562,Sergio Agüero,Atlético Madrid,La Liga,2006-01-01T00:00:00Z,2011-01-01T00:00:00Z,177
http://www.wikidata.org/entity/Q119562,Sergio Agüero,Manchester City F.C.,Premier League,2011-01-01T00:00:00Z,2021-07-01T00:00:00Z,275
http://www.wikidata.org/entity/Q119562,Sergio Agüero,Futbol Club Barcelona,La Liga,2021-07-01T00:00:00Z,2021-12-01T00:00:00Z,4
http://www.wikidata.org/entity/Q1198439,Marco Rossi,ACF Fiorentina,Serie A,2000-01-01T00:00:00Z,2002-01-01T00:00:00Z,36
http://www.wikidata.org/entity/Q1198439,Marco Rossi,Como 1907,Serie A,2002-01-01T00:00:00Z,2004-01-01T00:00:00Z,19
http://www.wikidata.org/entity/Q1198439,Marco Rossi,Genoa CFC,Serie A,2003-01-01T00:00:00Z,2004-01-01T00:00:00Z,38
http://www.wikidata.org/entity/Q1198439,Marco Rossi,Genoa CFC,Serie A,2004-01-01T00:00:00Z,2013-01-01T00:00:00Z,230
http://www.wikidata.org/entity/Q122294,Angelo Di Livio,AS Roma,Serie A,1984-01-01T00:00:00Z,1985-01-01T00:00:00Z,0
http://www.wikidata.org/entity/Q122294,Angelo Di Livio,Juventus FC,Serie A,1993-01-01T00:00:00Z,1999-01-01T00:00:00Z,186
http://www.wikidata.org/entity/Q122294,Angelo Di Livio,ACF Fiorentina,Serie A,1999-01-01T00:00:00Z,2005-01-01T00:00:00Z,169
http://www.wikidata.org/entity/Q125438,Massimo Oddo,AC Milan,Serie A,1993-01-01T00:00:00Z,1999-01-01T00:00:00Z,0
http://www.wikidata.org/entity/Q125438,Massimo Oddo,SSC Napoli,Serie A,1999-01-01T00:00:00Z,2000-01-01T00:00:00Z,36
http://www.wikidata.org/entity/Q125438,Massimo Oddo,Hellas Verona FC,Serie A,2000-01-01T00:00:00Z,2002-01-01T00:00:00Z,64
http://www.wikidata.org/entity/Q125438,Massimo Oddo,SS Lazio,Serie A,2002-01-01T00:00:00Z,2007-01-01T00:00:00Z,135
http://www.wikidata.org/entity/Q125438,Massimo Oddo,AC Milan,Serie A,2007-01-01T00:00:00Z,2012-01-01T00:00:00Z,56
http://www.wikidata.org/entity/Q125438,Massimo Oddo,FC Bayern Munich,Bundesliga,2008-01-01T00:00:00Z,2009-01-01T00:00:00Z,18
http://www.wikidata.org/entity/Q125438,Massimo Oddo,US Lecce,Serie A,2011-01-01T00:00:00Z,2012-01-01T00:00:00Z,27
http://www.wikidata.org/entity/Q1255625,Samuel Eto'o,Real Madrid Club de Fútbol,La Liga,1997-01-01T00:00:00Z,2000-01-01T00:00:00Z,3
http://www.wikidata.org/entity/Q1255625,Samuel Eto'o,RCD Espanyol de Barcelona,La Liga,1999-01-01T00:00:00Z,1999-01-01T00:00:00Z,0
http://www.wikidata.org/entity/Q1255625,Samuel Eto'o,RCD Mallorca,La Liga,2000-01-01T00:00:00Z,2000-06-01T00:00:00Z,19
http://www.wikidata.org/entity/Q1255625,Samuel Eto'o,RCD Mallorca,La Liga,2000-07-01T00:00:00Z,2004-01-01T00:00:00Z,120
http://www.wikidata.org/entity/Q1255625,Samuel Eto'o,Futbol Club Barcelona,La Liga,2004-01-01T00:00:00Z,2009-01-01T00:00:00Z,144
http://www.wikidata.org/entity/Q1255625,Samuel Eto'o,Inter Milan,Serie A,2009-01-01T00:00:00Z,2011-01-01T00:00:00Z,67
http://www.wikidata.org/entity/Q1255625,Samuel Eto'o,Chelsea F.C.,Premier League,2013-01-01T00:00:00Z,2014-01-01T00:00:00Z,21
http://www.wikidata.org/entity/Q1255625,Samuel Eto'o,Everton F.C.,Premier League,2014-01-01T00:00:00Z,2015-01-01T00:00:00Z,14
http://www.wikidata.org/entity/Q126503,Filippo Inzaghi,Hellas Verona FC,Serie A,1993-01-01T00:00:00Z,1994-01-01T00:00:00Z,36
http://www.wikidata.org/entity/Q126503,Filippo Inzaghi,Parma Calcio 1913,Serie A,1995-01-01T00:00:00Z,1996-01-01T00:00:00Z,15
http://www.wikidata.org/entity/Q126503,Filippo Inzaghi,Atalanta BC,Serie A,1996-01-01T00:00:00Z,1997-01-01T00:00:00Z,33
http://www.wikidata.org/entity/Q126503,Filippo Inzaghi,Juventus FC,Serie A,1997-01-01T00:00:00Z,2001-01-01T00:00:00Z,120
http://www.wikidata.org/entity/Q126503,Filippo Inzaghi,AC Milan,Serie A,2001-01-01T00:00:00Z,2012-01-01T00:00:00Z,202
http://www.wikidata.org/entity/Q127452,Dani Carvajal,Bayer 04 Leverkusen,Bundesliga,2012-01-01T00:00:00Z,2013-01-01T00:00:00Z,32
http://www.wikidata.org/entity/Q127452,Dani Carvajal,Real Madrid Club de Fútbol,La Liga,2013-01-01T00:00:00Z,,293
http://www.wikidata.org/entity/Q127499,Asier Illarramendi,Real Sociedad,La Liga,,2008-01-01T00:00:00Z,
http://www.wikidata.org/entity/Q127499,Asier Illarramendi,Real Sociedad,La Liga,2009-01-01T00:00:00Z,2013-01-01T00:00:00Z,56
http://www.wikidata.org/entity/Q127499,Asier Illarramendi,Real Madrid Club de Fútbol,La Liga,2013-01-01T00:00:00Z,2015-01-01T00:00:00Z,90
http://www.wikidata.org/entity/Q127499,Asier Illarramendi,Real Sociedad,La Liga,2015-01-01T00:00:00Z,2023-01-01T00:00:00Z,197
http://www.wikidata.org/entity/Q128829,Michael Owen,Liverpool F.C.,Premier League,1995-01-01T00:00:00Z,2004-01-01T00:00:00Z,216
http://www.wikidata.org/entity/Q128829,Michael Owen,Real Madrid Club de Fútbol,La Liga,2004-01-01T00:00:00Z,2005-01-01T00:00:00Z,36
http://www.wikidata.org/entity/Q128829,Michael Owen,Newcastle United F.C.,Premier League,2005-01-01T00:00:00Z,2009-01-01T00:00:00Z,71
http://www.wikidata.org/entity/Q128829,Michael Owen,Manchester United F.C.,Premier League,2009-01-01T00:00:00Z,2012-01-01T00:00:00Z,31
http://www.wikidata.org/entity/Q129013,Max Kruse,SV Werder Bremen,Bundesliga,2007-01-01T00:00:00Z,2009-01-01T00:00:00Z,1
http://www.wikidata.org/entity/Q129013,Max Kruse,FC St. Pauli,Bundesliga,2009-01-01T00:00:00Z,2012-01-01T00:00:00Z,96
http://www.wikidata.org/entity/Q129013,Max Kruse,SC Freiburg,Bundesliga,2012-01-01T00:00:00Z,2013-01-01T00:00:00Z,34
http://www.wikidata.org/entity/Q129013,Max Kruse,Borussia Mönchengladbach,Bundesliga,2013-01-01T00:00:00Z,2015-01-01T00:00:00Z,66
http://www.wikidata.org/entity/Q129013,Max Kruse,VfL Wolfsburg,Bundesliga,2015-01-01T00:00:00Z,2016-01-01T00:00:00Z,32
http://www.wikidata.org/entity/Q129013,Max Kruse,SV Werder Bremen,Bundesliga,2016-01-01T00:00:00Z,2019-06-01T00:00:00Z,84
http://www.wikidata.org/entity/Q129013,Max Kruse,1. FC Union Berlin,Bundesliga,2020-08-01T00:00:00Z,2022-01-01T00:00:00Z,38
http://www.wikidata.org/entity/Q129013,Max Kruse,VfL Wolfsburg,Bundesliga,2022-01-01T00:00:00Z,2022-11-28T00:00:00Z,19
http://www.wikidata.org/entity/Q129109,Matthias Ginter,SC Freiburg,Bundesliga,2012-01-01T00:00:00Z,2014-01-01T00:00:00Z,70
http://www.wikidata.org/entity/Q129109,Matthias Ginter,Borussia Dortmund,Bundesliga,2014-01-01T00:00:00Z,2017-01-01T00:00:00Z,67
http://www.wikidata.org/entity/Q129109,Matthias Ginter,Borussia Mönchengladbach,Bundesliga,2017-01-01T00:00:00Z,2022-06-01T00:00:00Z,154
http://www.wikidata.org/entity/Q129109,Matthias Ginter,SC Freiburg,Bundesliga,2022-07-01T00:00:00Z,,99
http://www.wikidata.org/entity/Q129655,Dougie Freedman,Crystal Palace F.C.,Premier League,1995-01-01T00:00:00Z,1997-01-01T00:00:00Z,93
http://www.wikidata.org/entity/Q129655,Dougie Freedman,Wolverhampton Wanderers F.C.,Premier League,1997-01-01T00:00:00Z,1998-01-01T00:00:00Z,29
http://www.wikidata.org/entity/Q129655,Dougie Freedman,Nottingham Forest F.C.,Premier League,1998-01-01T00:00:00Z,2000-01-01T00:00:00Z,70
http://www.wikidata.org/entity/Q129655,Dougie Freedman,Crystal Palace F.C.,Premier League,2000-01-01T00:00:00Z,2008-01-01T00:00:00Z,237
http://www.wikidata.org/entity/Q129655,Dougie Freedman,Leeds United F.C.,Premier League,2008-01-01T00:00:00Z,2008-01-01T00:00:00Z,11
http://www.wikidata.org/entity/Q13014035,Jordan Pickford,Sunderland A.F.C.,Premier League,2011-01-01T00:00:00Z,2017-01-01T00:00:00Z,31
http://www.wikidata.org/entity/Q13014035,Jordan Pickford,Everton F.C.,Premier League,2017-01-01T00:00:00Z,,304
http://www.wikidata.org/entity/Q131234,Toni Kroos,FC Bayern Munich,Bundesliga,2007-01-01T00:00:00Z,2014-01-01T00:00:00Z,130
http://www.wikidata.org/entity/Q131234,Toni Kroos,Bayer 04 Leverkusen,Bundesliga,2009-01-01T00:00:00Z,2010-01-01T00:00:00Z,43
http://www.wikidata.org/entity/Q131234,Toni Kroos,Real Madrid Club de Fútbol,La Liga,2014-01-01T00:00:00Z,2024-01-01T00:00:00Z,306
http://www.wikidata.org/entity/Q131261,Oliver Kahn,FC Bayern Munich,Bundesliga,1994-01-01T00:00:00Z,2008-01-01T00:00:00Z,429
http://www.wikidata.org/entity/Q1333991,Sebastiano Siviglia,Parma Calcio 1913,Serie A,1993-01-01T00:00:00Z,1993-01-01T00:00:00Z,0
http://www.wikidata.org/entity/Q1333991,Sebastiano Siviglia,Hellas Verona FC,Serie A,1996-01-01T00:00:00Z,1998-01-01T00:00:00Z,58
http://www.wikidata.org/entity/Q1333991,Sebastiano Siviglia,Atalanta BC,Serie A,1998-01-01T00:00:00Z,2001-01-01T00:00:00Z,88
http://www.wikidata.org/entity/Q1333991,Sebastiano Siviglia,AS Roma,Serie A,2001-01-01T00:00:00Z,2002-01-01T00:00:00Z,5
http://www.wikidata.org/entity/Q1333991,Sebastiano Siviglia,Parma Calcio 1913,Serie A,2002-01-01T00:00:00Z,2005-01-01T00:00:00Z,2
http://www.wikidata.org/entity/Q1333991,Sebastiano Siviglia,Atalanta BC,Serie A,2003-01-01T00:00:00Z,2003-01-01T00:00:00Z,17
http://www.wikidata.org/entity/Q1333991,Sebastiano Siviglia,US Lecce,Serie A,2003-01-01T00:00:00Z,2004-01-01T00:00:00Z,31
http://www.wikidata.org/entity/Q1333991,Sebastiano Siviglia,SS Lazio,Serie A,2004-01-01T00:00:00Z,2005-01-01T00:00:00Z,29
http://www.wikidata.org/entity/Q1333991,Sebastiano Siviglia,SS Lazio,Serie A,2005-01-01T00:00:00Z,2010-01-01T00:00:00Z,129
http://www.wikidata.org/entity/Q133556,Ashley Cole,Arsenal F.C.,Premier League,1998-01-01T00:00:00Z,2006-01-01T00:00:00Z,156
http://www.wikidata.org/entity/Q133556,Ashley Cole,Crystal Palace F.C.,Premier League,1999-01-01T00:00:00Z,2000-01-01T00:00:00Z,14
http://www.wikidata.org/entity/Q133556,Ashley Cole,Chelsea F.C.,Premier League,2006-01-01T00:00:00Z,2014-01-01T00:00:00Z,229
http://www.wikidata.org/entity/Q133556,Ashley Cole,AS Roma,Serie A,2014-01-01T00:00:00Z,2016-01-01T00:00:00Z,11
http://www.wikidata.org/entity/Q134729,Joselu,RC Celta de Vigo,La Liga,2009-01-01T00:00:00Z,2010-01-01T00:00:00Z,24
http://www.wikidata.org/entity/Q134729,Joselu,RC Celta de Vigo,La Liga,2009-01-01T00:00:00Z,2009-01-01T00:00:00Z,2
http://www.wikidata.org/entity/Q134729,Joselu,Real Madrid Club de Fútbol,La Liga,2011-01-01T00:00:00Z,2011-01-01T00:00:00Z,1
http://www.wikidata.org/entity/Q134729,Joselu,TSG 1899 Hoffenheim,Bundesliga,2012-01-01T00:00:00Z,2014-01-01T00:00:00Z,25
http://www.wikidata.org/entity/Q134729,Joselu,Eintracht Frankfurt,Bundesliga,2013-01-01T00:00:00Z,2014-01-01T00:00:00Z,24
http://www.wikidata.org/entity/Q134729,Joselu,Newcastle United F.C.,Premier League,2017-01-01T00:00:00Z,2019-01-01T00:00:00Z,46
http://www.wikidata.org/entity/Q134729,Joselu,Deportivo Alavés,La Liga,2019-01-01T00:00:00Z,2022-01-01T00:00:00Z,110
http://www.wikidata.org/entity/Q134729,Joselu,RCD Espanyol de Barcelona,La Liga,2022-01-01T00:00:00Z,2024-01-01T00:00:00Z,34
http://www.wikidata.org/entity/Q134729,Joselu,Real Madrid Club de Fútbol,La Liga,2023-01-01T00:00:00Z,2024-06-01T00:00:00Z,34
http://www.wikidata.org/entity/Q134976,Lukas Podolski,1. FC Köln,Bundesliga,2003-01-01T00:00:00Z,2006-01-01T00:00:00Z,81
http://www.wikidata.org/entity/Q134976,Lukas Podolski,FC Bayern Munich,Bundesliga,2006-01-01T00:00:00Z,2009-01-01T00:00:00Z,71
http://www.wikidata.org/entity/Q134976,Lukas Podolski,1. FC Köln,Bundesliga,2009-01-01T00:00:00Z,2012-01-01T00:00:00Z,88
http://www.wikidata.org/entity/Q134976,Lukas Podolski,Arsenal F.C.,Premier League,2012-01-01T00:00:00Z,2015-01-01T00:00:00Z,60
http://www.wikidata.org/entity/Q134976,Lukas Podolski,Inter Milan,Serie A,2015-01-01T00:00:00Z,2015-01-01T00:00:00Z,17
http://www.wikidata.org/entity/Q135314,Gabriel Agbonlahor,Aston Villa F.C.,Premier League,2005-01-01T00:00:00Z,2018-01-01T00:00:00Z,341
http://www.wikidata.org/entity/Q1354960,Mohamed Salah,Chelsea F.C.,Premier League,2014-01-01T00:00:00Z,2015-01-01T00:00:00Z,13
http://www.wikidata.org/entity/Q1354960,Mohamed Salah,ACF Fiorentina,Serie A,2015-02-02T00:00:00Z,2015-06-30T00:00:00Z,16
http://www.wikidata.org/entity/Q1354960,Mohamed Salah,AS Roma,Serie A,2015-08-06T00:00:00Z,2016-01-01T00:00:00Z,34
http://www.wikidata.org/entity/Q1354960,Mohamed Salah,AS Roma,Serie A,2016-01-01T00:00:00Z,2017-01-01T00:00:00Z,31
http://www.wikidata.org/entity/Q1354960,Mohamed Salah,Liverpool F.C.,Premier League,2017-01-01T00:00:00Z,http://www.wikidata.org/.well-known/genid/08d057f571814dba994af668cf696e45,300
http://www.wikidata.org/entity/Q136940,Marco Di Vaio,SS Lazio,Serie A,1993-01-01T00:00:00Z,1995-01-01T00:00:00Z,8
http://www.wikidata.org/entity/Q136940,Marco Di Vaio,Hellas Verona FC,Serie A,1995-01-01T00:00:00Z,1996-01-01T00:00:00Z,7
http://www.wikidata.org/entity/Q136940,Marco Di Vaio,Hellas Verona FC,Serie A,1996-01-01T00:00:00Z,1996-01-01T00:00:00Z,7
http://www.wikidata.org/entity/Q136940,Marco Di Vaio,Parma Calcio 1913,Serie A,1999-01-01T00:00:00Z,2002-01-01T00:00:00Z,83
http://www.wikidata.org/entity/Q136940,Marco Di Vaio,Juventus FC,Serie A,2002-01-01T00:00:00Z,2004-01-01T00:00:00Z,55
http://www.wikidata.org/entity/Q136940,Marco Di Vaio,Valencia CF,La Liga,2004-01-01T00:00:00Z,2006-01-01T00:00:00Z,35
http://www.wikidata.org/entity/Q136940,Marco Di Vaio,Genoa CFC,Serie A,2007-01-01T00:00:00Z,2008-01-01T00:00:00Z,44
http://www.wikidata.org/entity/Q136940,Marco Di Vaio,Bologna F.C. 1909,Serie A,2008-01-01T00:00:00Z,2012-01-01T00:00:00Z,143
http://www.wikidata.org/entity/Q1378148,Félix Dja Ettien,Levante UD,La Liga,1997-01-01T00:00:00Z,2008-01-01T00:00:00Z,303
http://www.wikidata.org/entity/Q1378371,Alessandro Florenzi,AS Roma,Serie A,2011-01-01T00:00:00Z,2022-06-01T00:00:00Z,227
http://www.wikidata.org/entity/Q1378371,Alessandro Florenzi,Valencia CF,La Liga,2020-01-01T00:00:00Z,2020-07-01T00:00:00Z,12
http://www.wikidata.org/entity/Q1378371,Alessandro Florenzi,AC Milan,Serie A,2021-08-01T00:00:00Z,2022-06-01T00:00:00Z,24
http://www.wikidata.org/entity/Q1378371,Alessandro Florenzi,AC Milan,Serie A,2022-07-01T00:00:00Z,2025-01-01T00:00:00Z,38
http://www.wikidata.org/entity/Q1381315,Alberto López Fernández,Real Sociedad,La Liga,1992-01-01T00:00:00Z,2006-01-01T00:00:00Z,380
http://www.wikidata.org/entity/Q13865408,Joshua Kimmich,RB Leipzig,Bundesliga,2013-01-01T00:00:00Z,2015-01-01T00:00:00Z,53
http://www.wikidata.org/entity/Q13865408,Joshua Kimmich,FC Bayern Munich,Bundesliga,2015-01-01T00:00:00Z,,305
http://www.wikidata.org/entity/Q1392500,Wes Morgan,Nottingham Forest F.C.,Premier League,2002-01-01T00:00:00Z,2012-01-01T00:00:00Z,352
http://www.wikidata.org/entity/Q1396445,Roberto Muzzi,AS Roma,Serie A,1990-01-01T00:00:00Z,1993-01-01T00:00:00Z,55
http://www.wikidata.org/entity/Q1396445,Roberto Muzzi,AS Roma,Serie A,1994-01-01T00:00:00Z,1994-01-01T00:00:00Z,2
http://www.wikidata.org/entity/Q1396445,Roberto Muzzi,Pisa SC,Serie A,1994-01-01T00:00:00Z,1994-01-01T00:00:00Z,23
http://www.wikidata.org/entity/Q1396445,Roberto Muzzi,Cagliari Calcio,Serie A,1995-01-01T00:00:00Z,1999-01-01T00:00:00Z,144
http://www.wikidata.org/entity/Q1396445,Roberto Muzzi,Udinese Calcio,Serie A,1999-01-01T00:00:00Z,2003-01-01T00:00:00Z,102
http://www.wikidata.org/entity/Q1396445,Roberto Muzzi,SS Lazio,Serie A,2003-01-01T00:00:00Z,2005-01-01T00:00:00Z,39
http://www.wikidata.org/entity/Q1396445,Roberto Muzzi,Torino FC,Serie A,2005-01-01T00:00:00Z,2007-01-01T00:00:00Z,61
http://www.wikidata.org/entity/Q1408854,Valerio Bertotto,Udinese Calcio,Serie A,1993-01-01T00:00:00Z,2006-01-01T00:00:00Z,334
http://www.wikidata.org/entity/Q141354,Sebastian Kehl,SC Freiburg,Bundesliga,2000-01-01T00:00:00Z,2001-01-01T00:00:00Z,40
http://www.wikidata.org/entity/Q141354,Sebastian Kehl,Borussia Dortmund,Bundesliga,2002-01-01T00:00:00Z,2015-01-01T00:00:00Z,274
http://www.wikidata.org/entity/Q1439915,Eric Dier,Tottenham Hotspur F.C.,Premier League,2014-01-01T00:00:00Z,2024-01-01T00:00:00Z,274
http://www.wikidata.org/entity/Q1439915,Eric Dier,FC Bayern Munich,Bundesliga,2024-01-11T00:00:00Z,2024-06-01T00:00:00Z,15
http://www.wikidata.org/entity/Q1439915,Eric Dier,FC Bayern Munich,Bundesliga,2024-07-01T00:00:00Z,2025-01-01T00:00:00Z,21
http://www.wikidata.org/entity/Q14640027,Jonathan Tah,Hamburger SV,Bundesliga,2013-01-01T00:00:00Z,2015-01-01T00:00:00Z,16
http://www.wikidata.org/entity/Q14640027,Jonathan Tah,Bayer 04 Leverkusen,Bundesliga,2015-01-01T00:00:00Z,2025-01-01T00:00:00Z,291
http://www.wikidata.org/entity/Q14640027,Jonathan Tah,FC Bayern Munich,Bundesliga,2025-06-01T00:00:00Z,,9
http://www.wikidata.org/entity/Q146907,Miralem Pjanić,AS Roma,Serie A,2011-01-01T00:00:00Z,2016-01-01T00:00:00Z,159
http://www.wikidata.org/entity/Q146907,Miralem Pjanić,Juventus FC,Serie A,2016-01-01T00:00:00Z,2020-08-01T00:00:00Z,122
http://www.wikidata.org/entity/Q146907,Miralem Pjanić,Futbol Club Barcelona,La Liga,2020-09-01T00:00:00Z,2022-09-01T00:00:00Z,19
http://www.wikidata.org/entity/Q147589,Kolo Touré,Arsenal F.C.,Premier League,2002-01-01T00:00:00Z,2009-01-01T00:00:00Z,225
http://www.wikidata.org/entity/Q147589,Kolo Touré,Manchester City F.C.,Premier League,2009-01-01T00:00:00Z,2013-01-01T00:00:00Z,82
http://www.wikidata.org/entity/Q147589,Kolo Touré,Liverpool F.C.,Premier League,2013-01-01T00:00:00Z,2016-01-01T00:00:00Z,71
http://www.wikidata.org/entity/Q150161,George McCartney,Sunderland A.F.C.,Premier League,1998-01-01T00:00:00Z,2006-01-01T00:00:00Z,134
http://www.wikidata.org/entity/Q150161,George McCartney,West Ham United F.C.,Premier League,2006-01-01T00:00:00Z,2008-01-01T00:00:00Z,61
http://www.wikidata.org/entity/Q150161,George McCartney,Sunderland A.F.C.,Premier League,2008-01-01T00:00:00Z,2012-01-01T00:00:00Z,41
http://www.wikidata.org/entity/Q150161,George McCartney,Leeds United F.C.,Premier League,2010-01-01T00:00:00Z,2011-01-01T00:00:00Z,17
http://www.wikidata.org/entity/Q150161,George McCartney,Leeds United F.C.,Premier League,2011-01-01T00:00:00Z,2011-01-01T00:00:00Z,15
http://www.wikidata.org/entity/Q150161,George McCartney,West Ham United F.C.,Premier League,2011-01-01T00:00:00Z,2012-01-01T00:00:00Z,38
http://www.wikidata.org/entity/Q150161,George McCartney,West Ham United F.C.,Premier League,2012-01-01T00:00:00Z,2014-01-01T00:00:00Z,34
http://www.wikidata.org/entity/Q150268,David de Gea,Atlético Madrid,La Liga,2009-01-01T00:00:00Z,2011-01-01T00:00:00Z,57
http://www.wikidata.org/entity/Q150268,David de Gea,Manchester United F.C.,Premier League,2011-01-01T00:00:00Z,2023-06-30T00:00:00Z,415
http://www.wikidata.org/entity/Q150268,David de Gea,ACF Fiorentina,Serie A,2024-08-01T00:00:00Z,,46
http://www.wikidata.org/entity/Q151260,Jérôme Boateng,Hamburger SV,Bundesliga,2007-01-01T00:00:00Z,2010-01-01T00:00:00Z,75
http://www.wikidata.org/entity/Q151260,Jérôme Boateng,Manchester City F.C.,Premier League,2010-01-01T00:00:00Z,2011-01-01T00:00:00Z,16
http://www.wikidata.org/entity/Q151260,Jérôme Boateng,FC Bayern Munich,Bundesliga,2011-01-01T00:00:00Z,2021-06-01T00:00:00Z,229
http://www.wikidata.org/entity/Q151269,Robert Lewandowski,Borussia Dortmund,Bundesliga,2010-01-01T00:00:00Z,2014-01-01T00:00:00Z,131
http://www.wikidata.org/entity/Q151269,Robert Lewandowski,FC Bayern Munich,Bundesliga,2014-01-01T00:00:00Z,2022-07-01T00:00:00Z,253
http://www.wikidata.org/entity/Q151269,Robert Lewandowski,Futbol Club Barcelona,La Liga,2022-07-20T00:00:00Z,,112
http://www.wikidata.org/entity/Q152286,Bobby Zamora,Brighton & Hove Albion F.C.,Premier League,2000-03-01T00:00:00Z,2000-05-01T00:00:00Z,6
http://www.wikidata.org/entity/Q152286,Bobby Zamora,Brighton & Hove Albion F.C.,Premier League,2000-08-01T00:00:00Z,2003-01-01T00:00:00Z,119
http://www.wikidata.org/entity/Q152286,Bobby Zamora,Tottenham Hotspur F.C.,Premier League,2003-07-01T00:00:00Z,2004-01-01T00:00:00Z,16
http://www.wikidata.org/entity/Q152286,Bobby Zamora,West Ham United F.C.,Premier League,2004-01-01T00:00:00Z,2008-07-01T00:00:00Z,130
http://www.wikidata.org/entity/Q152286,Bobby Zamora,Fulham F.C.,Premier League,2008-07-01T00:00:00Z,2012-01-31T00:00:00Z,91
http://www.wikidata.org/entity/Q152286,Bobby Zamora,Brighton & Hove Albion F.C.,Premier League,2015-08-03T00:00:00Z,2016-07-01T00:00:00Z,26
http://www.wikidata.org/entity/Q152354,Hans-Jörg Butt,Hamburger SV,Bundesliga,1997-01-01T00:00:00Z,2001-01-01T00:00:00Z,133
http://www.wikidata.org/entity/Q152354,Hans-Jörg Butt,Bayer 04 Leverkusen,Bundesliga,2001-01-01T00:00:00Z,2007-01-01T00:00:00Z,191
http://www.wikidata.org/entity/Q152354,Hans-Jörg Butt,FC Bayern Munich,Bundesliga,2008-01-01T00:00:00Z,2012-01-01T00:00:00Z,62
http://www.wikidata.org/entity/Q152377,Marco Reus,Borussia Mönchengladbach,Bundesliga,2009-01-01T00:00:00Z,2012-01-01T00:00:00Z,97
http://www.wikidata.org/entity/Q152377,Marco Reus,Borussia Dortmund,Bundesliga,2012-01-01T00:00:00Z,2024-01-01T00:00:00Z,294
http://www.wikidata.org/entity/Q152458,Bernd Schneider,Eintracht Frankfurt,Bundesliga,1998-01-01T00:00:00Z,1999-01-01T00:00:00Z,33
http://www.wikidata.org/entity/Q152458,Bernd Schneider,Bayer 04 Leverkusen,Bundesliga,1999-01-01T00:00:00Z,2009-01-01T00:00:00Z,263
http://www.wikidata.org/entity/Q152458,Bernd Schneider,Bayer 04 Leverkusen,Bundesliga,2009-01-01T00:00:00Z,2009-01-01T00:00:00Z,8
http://www.wikidata.org/entity/Q152972,Oliver Neuville,Bayer 04 Leverkusen,Bundesliga,1999-01-01T00:00:00Z,2004-01-01T00:00:00Z,165
http://www.wikidata.org/entity/Q152972,Oliver Neuville,Borussia Mönchengladbach,Bundesliga,2004-01-01T00:00:00Z,2010-01-01T00:00:00Z,151
http://www.wikidata.org/entity/Q153002,Riccardo Montolivo,Atalanta BC,Serie A,2003-01-01T00:00:00Z,2005-01-01T00:00:00Z,73
http://www.wikidata.org/entity/Q153002,Riccardo Montolivo,ACF Fiorentina,Serie A,2005-01-01T00:00:00Z,2012-01-01T00:00:00Z,219
http://www.wikidata.org/entity/Q153002,Riccardo Montolivo,AC Milan,Serie A,2012-01-01T00:00:00Z,2019-01-01T00:00:00Z,129
http://www.wikidata.org/entity/Q153387,Hasan Salihamidžić,Hamburger SV,Bundesliga,1995-01-01T00:00:00Z,1998-01-01T00:00:00Z,72
http://www.wikidata.org/entity/Q153387,Hasan Salihamidžić,FC Bayern Munich,Bundesliga,1998-01-01T00:00:00Z,2007-01-01T00:00:00Z,234
http://www.wikidata.org/entity/Q153387,Hasan Salihamidžić,Juventus FC,Serie A,2007-01-01T00:00:00Z,2011-01-01T00:00:00Z,61
http://www.wikidata.org/entity/Q153387,Hasan Salihamidžić,VfL Wolfsburg,Bundesliga,2011-01-01T00:00:00Z,2012-01-01T00:00:00Z,15
http://www.wikidata.org/entity/Q153786,Edin Džeko,VfL Wolfsburg,Bundesliga,2007-07-01T00:00:00Z,2011-01-01T00:00:00Z,111
http://www.wikidata.org/entity/Q153786,Edin Džeko,Manchester City F.C.,Premier League,2011-01-01T00:00:00Z,2016-07-01T00:00:00Z,130
http://www.wikidata.org/entity/Q153786,Edin Džeko,AS Roma,Serie A,2015-08-12T00:00:00Z,2016-06-30T00:00:00Z,31
http://www.wikidata.org/entity/Q153786,Edin Džeko,AS Roma,Serie A,2016-07-01T00:00:00Z,2021-08-01T00:00:00Z,168
http://www.wikidata.org/entity/Q153786,Edin Džeko,Inter Milan,Serie A,2021-08-01T00:00:00Z,2023-06-01T00:00:00Z,69
http://www.wikidata.org/entity/Q153786,Edin Džeko,ACF Fiorentina,Serie A,2025-07-01T00:00:00Z,2026-01-01T00:00:00Z,11
http://www.wikidata.org/entity/Q15396247,José Luis Gayà,Valencia CF,La Liga,2012-10-30T00:00:00Z,,321
http://www.wikidata.org/entity/Q154156,Mehmet Scholl,FC Bayern Munich,Bundesliga,1992-01-01T00:00:00Z,2007-01-01T00:00:00Z,334
http://www.wikidata.org/entity/Q154397,Roman Weidenfeller,Borussia Dortmund,Bundesliga,2002-01-01T00:00:00Z,2018-01-01T00:00:00Z,349
http://www.wikidata.org/entity/Q155903,Dietmar Hamann,FC Bayern Munich,Bundesliga,1993-01-01T00:00:00Z,1998-01-01T00:00:00Z,105
http://www.wikidata.org/entity/Q155903,Dietmar Hamann,Newcastle United F.C.,Premier League,1998-01-01T00:00:00Z,1999-01-01T00:00:00Z,23
http://www.wikidata.org/entity/Q155903,Dietmar Hamann,Liverpool F.C.,Premier League,1999-01-01T00:00:00Z,2006-01-01T00:00:00Z,191
http://www.wikidata.org/entity/Q155903,Dietmar Hamann,Manchester City F.C.,Premier League,2006-01-01T00:00:00Z,2009-01-01T00:00:00Z,54
http://www.wikidata.org/entity/Q156822,Lúcio,Bayer 04 Leverkusen,Bundesliga,2001-01-01T00:00:00Z,2004-01-01T00:00:00Z,92
http://www.wikidata.org/entity/Q156822,Lúcio,FC Bayern Munich,Bundesliga,2004-01-01T00:00:00Z,2009-01-01T00:00:00Z,144
http://www.wikidata.org/entity/Q156822,Lúcio,Inter Milan,Serie A,2009-01-01T00:00:00Z,2012-01-01T00:00:00Z,96
http://www.wikidata.org/entity/Q156822,Lúcio,Juventus FC,Serie A,2012-01-01T00:00:00Z,2012-01-01T00:00:00Z,1
http://www.wikidata.org/entity/Q158618,Carlton Cole,Chelsea F.C.,Premier League,2001-01-01T00:00:00Z,2006-01-01T00:00:00Z,25
http://www.wikidata.org/entity/Q158618,Carlton Cole,Wolverhampton Wanderers F.C.,Premier League,2002-01-01T00:00:00Z,2003-01-01T00:00:00Z,7
http://www.wikidata.org/entity/Q158618,Carlton Cole,Aston Villa F.C.,Premier League,2004-01-01T00:00:00Z,2005-01-01T00:00:00Z,27
http://www.wikidata.org/entity/Q158618,Carlton Cole,West Ham United F.C.,Premier League,2006-01-01T00:00:00Z,2013-01-01T00:00:00Z,210
http://www.wikidata.org/entity/Q158618,Carlton Cole,West Ham United F.C.,Premier League,2013-01-01T00:00:00Z,2015-01-01T00:00:00Z,49
http://www.wikidata.org/entity/Q158814,Mark Noble,West Ham United F.C.,Premier League,2004-01-01T00:00:00Z,2022-01-01T00:00:00Z,472
http://www.wikidata.org/entity/Q158980,James Collins,West Ham United F.C.,Premier League,2005-01-01T00:00:00Z,2009-01-01T00:00:00Z,65
http://www.wikidata.org/entity/Q158980,James Collins,Aston Villa F.C.,Premier League,2009-01-01T00:00:00Z,2012-01-01T00:00:00Z,108
http://www.wikidata.org/entity/Q158980,James Collins,West Ham United F.C.,Premier League,2012-01-01T00:00:00Z,2018-01-01T00:00:00Z,149
http://www.wikidata.org/entity/Q15963873,Thomas Partey,Atlético Madrid,La Liga,2013-01-01T00:00:00Z,2020-01-01T00:00:00Z,132
http://www.wikidata.org/entity/Q15963873,Thomas Partey,RCD Mallorca,La Liga,2013-01-01T00:00:00Z,2014-01-01T00:00:00Z,37
http://www.wikidata.org/entity/Q15963873,Thomas Partey,Arsenal F.C.,Premier League,2020-10-05T00:00:00Z,2025-07-01T00:00:00Z,130
http://www.wikidata.org/entity/Q15963873,Thomas Partey,Villarreal CF,La Liga,2025-08-01T00:00:00Z,,11
http://www.wikidata.org/entity/Q160206,Hernán Crespo,Parma Calcio 1913,Serie A,1996-01-01T00:00:00Z,2000-01-01T00:00:00Z,116
http://www.wikidata.org/entity/Q160206,Hernán Crespo,SS Lazio,Serie A,2000-01-01T00:00:00Z,2002-01-01T00:00:00Z,54
http://www.wikidata.org/entity/Q160206,Hernán Crespo,Inter Milan,Serie A,2002-01-01T00:00:00Z,2003-01-01T00:00:00Z,18
http://www.wikidata.org/entity/Q160206,Hernán Crespo,Chelsea F.C.,Premier League,2003-01-01T00:00:00Z,2008-01-01T00:00:00Z,49
http://www.wikidata.org/entity/Q160206,Hernán Crespo,AC Milan,Serie A,2004-01-01T00:00:00Z,2005-01-01T00:00:00Z,28
http://www.wikidata.org/entity/Q160206,Hernán Crespo,Inter Milan,Serie A,2006-01-01T00:00:00Z,2008-01-01T00:00:00Z,49
http://www.wikidata.org/entity/Q160206,Hernán Crespo,Inter Milan,Serie A,2008-01-01T00:00:00Z,2009-01-01T00:00:00Z,14
http://www.wikidata.org/entity/Q160206,Hernán Crespo,Genoa CFC,Serie A,2009-01-01T00:00:00Z,2010-01-01T00:00:00Z,16
http://www.wikidata.org/entity/Q160206,Hernán Crespo,Parma Calcio 1913,Serie A,2010-01-01T00:00:00Z,2012-01-01T00:00:00Z,46
http://www.wikidata.org/entity/Q160472,Marc-André ter Stegen,Borussia Mönchengladbach,Bundesliga,1996-01-01T00:00:00Z,2010-01-01T00:00:00Z,
http://www.wikidata.org/entity/Q160472,Marc-André ter Stegen,Borussia Mönchengladbach,Bundesliga,2011-01-01T00:00:00Z,2014-01-01T00:00:00Z,108
http://www.wikidata.org/entity/Q160472,Marc-André ter Stegen,Futbol Club Barcelona,La Liga,2014-01-01T00:00:00Z,,291
http://www.wikidata.org/entity/Q160472,Marc-André ter Stegen,Girona FC,La Liga,2026-01-20T00:00:00Z,,0
http://www.wikidata.org/entity/Q160808,Clemens Fritz,Bayer 04 Leverkusen,Bundesliga,2003-01-01T00:00:00Z,2006-01-01T00:00:00Z,43
http://www.wikidata.org/entity/Q160808,Clemens Fritz,SV Werder Bremen,Bundesliga,2006-01-01T00:00:00Z,2017-05-01T00:00:00Z,288
http://www.wikidata.org/entity/Q1608309,Paolo Castellini,U.S. Cremonese,Serie A,1996-01-01T00:00:00Z,2000-01-01T00:00:00Z,64
http://www.wikidata.org/entity/Q1608309,Paolo Castellini,Torino FC,Serie A,2000-01-01T00:00:00Z,2004-01-01T00:00:00Z,114
http://www.wikidata.org/entity/Q1608309,Paolo Castellini,Real Betis Balompié,La Liga,2004-01-01T00:00:00Z,2006-01-01T00:00:00Z,13
http://www.wikidata.org/entity/Q1608309,Paolo Castellini,Parma Calcio 1913,Serie A,2006-01-01T00:00:00Z,2012-01-01T00:00:00Z,136
http://www.wikidata.org/entity/Q1608309,Paolo Castellini,AS Roma,Serie A,2010-01-01T00:00:00Z,2011-01-01T00:00:00Z,8
http://www.wikidata.org/entity/Q1608309,Paolo Castellini,U.S. Cremonese,Serie A,2014-01-01T00:00:00Z,2015-01-01T00:00:00Z,23
http://www.wikidata.org/entity/Q161054,Ivan Perišić,Borussia Dortmund,Bundesliga,2011-01-01T00:00:00Z,2013-01-01T00:00:00Z,42
http://www.wikidata.org/entity/Q161054,Ivan Perišić,VfL Wolfsburg,Bundesliga,2013-01-01T00:00:00Z,2015-01-01T00:00:00Z,70
http://www.wikidata.org/entity/Q161054,Ivan Perišić,Inter Milan,Serie A,2015-01-01T00:00:00Z,2022-06-01T00:00:00Z,208
http://www.wikidata.org/entity/Q161054,Ivan Perišić,FC Bayern Munich,Bundesliga,2019-08-01T00:00:00Z,2020-08-01T00:00:00Z,22
http://www.wikidata.org/entity/Q161054,Ivan Perišić,Tottenham Hotspur F.C.,Premier League,2022-06-01T00:00:00Z,2024-07-01T00:00:00Z,39
http://www.wikidata.org/entity/Q161069,David Silva,Valencia CF,La Liga,2004-01-01T00:00:00Z,2010-01-01T00:00:00Z,119
http://www.wikidata.org/entity/Q161069,David Silva,RC Celta de Vigo,La Liga,2005-01-01T00:00:00Z,2006-01-01T00:00:00Z,34
http://www.wikidata.org/entity/Q161069,David Silva,Manchester City F.C.,Premier League,2010-01-01T00:00:00Z,2020-01-01T00:00:00Z,309
http://www.wikidata.org/entity/Q161069,David Silva,Real Sociedad,La Liga,2020-01-01T00:00:00Z,2023-07-01T00:00:00Z,74
http://www.wikidata.org/entity/Q161089,İlkay Gündoğan,Borussia Dortmund,Bundesliga,2011-01-01T00:00:00Z,2016-01-01T00:00:00Z,105
http://www.wikidata.org/entity/Q161089,İlkay Gündoğan,Manchester City F.C.,Premier League,2016-01-01T00:00:00Z,2023-06-01T00:00:00Z,188
http://www.wikidata.org/entity/Q161089,İlkay Gündoğan,Futbol Club Barcelona,La Liga,2023-07-01T00:00:00Z,2024-08-01T00:00:00Z,36
http://www.wikidata.org/entity/Q161089,İlkay Gündoğan,Manchester City F.C.,Premier League,2024-08-01T00:00:00Z,2025-09-02T00:00:00Z,33
http://www.wikidata.org/entity/Q161571,Javier Mascherano,West Ham United F.C.,Premier League,2006-01-01T00:00:00Z,2007-01-01T00:00:00Z,5
http://www.wikidata.org/entity/Q161571,Javier Mascherano,Liverpool F.C.,Premier League,2007-01-01T00:00:00Z,2010-01-01T00:00:00Z,94
http://www.wikidata.org/entity/Q161571,Javier Mascherano,Futbol Club Barcelona,La Liga,2010-01-01T00:00:00Z,2018-01-01T00:00:00Z,203
http://www.wikidata.org/entity/Q16300824,Jefferson Lerma,Levante UD,La Liga,2015-01-01T00:00:00Z,2016-01-01T00:00:00Z,33
http://www.wikidata.org/entity/Q16300824,Jefferson Lerma,Levante UD,La Liga,2016-01-01T00:00:00Z,2018-01-01T00:00:00Z,56
http://www.wikidata.org/entity/Q16300824,Jefferson Lerma,AFC Bournemouth,Premier League,2018-01-01T00:00:00Z,2023-01-01T00:00:00Z,176
http://www.wikidata.org/entity/Q16300824,Jefferson Lerma,Crystal Palace F.C.,Premier League,2023-01-01T00:00:00Z,,72
http://www.wikidata.org/entity/Q163666,Pepe Reina,Futbol Club Barcelona,La Liga,2000-01-01T00:00:00Z,2002-01-01T00:00:00Z,30
http://www.wikidata.org/entity/Q163666,Pepe Reina,Villarreal CF,La Liga,2002-01-01T00:00:00Z,2005-01-01T00:00:00Z,109
http://www.wikidata.org/entity/Q163666,Pepe Reina,Liverpool F.C.,Premier League,2005-01-01T00:00:00Z,2014-01-01T00:00:00Z,285
http://www.wikidata.org/entity/Q163666,Pepe Reina,SSC Napoli,Serie A,2013-01-01T00:00:00Z,2014-01-01T00:00:00Z,30
http://www.wikidata.org/entity/Q163666,Pepe Reina,FC Bayern Munich,Bundesliga,2014-01-01T00:00:00Z,2015-01-01T00:00:00Z,3
http://www.wikidata.org/entity/Q163666,Pepe Reina,SSC Napoli,Serie A,2015-01-01T00:00:00Z,2018-01-01T00:00:00Z,111
http://www.wikidata.org/entity/Q163666,Pepe Reina,AC Milan,Serie A,2018-01-01T00:00:00Z,2020-01-01T00:00:00Z,5
http://www.wikidata.org/entity/Q163666,Pepe Reina,Aston Villa F.C.,Premier League,2020-01-13T00:00:00Z,2020-06-30T00:00:00Z,12
http://www.wikidata.org/entity/Q163666,Pepe Reina,SS Lazio,Serie A,2020-08-27T00:00:00Z,2022-01-01T00:00:00Z,44
http://www.wikidata.org/entity/Q163666,Pepe Reina,Villarreal CF,La Liga,2022-01-01T00:00:00Z,2024-01-01T00:00:00Z,24
http://www.wikidata.org/entity/Q163666,Pepe Reina,Como 1907,Serie A,2024-07-01T00:00:00Z,2025-01-01T00:00:00Z,12
http://www.wikidata.org/entity/Q164676,Makoto Hasebe,VfL Wolfsburg,Bundesliga,2008-01-01T00:00:00Z,2013-01-01T00:00:00Z,135
http://www.wikidata.org/entity/Q164676,Makoto Hasebe,Eintracht Frankfurt,Bundesliga,2014-01-01T00:00:00Z,,209
http://www.wikidata.org/entity/Q16595441,Remo Freuler,Atalanta BC,Serie A,2016-01-01T00:00:00Z,2022-01-01T00:00:00Z,203
http://www.wikidata.org/entity/Q16595441,Remo Freuler,Nottingham Forest F.C.,Premier League,2022-01-01T00:00:00Z,2024-01-01T00:00:00Z,28
http://www.wikidata.org/entity/Q16595441,Remo Freuler,Bologna F.C. 1909,Serie A,2023-01-01T00:00:00Z,2024-01-01T00:00:00Z,32
http://www.wikidata.org/entity/Q16595441,Remo Freuler,Bologna F.C. 1909,Serie A,2024-01-01T00:00:00Z,,46
http://www.wikidata.org/entity/Q167281,Antonio Di Natale,Udinese Calcio,Serie A,2004-01-01T00:00:00Z,2016-01-01T00:00:00Z,385
http://www.wikidata.org/entity/Q1681210,James Tomkins,West Ham United F.C.,Premier League,2008-01-01T00:00:00Z,2016-01-01T00:00:00Z,208
http://www.wikidata.org/entity/Q1681210,James Tomkins,Crystal Palace F.C.,Premier League,2016-01-01T00:00:00Z,2024-01-01T00:00:00Z,125
http://www.wikidata.org/entity/Q168287,Christian Panucci,Genoa CFC,Serie A,1991-01-01T00:00:00Z,1993-01-01T00:00:00Z,31
http://www.wikidata.org/entity/Q168287,Christian Panucci,AC Milan,Serie A,1993-01-01T00:00:00Z,1997-01-01T00:00:00Z,89
http://www.wikidata.org/entity/Q168287,Christian Panucci,Real Madrid Club de Fútbol,La Liga,1997-01-01T00:00:00Z,1999-01-01T00:00:00Z,73
http://www.wikidata.org/entity/Q168287,Christian Panucci,Inter Milan,Serie A,1999-01-01T00:00:00Z,2001-01-01T00:00:00Z,26
http://www.wikidata.org/entity/Q168287,Christian Panucci,Chelsea F.C.,Premier League,2000-01-01T00:00:00Z,2001-01-01T00:00:00Z,8
http://www.wikidata.org/entity/Q168287,Christian Panucci,AS Roma,Serie A,2001-01-01T00:00:00Z,2009-01-01T00:00:00Z,229
http://www.wikidata.org/entity/Q168287,Christian Panucci,Parma Calcio 1913,Serie A,2009-01-01T00:00:00Z,2010-01-01T00:00:00Z,19
http://www.wikidata.org/entity/Q168497,Daniele De Rossi,AS Roma,Serie A,2001-01-01T00:00:00Z,2019-01-01T00:00:00Z,459
http://www.wikidata.org/entity/Q168740,Juan Mata,Valencia CF,La Liga,2007-01-01T00:00:00Z,2011-01-01T00:00:00Z,129
http://www.wikidata.org/entity/Q168740,Juan Mata,Chelsea F.C.,Premier League,2011-01-01T00:00:00Z,2014-01-01T00:00:00Z,82
http://www.wikidata.org/entity/Q168740,Juan Mata,Manchester United F.C.,Premier League,2014-01-01T00:00:00Z,2022-06-01T00:00:00Z,196
http://www.wikidata.org/entity/Q16911979,Ollie Watkins,Brentford F.C.,Premier League,2017-01-01T00:00:00Z,2020-01-01T00:00:00Z,132
http://www.wikidata.org/entity/Q16911979,Ollie Watkins,Aston Villa F.C.,Premier League,2020-01-01T00:00:00Z,http://www.wikidata.org/.well-known/genid/5cc912b00f2dfc18f37f51b66fa596fb,197
http://www.wikidata.org/entity/Q170235,Dimitar Berbatov,Bayer 04 Leverkusen,Bundesliga,2001-01-01T00:00:00Z,2001-01-01T00:00:00Z,7
http://www.wikidata.org/entity/Q170235,Dimitar Berbatov,Bayer 04 Leverkusen,Bundesliga,2001-01-01T00:00:00Z,2006-01-01T00:00:00Z,154
http://www.wikidata.org/entity/Q170235,Dimitar Berbatov,Tottenham Hotspur F.C.,Premier League,2006-01-01T00:00:00Z,2008-01-01T00:00:00Z,70
http://www.wikidata.org/entity/Q170235,Dimitar Berbatov,Manchester United F.C.,Premier League,2008-01-01T00:00:00Z,2012-01-01T00:00:00Z,108
http://www.wikidata.org/entity/Q170235,Dimitar Berbatov,Fulham F.C.,Premier League,2012-01-01T00:00:00Z,2014-01-01T00:00:00Z,51
http://www.wikidata.org/entity/Q1708466,Josetxo,Club Atlético Osasuna,La Liga,1996-01-01T00:00:00Z,2011-01-01T00:00:00Z,315
http://www.wikidata.org/entity/Q171295,Pavel Nedvěd,SS Lazio,Serie A,1995-01-01T00:00:00Z,1999-01-01T00:00:00Z,138
http://www.wikidata.org/entity/Q171295,Pavel Nedvěd,Juventus FC,Serie A,1999-01-01T00:00:00Z,2009-01-01T00:00:00Z,247
http://www.wikidata.org/entity/Q171534,Ștefan Radu,SS Lazio,Serie A,2008-01-01T00:00:00Z,2023-01-01T00:00:00Z,338
http://www.wikidata.org/entity/Q172211,Jamie Carragher,Liverpool F.C.,Premier League,1996-01-01T00:00:00Z,2013-01-01T00:00:00Z,508
http://www.wikidata.org/entity/Q172720,Daniel Alves,Sevilla FC,La Liga,2002-01-01T00:00:00Z,2008-01-01T00:00:00Z,175
http://www.wikidata.org/entity/Q172720,Daniel Alves,Futbol Club Barcelona,La Liga,2008-01-01T00:00:00Z,2016-01-01T00:00:00Z,247
http://www.wikidata.org/entity/Q172720,Daniel Alves,Juventus FC,Serie A,2016-01-01T00:00:00Z,2017-06-01T00:00:00Z,33
http://www.wikidata.org/entity/Q172720,Daniel Alves,Futbol Club Barcelona,La Liga,2022-01-01T00:00:00Z,2022-06-01T00:00:00Z,14
http://www.wikidata.org/entity/Q175303,Aaron Lennon,Leeds United F.C.,Premier League,2003-01-01T00:00:00Z,2005-01-01T00:00:00Z,38
http://www.wikidata.org/entity/Q175303,Aaron Lennon,Tottenham Hotspur F.C.,Premier League,2005-01-01T00:00:00Z,2015-01-01T00:00:00Z,266
http://www.wikidata.org/entity/Q175303,Aaron Lennon,Everton F.C.,Premier League,2015-02-01T00:00:00Z,2015-05-01T00:00:00Z,14
http://www.wikidata.org/entity/Q175303,Aaron Lennon,Everton F.C.,Premier League,2015-09-01T00:00:00Z,2018-01-01T00:00:00Z,51
http://www.wikidata.org/entity/Q175303,Aaron Lennon,Burnley F.C.,Premier League,2018-01-01T00:00:00Z,2020-01-01T00:00:00Z,46
http://www.wikidata.org/entity/Q175303,Aaron Lennon,Burnley F.C.,Premier League,2021-01-01T00:00:00Z,2022-01-01T00:00:00Z,28
http://www.wikidata.org/entity/Q1756086,Lorenzo Insigne,SSC Napoli,Serie A,2009-01-01T00:00:00Z,2022-06-01T00:00:00Z,337
http://www.wikidata.org/entity/Q17612631,Mikel Merino,Club Atlético Osasuna,La Liga,2014-01-01T00:00:00Z,2016-01-01T00:00:00Z,63
http://www.wikidata.org/entity/Q17612631,Mikel Merino,Borussia Dortmund,Bundesliga,2016-01-01T00:00:00Z,2017-01-01T00:00:00Z,8
http://www.wikidata.org/entity/Q17612631,Mikel Merino,Newcastle United F.C.,Premier League,2017-07-01T00:00:00Z,2017-10-01T00:00:00Z,7
http://www.wikidata.org/entity/Q17612631,Mikel Merino,Newcastle United F.C.,Premier League,2017-10-01T00:00:00Z,2018-01-01T00:00:00Z,17
http://www.wikidata.org/entity/Q17612631,Mikel Merino,Real Sociedad,La Liga,2018-01-01T00:00:00Z,2024-01-01T00:00:00Z,190
http://www.wikidata.org/entity/Q17612631,Mikel Merino,Arsenal F.C.,Premier League,2024-01-01T00:00:00Z,,40
http://www.wikidata.org/entity/Q177343,Mikaël Silvestre,Inter Milan,Serie A,1998-01-01T00:00:00Z,1999-01-01T00:00:00Z,18
http://www.wikidata.org/entity/Q177343,Mikaël Silvestre,Manchester United F.C.,Premier League,1999-01-01T00:00:00Z,2008-01-01T00:00:00Z,249
http://www.wikidata.org/entity/Q177343,Mikaël Silvestre,Arsenal F.C.,Premier League,2008-01-01T00:00:00Z,2010-01-01T00:00:00Z,26
http://www.wikidata.org/entity/Q177343,Mikaël Silvestre,SV Werder Bremen,Bundesliga,2010-01-01T00:00:00Z,2012-01-01T00:00:00Z,27
http://www.wikidata.org/entity/Q1783639,Antonio Prats Cervera,RCD Mallorca,La Liga,,,
http://www.wikidata.org/entity/Q1783639,Antonio Prats Cervera,RCD Mallorca,La Liga,1991-01-01T00:00:00Z,1995-01-01T00:00:00Z,85
http://www.wikidata.org/entity/Q1783639,Antonio Prats Cervera,RC Celta de Vigo,La Liga,1995-01-01T00:00:00Z,1996-01-01T00:00:00Z,41
http://www.wikidata.org/entity/Q1783639,Antonio Prats Cervera,Real Betis Balompié,La Liga,1996-01-01T00:00:00Z,2005-01-01T00:00:00Z,244
http://www.wikidata.org/entity/Q1783639,Antonio Prats Cervera,RCD Mallorca,La Liga,2005-01-01T00:00:00Z,2007-01-01T00:00:00Z,52
http://www.wikidata.org/entity/Q179773,Pedro,Futbol Club Barcelona,La Liga,2008-01-01T00:00:00Z,2015-01-01T00:00:00Z,204
http://www.wikidata.org/entity/Q179773,Pedro,Chelsea F.C.,Premier League,2015-01-01T00:00:00Z,2020-01-01T00:00:00Z,137
http://www.wikidata.org/entity/Q179773,Pedro,AS Roma,Serie A,2020-01-01T00:00:00Z,2021-01-01T00:00:00Z,27
http://www.wikidata.org/entity/Q179773,Pedro,SS Lazio,Serie A,2021-01-01T00:00:00Z,,142
http://www.wikidata.org/entity/Q18022026,Alejandro Berenguer Remiro,Club Atlético Osasuna,La Liga,2005-01-01T00:00:00Z,2014-01-01T00:00:00Z,
http://www.wikidata.org/entity/Q18022026,Alejandro Berenguer Remiro,Club Atlético Osasuna,La Liga,2014-01-01T00:00:00Z,2017-01-01T00:00:00Z,84
http://www.wikidata.org/entity/Q18022026,Alejandro Berenguer Remiro,Torino FC,Serie A,2017-01-01T00:00:00Z,2020-01-01T00:00:00Z,97
http://www.wikidata.org/entity/Q18022026,Alejandro Berenguer Remiro,Athletic Club,La Liga,2020-01-01T00:00:00Z,,222
http://www.wikidata.org/entity/Q180326,Lilian Thuram,Parma Calcio 1913,Serie A,1996-01-01T00:00:00Z,2001-01-01T00:00:00Z,163
http://www.wikidata.org/entity/Q180326,Lilian Thuram,Juventus FC,Serie A,2001-01-01T00:00:00Z,2006-01-01T00:00:00Z,144
http://www.wikidata.org/entity/Q180326,Lilian Thuram,Futbol Club Barcelona,La Liga,2006-01-01T00:00:00Z,2008-01-01T00:00:00Z,41
http://www.wikidata.org/entity/Q180553,Alexis Sánchez,Udinese Calcio,Serie A,2006-01-01T00:00:00Z,2011-01-01T00:00:00Z,95
http://www.wikidata.org/entity/Q180553,Alexis Sánchez,Futbol Club Barcelona,La Liga,2011-01-01T00:00:00Z,2014-01-01T00:00:00Z,88
http://www.wikidata.org/entity/Q180553,Alexis Sánchez,Arsenal F.C.,Premier League,2014-01-01T00:00:00Z,2018-01-22T00:00:00Z,122
http://www.wikidata.org/entity/Q180553,Alexis Sánchez,Manchester United F.C.,Premier League,2018-01-22T00:00:00Z,2020-08-01T00:00:00Z,32
http://www.wikidata.org/entity/Q180553,Alexis Sánchez,Inter Milan,Serie A,2019-08-01T00:00:00Z,2020-08-01T00:00:00Z,22
http://www.wikidata.org/entity/Q180553,Alexis Sánchez,Inter Milan,Serie A,2020-08-01T00:00:00Z,2022-08-01T00:00:00Z,57
http://www.wikidata.org/entity/Q180553,Alexis Sánchez,Inter Milan,Serie A,2023-08-01T00:00:00Z,2024-07-01T00:00:00Z,23
http://www.wikidata.org/entity/Q180553,Alexis Sánchez,Udinese Calcio,Serie A,2024-08-10T00:00:00Z,2025-08-01T00:00:00Z,13
http://www.wikidata.org/entity/Q180553,Alexis Sánchez,Sevilla FC,La Liga,2025-09-01T00:00:00Z,,7
http://www.wikidata.org/entity/Q180794,Manuel Pasqual,ACF Fiorentina,Serie A,2005-01-01T00:00:00Z,2016-01-01T00:00:00Z,302
http://www.wikidata.org/entity/Q1819086,Leonardo Colucci,SS Lazio,Serie A,1995-01-01T00:00:00Z,1995-01-01T00:00:00Z,2
http://www.wikidata.org/entity/Q1819086,Leonardo Colucci,Hellas Verona FC,Serie A,1996-01-01T00:00:00Z,2002-01-01T00:00:00Z,147
http://www.wikidata.org/entity/Q1819086,Leonardo Colucci,Bologna F.C. 1909,Serie A,2002-01-01T00:00:00Z,2006-01-01T00:00:00Z,112
http://www.wikidata.org/entity/Q1819086,Leonardo Colucci,Cagliari Calcio,Serie A,2006-01-01T00:00:00Z,2007-01-01T00:00:00Z,26
http://www.wikidata.org/entity/Q1819086,Leonardo Colucci,U.S. Cremonese,Serie A,2007-01-01T00:00:00Z,2009-01-01T00:00:00Z,33
http://www.wikidata.org/entity/Q182451,Alberto Gilardino,Hellas Verona FC,Serie A,2000-01-01T00:00:00Z,2002-01-01T00:00:00Z,39
http://www.wikidata.org/entity/Q182451,Alberto Gilardino,Parma Calcio 1913,Serie A,2002-01-01T00:00:00Z,2005-01-01T00:00:00Z,96
http://www.wikidata.org/entity/Q182451,Alberto Gilardino,AC Milan,Serie A,2005-01-01T00:00:00Z,2008-01-01T00:00:00Z,94
http://www.wikidata.org/entity/Q182451,Alberto Gilardino,ACF Fiorentina,Serie A,2008-01-01T00:00:00Z,2012-01-01T00:00:00Z,118
http://www.wikidata.org/entity/Q182451,Alberto Gilardino,Bologna F.C. 1909,Serie A,2012-01-01T00:00:00Z,2013-01-01T00:00:00Z,36
http://www.wikidata.org/entity/Q182451,Alberto Gilardino,Genoa CFC,Serie A,2012-01-01T00:00:00Z,2014-01-01T00:00:00Z,50
http://www.wikidata.org/entity/Q182451,Alberto Gilardino,ACF Fiorentina,Serie A,2015-01-01T00:00:00Z,2015-06-01T00:00:00Z,14
http://www.wikidata.org/entity/Q1825157,Hugo Mallo,RC Celta de Vigo,La Liga,2009-01-01T00:00:00Z,2023-01-01T00:00:00Z,396
http://www.wikidata.org/entity/Q182907,Gianluca Zambrotta,Como 1907,Serie A,1994-01-01T00:00:00Z,1997-01-01T00:00:00Z,48
http://www.wikidata.org/entity/Q182907,Gianluca Zambrotta,Juventus FC,Serie A,1999-01-01T00:00:00Z,2006-01-01T00:00:00Z,217
http://www.wikidata.org/entity/Q182907,Gianluca Zambrotta,Futbol Club Barcelona,La Liga,2006-01-01T00:00:00Z,2008-01-01T00:00:00Z,58
http://www.wikidata.org/entity/Q182907,Gianluca Zambrotta,AC Milan,Serie A,2008-01-01T00:00:00Z,2012-01-01T00:00:00Z,80
http://www.wikidata.org/entity/Q184277,Yaya Touré,Futbol Club Barcelona,La Liga,2007-01-01T00:00:00Z,2010-01-01T00:00:00Z,74
http://www.wikidata.org/entity/Q184277,Yaya Touré,Manchester City F.C.,Premier League,2010-01-01T00:00:00Z,2018-06-01T00:00:00Z,230
http://www.wikidata.org/entity/Q184362,Claude Makelélé,RC Celta de Vigo,La Liga,1998-01-01T00:00:00Z,2000-01-01T00:00:00Z,70
http://www.wikidata.org/entity/Q184362,Claude Makelélé,Real Madrid Club de Fútbol,La Liga,2000-01-01T00:00:00Z,2003-01-01T00:00:00Z,94
http://www.wikidata.org/entity/Q184362,Claude Makelélé,Chelsea F.C.,Premier League,2003-01-01T00:00:00Z,2008-01-01T00:00:00Z,144
http://www.wikidata.org/entity/Q184586,Gareth Bale,Tottenham Hotspur F.C.,Premier League,2007-01-01T00:00:00Z,2013-01-01T00:00:00Z,146
http://www.wikidata.org/entity/Q184586,Gareth Bale,Real Madrid Club de Fútbol,La Liga,2013-01-01T00:00:00Z,2022-06-01T00:00:00Z,176
http://www.wikidata.org/entity/Q184586,Gareth Bale,Tottenham Hotspur F.C.,Premier League,2020-01-01T00:00:00Z,2021-06-01T00:00:00Z,20
http://www.wikidata.org/entity/Q184612,Robbie Keane,Wolverhampton Wanderers F.C.,Premier League,1997-01-01T00:00:00Z,1999-01-01T00:00:00Z,73
http://www.wikidata.org/entity/Q184612,Robbie Keane,Inter Milan,Serie A,2000-01-01T00:00:00Z,2001-01-01T00:00:00Z,6
http://www.wikidata.org/entity/Q184612,Robbie Keane,Leeds United F.C.,Premier League,2001-01-01T00:00:00Z,2001-01-01T00:00:00Z,18
http://www.wikidata.org/entity/Q184612,Robbie Keane,Leeds United F.C.,Premier League,2001-01-01T00:00:00Z,2002-01-01T00:00:00Z,28
http://www.wikidata.org/entity/Q184612,Robbie Keane,Tottenham Hotspur F.C.,Premier League,2002-01-01T00:00:00Z,2008-01-01T00:00:00Z,197
http://www.wikidata.org/entity/Q184612,Robbie Keane,Liverpool F.C.,Premier League,2008-01-01T00:00:00Z,2009-01-01T00:00:00Z,19
http://www.wikidata.org/entity/Q184612,Robbie Keane,Tottenham Hotspur F.C.,Premier League,2009-01-01T00:00:00Z,2011-01-01T00:00:00Z,41
http://www.wikidata.org/entity/Q184612,Robbie Keane,West Ham United F.C.,Premier League,2011-01-30T00:00:00Z,2011-05-01T00:00:00Z,9
http://www.wikidata.org/entity/Q184612,Robbie Keane,Aston Villa F.C.,Premier League,2012-01-01T00:00:00Z,2012-01-01T00:00:00Z,6
http://www.wikidata.org/entity/Q184946,Joe Cole,West Ham United F.C.,Premier League,1998-01-01T00:00:00Z,2003-01-01T00:00:00Z,126
http://www.wikidata.org/entity/Q184946,Joe Cole,Chelsea F.C.,Premier League,2003-01-01T00:00:00Z,2010-01-01T00:00:00Z,182
http://www.wikidata.org/entity/Q184946,Joe Cole,Liverpool F.C.,Premier League,2010-01-01T00:00:00Z,2013-01-01T00:00:00Z,26
http://www.wikidata.org/entity/Q184946,Joe Cole,West Ham United F.C.,Premier League,2013-01-01T00:00:00Z,2014-01-01T00:00:00Z,31
http://www.wikidata.org/entity/Q184946,Joe Cole,Aston Villa F.C.,Premier League,2014-01-01T00:00:00Z,2016-01-01T00:00:00Z,12
http://www.wikidata.org/entity/Q185093,Jesús Navas,Sevilla FC,La Liga,2003-01-01T00:00:00Z,2013-01-01T00:00:00Z,285
http://www.wikidata.org/entity/Q185093,Jesús Navas,Manchester City F.C.,Premier League,2013-01-01T00:00:00Z,2017-01-01T00:00:00Z,123
http://www.wikidata.org/entity/Q185093,Jesús Navas,Sevilla FC,La Liga,2017-01-01T00:00:00Z,2023-01-01T00:00:00Z,231
http://www.wikidata.org/entity/Q185225,Santi Cazorla,Villarreal CF,La Liga,2003-01-01T00:00:00Z,2006-01-01T00:00:00Z,54
http://www.wikidata.org/entity/Q185225,Santi Cazorla,Villarreal CF,La Liga,2007-01-01T00:00:00Z,2011-01-01T00:00:00Z,127
http://www.wikidata.org/entity/Q185225,Santi Cazorla,Arsenal F.C.,Premier League,2012-08-08T00:00:00Z,2018-05-30T00:00:00Z,129
http://www.wikidata.org/entity/Q185225,Santi Cazorla,Villarreal CF,La Liga,2018-06-01T00:00:00Z,2020-07-01T00:00:00Z,70
http://www.wikidata.org/entity/Q185225,Santi Cazorla,Real Oviedo,La Liga,2023-08-01T00:00:00Z,,63
http://www.wikidata.org/entity/Q185389,Dennis Bergkamp,Inter Milan,Serie A,1993-01-01T00:00:00Z,1995-01-01T00:00:00Z,52
http://www.wikidata.org/entity/Q185389,Dennis Bergkamp,Arsenal F.C.,Premier League,1995-01-01T00:00:00Z,2006-01-01T00:00:00Z,315
http://www.wikidata.org/entity/Q18608497,Iñaki Williams,Athletic Club,La Liga,2012-01-01T00:00:00Z,2013-01-01T00:00:00Z,
http://www.wikidata.org/entity/Q18608497,Iñaki Williams,Athletic Club,La Liga,2015-01-01T00:00:00Z,,471
http://www.wikidata.org/entity/Q186415,Carlos Marchena,Sevilla FC,La Liga,1997-01-01T00:00:00Z,2000-01-01T00:00:00Z,68
http://www.wikidata.org/entity/Q186415,Carlos Marchena,Valencia CF,La Liga,2001-01-01T00:00:00Z,2010-01-01T00:00:00Z,230
http://www.wikidata.org/entity/Q186415,Carlos Marchena,Villarreal CF,La Liga,2010-01-01T00:00:00Z,2012-01-01T00:00:00Z,45
http://www.wikidata.org/entity/Q187159,Jordi Alba,Valencia CF,La Liga,2008-01-01T00:00:00Z,2012-01-01T00:00:00Z,74
http://www.wikidata.org/entity/Q187159,Jordi Alba,Futbol Club Barcelona,La Liga,2012-01-01T00:00:00Z,2023-06-01T00:00:00Z,313
http://www.wikidata.org/entity/Q187184,Joe Hart,Manchester City F.C.,Premier League,2006-01-01T00:00:00Z,2018-08-01T00:00:00Z,266
http://www.wikidata.org/entity/Q187184,Joe Hart,Torino FC,Serie A,2016-01-01T00:00:00Z,2017-01-01T00:00:00Z,36
http://www.wikidata.org/entity/Q187184,Joe Hart,West Ham United F.C.,Premier League,2017-07-01T00:00:00Z,2018-06-01T00:00:00Z,19
http://www.wikidata.org/entity/Q187184,Joe Hart,Burnley F.C.,Premier League,2018-08-01T00:00:00Z,2020-08-01T00:00:00Z,19
http://www.wikidata.org/entity/Q187184,Joe Hart,Tottenham Hotspur F.C.,Premier League,2020-08-18T00:00:00Z,2021-08-01T00:00:00Z,0
http://www.wikidata.org/entity/Q187891,Fernando Llorente,Athletic Club,La Liga,1996-01-01T00:00:00Z,2003-01-01T00:00:00Z,
http://www.wikidata.org/entity/Q187891,Fernando Llorente,Athletic Club,La Liga,2005-01-01T00:00:00Z,2013-01-01T00:00:00Z,262
http://www.wikidata.org/entity/Q187891,Fernando Llorente,Juventus FC,Serie A,2013-01-01T00:00:00Z,2015-01-01T00:00:00Z,66
http://www.wikidata.org/entity/Q187891,Fernando Llorente,Sevilla FC,La Liga,2015-01-01T00:00:00Z,2016-01-01T00:00:00Z,23
http://www.wikidata.org/entity/Q187891,Fernando Llorente,Tottenham Hotspur F.C.,Premier League,2017-01-01T00:00:00Z,2019-01-01T00:00:00Z,36
http://www.wikidata.org/entity/Q187891,Fernando Llorente,SSC Napoli,Serie A,2019-01-01T00:00:00Z,2020-01-01T00:00:00Z,20
http://www.wikidata.org/entity/Q187891,Fernando Llorente,Udinese Calcio,Serie A,2021-01-01T00:00:00Z,2021-01-01T00:00:00Z,14
http://www.wikidata.org/entity/Q187989,Leighton Baines,Everton F.C.,Premier League,2007-01-01T00:00:00Z,2020-07-01T00:00:00Z,348
http://www.wikidata.org/entity/Q188457,Danny Welbeck,Manchester United F.C.,Premier League,2008-01-01T00:00:00Z,2014-01-01T00:00:00Z,92
http://www.wikidata.org/entity/Q188457,Danny Welbeck,Sunderland A.F.C.,Premier League,2010-08-01T00:00:00Z,2011-01-01T00:00:00Z,26
http://www.wikidata.org/entity/Q188457,Danny Welbeck,Arsenal F.C.,Premier League,2014-01-01T00:00:00Z,2019-01-01T00:00:00Z,88
http://www.wikidata.org/entity/Q188457,Danny Welbeck,Brighton & Hove Albion F.C.,Premier League,2020-01-01T00:00:00Z,,151
http://www.wikidata.org/entity/Q188564,Massimo Ambrosini,AS Roma,Serie A,,,
http://www.wikidata.org/entity/Q188564,Massimo Ambrosini,AC Milan,Serie A,1995-01-01T00:00:00Z,2013-01-01T00:00:00Z,344
http://www.wikidata.org/entity/Q188564,Massimo Ambrosini,ACF Fiorentina,Serie A,2013-01-01T00:00:00Z,2014-01-01T00:00:00Z,21
http://www.wikidata.org/entity/Q188632,Roy Keane,Nottingham Forest F.C.,Premier League,1990-01-01T00:00:00Z,1993-01-01T00:00:00Z,114
http://www.wikidata.org/entity/Q188632,Roy Keane,Manchester United F.C.,Premier League,1993-01-01T00:00:00Z,2005-01-01T00:00:00Z,326
http://www.wikidata.org/entity/Q188696,Christian Vieri,Torino FC,Serie A,1991-01-01T00:00:00Z,1992-01-01T00:00:00Z,7
http://www.wikidata.org/entity/Q188696,Christian Vieri,Pisa SC,Serie A,1992-01-01T00:00:00Z,1993-01-01T00:00:00Z,18
http://www.wikidata.org/entity/Q188696,Christian Vieri,Atalanta BC,Serie A,1995-01-01T00:00:00Z,1996-01-01T00:00:00Z,21
http://www.wikidata.org/entity/Q188696,Christian Vieri,Juventus FC,Serie A,1996-01-01T00:00:00Z,1997-01-01T00:00:00Z,23
http://www.wikidata.org/entity/Q188696,Christian Vieri,Atlético Madrid,La Liga,1997-01-01T00:00:00Z,1998-01-01T00:00:00Z,24
http://www.wikidata.org/entity/Q188696,Christian Vieri,SS Lazio,Serie A,1998-01-01T00:00:00Z,1999-01-01T00:00:00Z,22
http://www.wikidata.org/entity/Q188696,Christian Vieri,Inter Milan,Serie A,1999-01-01T00:00:00Z,2005-01-01T00:00:00Z,143
http://www.wikidata.org/entity/Q188696,Christian Vieri,AC Milan,Serie A,2005-01-01T00:00:00Z,2006-01-01T00:00:00Z,8
http://www.wikidata.org/entity/Q188696,Christian Vieri,Atalanta BC,Serie A,2006-01-01T00:00:00Z,2007-01-01T00:00:00Z,7
http://www.wikidata.org/entity/Q188696,Christian Vieri,ACF Fiorentina,Serie A,2007-01-01T00:00:00Z,2008-01-01T00:00:00Z,26
http://www.wikidata.org/entity/Q188696,Christian Vieri,Atalanta BC,Serie A,2008-01-01T00:00:00Z,2009-01-01T00:00:00Z,9
http://www.wikidata.org/entity/Q188746,Jermain Defoe,West Ham United F.C.,Premier League,1999-01-01T00:00:00Z,2004-01-01T00:00:00Z,93
http://www.wikidata.org/entity/Q188746,Jermain Defoe,AFC Bournemouth,Premier League,2000-01-01T00:00:00Z,2001-01-01T00:00:00Z,29
http://www.wikidata.org/entity/Q188746,Jermain Defoe,Tottenham Hotspur F.C.,Premier League,2004-01-01T00:00:00Z,2008-01-01T00:00:00Z,139
http://www.wikidata.org/entity/Q188746,Jermain Defoe,Tottenham Hotspur F.C.,Premier League,2009-01-01T00:00:00Z,2014-01-01T00:00:00Z,135
http://www.wikidata.org/entity/Q188746,Jermain Defoe,Tottenham Hotspur F.C.,Premier League,2014-02-28T00:00:00Z,2014-02-28T00:00:00Z,2
http://www.wikidata.org/entity/Q188746,Jermain Defoe,Sunderland A.F.C.,Premier League,2015-01-01T00:00:00Z,2017-01-01T00:00:00Z,87
http://www.wikidata.org/entity/Q188746,Jermain Defoe,Sunderland A.F.C.,Premier League,2022-01-01T00:00:00Z,2022-01-01T00:00:00Z,7
http://www.wikidata.org/entity/Q188997,Wojciech Szczęsny,Arsenal F.C.,Premier League,2006-01-01T00:00:00Z,2017-07-01T00:00:00Z,132
http://www.wikidata.org/entity/Q188997,Wojciech Szczęsny,Brentford F.C.,Premier League,2009-01-01T00:00:00Z,2010-01-01T00:00:00Z,28
http://www.wikidata.org/entity/Q188997,Wojciech Szczęsny,AS Roma,Serie A,2015-01-01T00:00:00Z,2017-05-30T00:00:00Z,72
http://www.wikidata.org/entity/Q188997,Wojciech Szczęsny,Juventus FC,Serie A,2017-07-01T00:00:00Z,2024-06-01T00:00:00Z,200
http://www.wikidata.org/entity/Q188997,Wojciech Szczęsny,Futbol Club Barcelona,La Liga,2024-10-01T00:00:00Z,,21
http://www.wikidata.org/entity/Q189827,John Arne Riise,Liverpool F.C.,Premier League,2001-01-01T00:00:00Z,2008-01-01T00:00:00Z,234
http://www.wikidata.org/entity/Q189827,John Arne Riise,AS Roma,Serie A,2008-01-01T00:00:00Z,2011-01-01T00:00:00Z,99
http://www.wikidata.org/entity/Q189827,John Arne Riise,Fulham F.C.,Premier League,2011-01-01T00:00:00Z,2014-01-01T00:00:00Z,87
http://www.wikidata.org/entity/Q190608,Rui Costa,ACF Fiorentina,Serie A,1994-01-01T00:00:00Z,2001-01-01T00:00:00Z,215
http://www.wikidata.org/entity/Q190608,Rui Costa,AC Milan,Serie A,2001-01-01T00:00:00Z,2006-01-01T00:00:00Z,124
http://www.wikidata.org/entity/Q191136,James Milner,Leeds United F.C.,Premier League,2002-01-01T00:00:00Z,2004-01-01T00:00:00Z,48
http://www.wikidata.org/entity/Q191136,James Milner,Newcastle United F.C.,Premier League,2004-01-01T00:00:00Z,2008-01-01T00:00:00Z,94
http://www.wikidata.org/entity/Q191136,James Milner,Aston Villa F.C.,Premier League,2005-01-01T00:00:00Z,2006-01-01T00:00:00Z,27
http://www.wikidata.org/entity/Q191136,James Milner,Aston Villa F.C.,Premier League,2008-01-01T00:00:00Z,2010-01-01T00:00:00Z,73
http://www.wikidata.org/entity/Q191136,James Milner,Manchester City F.C.,Premier League,2010-01-01T00:00:00Z,2015-01-01T00:00:00Z,147
http://www.wikidata.org/entity/Q191136,James Milner,Liverpool F.C.,Premier League,2015-01-01T00:00:00Z,2023-06-01T00:00:00Z,230
http://www.wikidata.org/entity/Q191136,James Milner,Brighton & Hove Albion F.C.,Premier League,2023-07-01T00:00:00Z,,26
http://www.wikidata.org/entity/Q191855,Gareth Barry,Aston Villa F.C.,Premier League,1998-01-01T00:00:00Z,2009-01-01T00:00:00Z,365
http://www.wikidata.org/entity/Q191855,Gareth Barry,Manchester City F.C.,Premier League,2009-01-01T00:00:00Z,2014-01-01T00:00:00Z,132
http://www.wikidata.org/entity/Q191855,Gareth Barry,Everton F.C.,Premier League,2013-01-01T00:00:00Z,2014-01-01T00:00:00Z,32
http://www.wikidata.org/entity/Q191855,Gareth Barry,Everton F.C.,Premier League,2014-01-01T00:00:00Z,2017-01-01T00:00:00Z,99
http://www.wikidata.org/entity/Q192122,Esteban Cambiasso,Real Madrid Club de Fútbol,La Liga,2002-01-01T00:00:00Z,2004-01-01T00:00:00Z,41
http://www.wikidata.org/entity/Q192122,Esteban Cambiasso,Inter Milan,Serie A,2004-01-01T00:00:00Z,2014-01-01T00:00:00Z,315
http://www.wikidata.org/entity/Q192505,Mirko Vučinić,US Lecce,Serie A,2000-01-01T00:00:00Z,2006-01-01T00:00:00Z,111
http://www.wikidata.org/entity/Q192505,Mirko Vučinić,AS Roma,Serie A,2006-01-01T00:00:00Z,2011-01-01T00:00:00Z,147
http://www.wikidata.org/entity/Q192505,Mirko Vučinić,Juventus FC,Serie A,2011-01-01T00:00:00Z,2014-01-01T00:00:00Z,75
http://www.wikidata.org/entity/Q192640,Dejan Stanković,SS Lazio,Serie A,1998-01-01T00:00:00Z,2004-01-01T00:00:00Z,137
http://www.wikidata.org/entity/Q192640,Dejan Stanković,Inter Milan,Serie A,2004-01-01T00:00:00Z,2013-01-01T00:00:00Z,231
http://www.wikidata.org/entity/Q192671,Arturo Vidal,Juventus FC,Serie A,2011-01-01T00:00:00Z,2015-01-01T00:00:00Z,124
http://www.wikidata.org/entity/Q192671,Arturo Vidal,FC Bayern Munich,Bundesliga,2015-01-01T00:00:00Z,2018-01-01T00:00:00Z,79
http://www.wikidata.org/entity/Q192671,Arturo Vidal,Futbol Club Barcelona,La Liga,2018-01-01T00:00:00Z,2020-09-01T00:00:00Z,66
http://www.wikidata.org/entity/Q192671,Arturo Vidal,Inter Milan,Serie A,2020-09-01T00:00:00Z,2022-07-01T00:00:00Z,51
http://www.wikidata.org/entity/Q192840,Sami Hyypiä,Liverpool F.C.,Premier League,1999-01-01T00:00:00Z,2009-01-01T00:00:00Z,464
http://www.wikidata.org/entity/Q192840,Sami Hyypiä,Bayer 04 Leverkusen,Bundesliga,2009-01-01T00:00:00Z,2011-01-01T00:00:00Z,53
http://www.wikidata.org/entity/Q192923,Sokratis Papastathopoulos,Genoa CFC,Serie A,2008-01-01T00:00:00Z,2010-01-01T00:00:00Z,51
http://www.wikidata.org/entity/Q192923,Sokratis Papastathopoulos,AC Milan,Serie A,2010-01-01T00:00:00Z,2012-01-01T00:00:00Z,5
http://www.wikidata.org/entity/Q192923,Sokratis Papastathopoulos,Genoa CFC,Serie A,2011-01-01T00:00:00Z,2011-01-01T00:00:00Z,0
http://www.wikidata.org/entity/Q192923,Sokratis Papastathopoulos,SV Werder Bremen,Bundesliga,2011-01-01T00:00:00Z,2012-01-01T00:00:00Z,30
http://www.wikidata.org/entity/Q192923,Sokratis Papastathopoulos,SV Werder Bremen,Bundesliga,2012-01-01T00:00:00Z,2013-01-01T00:00:00Z,29
http://www.wikidata.org/entity/Q192923,Sokratis Papastathopoulos,Borussia Dortmund,Bundesliga,2013-01-01T00:00:00Z,2018-06-30T00:00:00Z,130
http://www.wikidata.org/entity/Q192923,Sokratis Papastathopoulos,Arsenal F.C.,Premier League,2018-07-02T00:00:00Z,2021-01-20T00:00:00Z,44
http://www.wikidata.org/entity/Q192923,Sokratis Papastathopoulos,Real Betis Balompié,La Liga,2023-01-01T00:00:00Z,2024-01-01T00:00:00Z,15
http://www.wikidata.org/entity/Q193702,Walter Samuel,AS Roma,Serie A,2000-01-01T00:00:00Z,2004-01-01T00:00:00Z,122
http://www.wikidata.org/entity/Q193702,Walter Samuel,Real Madrid Club de Fútbol,La Liga,2004-01-01T00:00:00Z,2005-01-01T00:00:00Z,30
http://www.wikidata.org/entity/Q193702,Walter Samuel,Inter Milan,Serie A,2005-01-01T00:00:00Z,2014-01-01T00:00:00Z,169
http://www.wikidata.org/entity/Q194461,Guti,Real Madrid Club de Fútbol,La Liga,1995-01-01T00:00:00Z,2010-01-01T00:00:00Z,387
http://www.wikidata.org/entity/Q196219,Henrikh Mkhitaryan,Borussia Dortmund,Bundesliga,2013-01-01T00:00:00Z,2016-01-01T00:00:00Z,90
http://www.wikidata.org/entity/Q196219,Henrikh Mkhitaryan,Manchester United F.C.,Premier League,2016-01-01T00:00:00Z,2018-01-01T00:00:00Z,39
http://www.wikidata.org/entity/Q196219,Henrikh Mkhitaryan,Arsenal F.C.,Premier League,2018-01-22T00:00:00Z,2020-08-31T00:00:00Z,39
http://www.wikidata.org/entity/Q196219,Henrikh Mkhitaryan,AS Roma,Serie A,2019-09-02T00:00:00Z,2020-08-31T00:00:00Z,22
http://www.wikidata.org/entity/Q196219,Henrikh Mkhitaryan,AS Roma,Serie A,2020-09-01T00:00:00Z,2022-06-30T00:00:00Z,65
http://www.wikidata.org/entity/Q196219,Henrikh Mkhitaryan,Inter Milan,Serie A,2022-07-01T00:00:00Z,,106
http://www.wikidata.org/entity/Q1974908,Neil Young,Tottenham Hotspur F.C.,Premier League,1991-01-01T00:00:00Z,1994-01-01T00:00:00Z,0
http://www.wikidata.org/entity/Q1974908,Neil Young,AFC Bournemouth,Premier League,1994-01-01T00:00:00Z,2008-01-01T00:00:00Z,430
http://www.wikidata.org/entity/Q1984844,Diego De Ascentis,Como 1907,Serie A,1995-01-01T00:00:00Z,1996-01-01T00:00:00Z,31
http://www.wikidata.org/entity/Q1984844,Diego De Ascentis,AC Milan,Serie A,1999-01-01T00:00:00Z,2000-01-01T00:00:00Z,19
http://www.wikidata.org/entity/Q1984844,Diego De Ascentis,Torino FC,Serie A,2000-01-01T00:00:00Z,2005-01-01T00:00:00Z,167
http://www.wikidata.org/entity/Q1984844,Diego De Ascentis,Torino FC,Serie A,2006-01-01T00:00:00Z,2007-01-01T00:00:00Z,30
http://www.wikidata.org/entity/Q1984844,Diego De Ascentis,Atalanta BC,Serie A,2007-01-01T00:00:00Z,2010-01-01T00:00:00Z,65
http://www.wikidata.org/entity/Q2001939,Patricio Toranzo,Futbol Club Barcelona,La Liga,2005-01-01T00:00:00Z,2010-01-01T00:00:00Z,300
http://www.wikidata.org/entity/Q200785,Tim Howard,Manchester United F.C.,Premier League,2003-01-01T00:00:00Z,2007-01-01T00:00:00Z,45
http://www.wikidata.org/entity/Q200785,Tim Howard,Everton F.C.,Premier League,2006-01-01T00:00:00Z,2007-01-01T00:00:00Z,25
http://www.wikidata.org/entity/Q200785,Tim Howard,Everton F.C.,Premier League,2007-01-01T00:00:00Z,2016-01-01T00:00:00Z,329
http://www.wikidata.org/entity/Q20090225,Nicolò Barella,Cagliari Calcio,Serie A,2014-01-01T00:00:00Z,2020-01-01T00:00:00Z,105
http://www.wikidata.org/entity/Q20090225,Nicolò Barella,Como 1907,Serie A,2016-01-01T00:00:00Z,2016-01-01T00:00:00Z,16
http://www.wikidata.org/entity/Q20090225,Nicolò Barella,Inter Milan,Serie A,2019-01-01T00:00:00Z,2020-01-01T00:00:00Z,27
http://www.wikidata.org/entity/Q20090225,Nicolò Barella,Inter Milan,Serie A,2020-01-01T00:00:00Z,,188
http://www.wikidata.org/entity/Q201752,Javi Martínez,Club Atlético Osasuna,La Liga,2001-01-01T00:00:00Z,2005-01-01T00:00:00Z,
http://www.wikidata.org/entity/Q201752,Javi Martínez,Athletic Club,La Liga,2006-01-01T00:00:00Z,2012-01-01T00:00:00Z,201
http://www.wikidata.org/entity/Q201752,Javi Martínez,FC Bayern Munich,Bundesliga,2012-01-01T00:00:00Z,2021-01-01T00:00:00Z,165
http://www.wikidata.org/entity/Q201825,Marek Hamšík,SSC Napoli,Serie A,2007-01-01T00:00:00Z,2019-02-01T00:00:00Z,408
http://www.wikidata.org/entity/Q2049205,Cristóbal Parralo,Futbol Club Barcelona,La Liga,1987-01-01T00:00:00Z,1992-01-01T00:00:00Z,
http://www.wikidata.org/entity/Q2049205,Cristóbal Parralo,Real Oviedo,La Liga,1988-01-01T00:00:00Z,1989-01-01T00:00:00Z,28
http://www.wikidata.org/entity/Q2049205,Cristóbal Parralo,Real Oviedo,La Liga,1992-01-01T00:00:00Z,1995-01-01T00:00:00Z,109
http://www.wikidata.org/entity/Q2049205,Cristóbal Parralo,RCD Espanyol de Barcelona,La Liga,1995-01-01T00:00:00Z,2001-01-01T00:00:00Z,214
http://www.wikidata.org/entity/Q205188,Nicolás Burdisso,Inter Milan,Serie A,2004-01-01T00:00:00Z,2009-01-01T00:00:00Z,93
http://www.wikidata.org/entity/Q205188,Nicolás Burdisso,AS Roma,Serie A,2009-01-01T00:00:00Z,2014-01-01T00:00:00Z,101
http://www.wikidata.org/entity/Q205188,Nicolás Burdisso,Genoa CFC,Serie A,2014-01-01T00:00:00Z,2017-01-01T00:00:00Z,108
http://www.wikidata.org/entity/Q205188,Nicolás Burdisso,Torino FC,Serie A,2017-08-31T00:00:00Z,2018-06-01T00:00:00Z,24
http://www.wikidata.org/entity/Q2058682,Jan Oblak,Atlético Madrid,La Liga,2014-07-17T00:00:00Z,http://www.wikidata.org/.well-known/genid/596d2ce6f81cec0bf31ba0a12be88af9,381
http://www.wikidata.org/entity/Q206548,Robbie Fowler,Liverpool F.C.,Premier League,1993-01-01T00:00:00Z,2001-01-01T00:00:00Z,236
http://www.wikidata.org/entity/Q206548,Robbie Fowler,Leeds United F.C.,Premier League,2001-01-01T00:00:00Z,2003-01-01T00:00:00Z,30
http://www.wikidata.org/entity/Q206548,Robbie Fowler,Manchester City F.C.,Premier League,2003-01-01T00:00:00Z,2006-01-01T00:00:00Z,80
http://www.wikidata.org/entity/Q206548,Robbie Fowler,Liverpool F.C.,Premier League,2006-01-01T00:00:00Z,2007-01-01T00:00:00Z,30
http://www.wikidata.org/entity/Q208050,Leonardo Bonucci,Inter Milan,Serie A,2005-01-01T00:00:00Z,2009-01-01T00:00:00Z,1
http://www.wikidata.org/entity/Q208050,Leonardo Bonucci,Pisa SC,Serie A,2009-01-01T00:00:00Z,2009-01-01T00:00:00Z,18
http://www.wikidata.org/entity/Q208050,Leonardo Bonucci,Genoa CFC,Serie A,2009-07-01T00:00:00Z,2009-07-02T00:00:00Z,0
http://www.wikidata.org/entity/Q208050,Leonardo Bonucci,Juventus FC,Serie A,2010-01-01T00:00:00Z,2017-07-01T00:00:00Z,227
http://www.wikidata.org/entity/Q208050,Leonardo Bonucci,AC Milan,Serie A,2017-07-01T00:00:00Z,2018-08-01T00:00:00Z,35
http://www.wikidata.org/entity/Q208050,Leonardo Bonucci,Juventus FC,Serie A,2018-08-01T00:00:00Z,2023-09-01T00:00:00Z,130
http://www.wikidata.org/entity/Q208050,Leonardo Bonucci,1. FC Union Berlin,Bundesliga,2023-09-01T00:00:00Z,2024-01-11T00:00:00Z,7
http://www.wikidata.org/entity/Q208087,Jonás Gutiérrez,RCD Mallorca,La Liga,2005-01-01T00:00:00Z,2008-01-01T00:00:00Z,104
http://www.wikidata.org/entity/Q208087,Jonás Gutiérrez,Newcastle United F.C.,Premier League,2008-01-01T00:00:00Z,2015-01-01T00:00:00Z,205
http://www.wikidata.org/entity/Q208104,Xabi Alonso,Real Sociedad,La Liga,2000-01-01T00:00:00Z,2004-01-01T00:00:00Z,114
http://www.wikidata.org/entity/Q208104,Xabi Alonso,Liverpool F.C.,Premier League,2004-01-01T00:00:00Z,2009-01-01T00:00:00Z,143
http://www.wikidata.org/entity/Q208104,Xabi Alonso,Real Madrid Club de Fútbol,La Liga,2009-01-01T00:00:00Z,2014-01-01T00:00:00Z,158
http://www.wikidata.org/entity/Q208104,Xabi Alonso,FC Bayern Munich,Bundesliga,2014-01-01T00:00:00Z,2017-01-01T00:00:00Z,79
http://www.wikidata.org/entity/Q2081238,Javier Olaizola,RCD Mallorca,La Liga,1995-01-01T00:00:00Z,2004-01-01T00:00:00Z,333
http://www.wikidata.org/entity/Q208586,Stephan Lichtsteiner,SS Lazio,Serie A,2008-01-01T00:00:00Z,2011-01-01T00:00:00Z,100
http://www.wikidata.org/entity/Q208586,Stephan Lichtsteiner,Juventus FC,Serie A,2011-01-01T00:00:00Z,2018-05-30T00:00:00Z,201
http://www.wikidata.org/entity/Q208586,Stephan Lichtsteiner,Arsenal F.C.,Premier League,2018-06-05T00:00:00Z,2019-06-30T00:00:00Z,14
http://www.wikidata.org/entity/Q208933,Phil Jagielka,Everton F.C.,Premier League,2007-01-01T00:00:00Z,2019-01-01T00:00:00Z,322
http://www.wikidata.org/entity/Q210914,Juanfran Torres,Real Madrid Club de Fútbol,La Liga,2004-01-01T00:00:00Z,2006-01-01T00:00:00Z,6
http://www.wikidata.org/entity/Q210914,Juanfran Torres,RCD Espanyol de Barcelona,La Liga,2005-01-01T00:00:00Z,2006-01-01T00:00:00Z,30
http://www.wikidata.org/entity/Q210914,Juanfran Torres,Club Atlético Osasuna,La Liga,2006-01-01T00:00:00Z,2011-01-01T00:00:00Z,148
http://www.wikidata.org/entity/Q210914,Juanfran Torres,Atlético Madrid,La Liga,2011-01-01T00:00:00Z,2019-06-01T00:00:00Z,243
http://www.wikidata.org/entity/Q21091691,Alex Iwobi,Arsenal F.C.,Premier League,2015-07-01T00:00:00Z,2019-08-08T00:00:00Z,100
http://www.wikidata.org/entity/Q21091691,Alex Iwobi,Everton F.C.,Premier League,2019-08-08T00:00:00Z,2023-01-01T00:00:00Z,123
http://www.wikidata.org/entity/Q21091691,Alex Iwobi,Fulham F.C.,Premier League,2023-01-01T00:00:00Z,,84
http://www.wikidata.org/entity/Q211120,Thomas Sørensen,Sunderland A.F.C.,Premier League,1998-01-01T00:00:00Z,2003-01-01T00:00:00Z,171
http://www.wikidata.org/entity/Q211120,Thomas Sørensen,Aston Villa F.C.,Premier League,2003-01-01T00:00:00Z,2008-01-01T00:00:00Z,139
http://www.wikidata.org/entity/Q21130285,Marcos Llorente,Futbol Club Barcelona,La Liga,2010-01-01T00:00:00Z,2014-01-01T00:00:00Z,1000
http://www.wikidata.org/entity/Q21130285,Marcos Llorente,Atlético Madrid,La Liga,2014-01-01T00:00:00Z,,
http://www.wikidata.org/entity/Q211451,Aleksandar Kolarov,SS Lazio,Serie A,2007-01-01T00:00:00Z,2010-01-01T00:00:00Z,82
http://www.wikidata.org/entity/Q211451,Aleksandar Kolarov,Manchester City F.C.,Premier League,2010-01-01T00:00:00Z,2017-01-01T00:00:00Z,165
http://www.wikidata.org/entity/Q211451,Aleksandar Kolarov,AS Roma,Serie A,2017-01-01T00:00:00Z,2020-01-01T00:00:00Z,100
http://www.wikidata.org/entity/Q211451,Aleksandar Kolarov,Inter Milan,Serie A,2020-01-01T00:00:00Z,2022-01-01T00:00:00Z,10
http://www.wikidata.org/entity/Q21195147,Mikel Oyarzabal,Real Sociedad,La Liga,2011-01-01T00:00:00Z,2015-01-01T00:00:00Z,
http://www.wikidata.org/entity/Q21195147,Mikel Oyarzabal,Real Sociedad,La Liga,2015-01-01T00:00:00Z,,327
http://www.wikidata.org/entity/Q212223,Andrés Palop,Valencia CF,La Liga,1997-01-01T00:00:00Z,2005-01-01T00:00:00Z,43
http://www.wikidata.org/entity/Q212223,Andrés Palop,Villarreal CF,La Liga,1997-01-01T00:00:00Z,1999-01-01T00:00:00Z,74
http://www.wikidata.org/entity/Q212223,Andrés Palop,Sevilla FC,La Liga,2005-01-01T00:00:00Z,2013-01-01T00:00:00Z,217
http://www.wikidata.org/entity/Q212223,Andrés Palop,Bayer 04 Leverkusen,Bundesliga,2013-01-01T00:00:00Z,2014-01-01T00:00:00Z,0
http://www.wikidata.org/entity/Q213002,Samir Handanović,Udinese Calcio,Serie A,2004-01-01T00:00:00Z,2012-01-01T00:00:00Z,182
http://www.wikidata.org/entity/Q213002,Samir Handanović,SS Lazio,Serie A,2006-01-01T00:00:00Z,2006-06-01T00:00:00Z,1
http://www.wikidata.org/entity/Q213002,Samir Handanović,Inter Milan,Serie A,2012-01-01T00:00:00Z,2023-06-01T00:00:00Z,380
http://www.wikidata.org/entity/Q213102,Christian Maggio,ACF Fiorentina,Serie A,2003-01-01T00:00:00Z,2006-01-01T00:00:00Z,56
http://www.wikidata.org/entity/Q213102,Christian Maggio,SSC Napoli,Serie A,2008-01-01T00:00:00Z,2018-01-01T00:00:00Z,233
http://www.wikidata.org/entity/Q213102,Christian Maggio,US Lecce,Serie A,2021-02-01T00:00:00Z,2021-06-01T00:00:00Z,17
http://www.wikidata.org/entity/Q213427,Aaron Ramsey,Arsenal F.C.,Premier League,2008-06-13T00:00:00Z,2019-06-30T00:00:00Z,262
http://www.wikidata.org/entity/Q213427,Aaron Ramsey,Nottingham Forest F.C.,Premier League,2010-11-25T00:00:00Z,2011-01-03T00:00:00Z,5
http://www.wikidata.org/entity/Q213427,Aaron Ramsey,Juventus FC,Serie A,2019-07-01T00:00:00Z,2022-07-26T00:00:00Z,49
http://www.wikidata.org/entity/Q213989,Scott Parker,Chelsea F.C.,Premier League,2004-01-01T00:00:00Z,2005-01-01T00:00:00Z,15
http://www.wikidata.org/entity/Q213989,Scott Parker,Newcastle United F.C.,Premier League,2005-01-01T00:00:00Z,2007-01-01T00:00:00Z,55
http://www.wikidata.org/entity/Q213989,Scott Parker,West Ham United F.C.,Premier League,2007-01-01T00:00:00Z,2011-01-01T00:00:00Z,113
http://www.wikidata.org/entity/Q213989,Scott Parker,Tottenham Hotspur F.C.,Premier League,2011-01-01T00:00:00Z,2013-01-01T00:00:00Z,50
http://www.wikidata.org/entity/Q213989,Scott Parker,Fulham F.C.,Premier League,2013-01-01T00:00:00Z,2017-01-01T00:00:00Z,119
http://www.wikidata.org/entity/Q2144303,Antonio Jiménez Sistachs,Futbol Club Barcelona,La Liga,1991-01-01T00:00:00Z,1992-01-01T00:00:00Z,0
http://www.wikidata.org/entity/Q2144303,Antonio Jiménez Sistachs,Rayo Vallecano,La Liga,1992-01-01T00:00:00Z,1993-01-01T00:00:00Z,13
http://www.wikidata.org/entity/Q2144303,Antonio Jiménez Sistachs,RCD Espanyol de Barcelona,La Liga,1993-01-01T00:00:00Z,1999-01-01T00:00:00Z,221
http://www.wikidata.org/entity/Q2144303,Antonio Jiménez Sistachs,Atlético Madrid,La Liga,1999-01-01T00:00:00Z,2002-01-01T00:00:00Z,43
http://www.wikidata.org/entity/Q2144303,Antonio Jiménez Sistachs,Elche CF,La Liga,2002-01-01T00:00:00Z,2003-01-01T00:00:00Z,18
http://www.wikidata.org/entity/Q2144303,Antonio Jiménez Sistachs,RCD Espanyol de Barcelona,La Liga,2003-01-01T00:00:00Z,2004-01-01T00:00:00Z,29
http://www.wikidata.org/entity/Q214734,Sol Campbell,West Ham United F.C.,Premier League,,,
http://www.wikidata.org/entity/Q214734,Sol Campbell,Tottenham Hotspur F.C.,Premier League,1992-01-01T00:00:00Z,2001-01-01T00:00:00Z,255
http://www.wikidata.org/entity/Q214734,Sol Campbell,Arsenal F.C.,Premier League,2001-01-01T00:00:00Z,2006-01-01T00:00:00Z,135
http://www.wikidata.org/entity/Q214734,Sol Campbell,Arsenal F.C.,Premier League,2010-01-01T00:00:00Z,2010-01-01T00:00:00Z,11
http://www.wikidata.org/entity/Q214734,Sol Campbell,Newcastle United F.C.,Premier League,2010-01-01T00:00:00Z,2011-01-01T00:00:00Z,7
http://www.wikidata.org/entity/Q21484126,Lautaro Martínez,Inter Milan,Serie A,2018-01-01T00:00:00Z,,466
http://www.wikidata.org/entity/Q214903,Diego Godín,Villarreal CF,La Liga,2007-01-01T00:00:00Z,2010-01-01T00:00:00Z,91
http://www.wikidata.org/entity/Q214903,Diego Godín,Atlético Madrid,La Liga,2010-01-01T00:00:00Z,2019-06-01T00:00:00Z,277
http://www.wikidata.org/entity/Q214903,Diego Godín,Inter Milan,Serie A,2019-07-01T00:00:00Z,2020-09-01T00:00:00Z,23
http://www.wikidata.org/entity/Q214903,Diego Godín,Cagliari Calcio,Serie A,2020-09-01T00:00:00Z,2022-01-01T00:00:00Z,39
http://www.wikidata.org/entity/Q215812,Shay Given,Sunderland A.F.C.,Premier League,1996-01-01T00:00:00Z,1996-01-01T00:00:00Z,17
http://www.wikidata.org/entity/Q215812,Shay Given,Newcastle United F.C.,Premier League,1997-01-01T00:00:00Z,2009-01-01T00:00:00Z,354
http://www.wikidata.org/entity/Q215812,Shay Given,Manchester City F.C.,Premier League,2009-01-01T00:00:00Z,2011-01-01T00:00:00Z,50
http://www.wikidata.org/entity/Q215812,Shay Given,Aston Villa F.C.,Premier League,2011-01-01T00:00:00Z,2015-01-01T00:00:00Z,37
http://www.wikidata.org/entity/Q215841,Joleon Lescott,Wolverhampton Wanderers F.C.,Premier League,2000-01-01T00:00:00Z,2006-01-01T00:00:00Z,212
http://www.wikidata.org/entity/Q215841,Joleon Lescott,Everton F.C.,Premier League,2006-01-01T00:00:00Z,2009-01-01T00:00:00Z,113
http://www.wikidata.org/entity/Q215841,Joleon Lescott,Manchester City F.C.,Premier League,2009-01-01T00:00:00Z,2014-01-01T00:00:00Z,107
http://www.wikidata.org/entity/Q215841,Joleon Lescott,Aston Villa F.C.,Premier League,2015-01-01T00:00:00Z,2016-01-01T00:00:00Z,30
http://www.wikidata.org/entity/Q215841,Joleon Lescott,Sunderland A.F.C.,Premier League,2017-01-01T00:00:00Z,2017-01-01T00:00:00Z,2
http://www.wikidata.org/entity/Q215952,Emerson,Bayer 04 Leverkusen,Bundesliga,1997-01-01T00:00:00Z,2000-01-01T00:00:00Z,82
http://www.wikidata.org/entity/Q215952,Emerson,AS Roma,Serie A,2000-01-01T00:00:00Z,2004-01-01T00:00:00Z,105
http://www.wikidata.org/entity/Q215952,Emerson,Juventus FC,Serie A,2004-01-01T00:00:00Z,2006-01-01T00:00:00Z,67
http://www.wikidata.org/entity/Q215952,Emerson,Real Madrid Club de Fútbol,La Liga,2006-01-01T00:00:00Z,2007-01-01T00:00:00Z,28
http://www.wikidata.org/entity/Q215952,Emerson,AC Milan,Serie A,2007-01-01T00:00:00Z,2009-01-01T00:00:00Z,27
http://www.wikidata.org/entity/Q216614,Alan Smith,Leeds United F.C.,Premier League,1998-01-01T00:00:00Z,2004-01-01T00:00:00Z,172
http://www.wikidata.org/entity/Q216614,Alan Smith,Manchester United F.C.,Premier League,2004-01-01T00:00:00Z,2007-01-01T00:00:00Z,61
http://www.wikidata.org/entity/Q216614,Alan Smith,Newcastle United F.C.,Premier League,2007-01-01T00:00:00Z,2012-01-01T00:00:00Z,84
http://www.wikidata.org/entity/Q216816,Míchel Salgado,RC Celta de Vigo,La Liga,1995-01-01T00:00:00Z,1999-01-01T00:00:00Z,92
http://www.wikidata.org/entity/Q216816,Míchel Salgado,Real Madrid Club de Fútbol,La Liga,1999-01-01T00:00:00Z,2009-01-01T00:00:00Z,254
http://www.wikidata.org/entity/Q216928,Andy Cole,Arsenal F.C.,Premier League,1989-01-01T00:00:00Z,1992-01-01T00:00:00Z,1
http://www.wikidata.org/entity/Q216928,Andy Cole,Fulham F.C.,Premier League,1991-01-01T00:00:00Z,1991-01-01T00:00:00Z,13
http://www.wikidata.org/entity/Q216928,Andy Cole,Newcastle United F.C.,Premier League,1993-01-01T00:00:00Z,1995-01-01T00:00:00Z,70
http://www.wikidata.org/entity/Q216928,Andy Cole,Manchester United F.C.,Premier League,1995-01-01T00:00:00Z,2001-01-01T00:00:00Z,195
http://www.wikidata.org/entity/Q216928,Andy Cole,Fulham F.C.,Premier League,2004-01-01T00:00:00Z,2005-01-01T00:00:00Z,31
http://www.wikidata.org/entity/Q216928,Andy Cole,Manchester City F.C.,Premier League,2005-01-01T00:00:00Z,2006-01-01T00:00:00Z,22
http://www.wikidata.org/entity/Q216928,Andy Cole,Sunderland A.F.C.,Premier League,2007-01-01T00:00:00Z,2008-01-01T00:00:00Z,7
http://www.wikidata.org/entity/Q216928,Andy Cole,Burnley F.C.,Premier League,2008-01-01T00:00:00Z,2008-01-01T00:00:00Z,13
http://www.wikidata.org/entity/Q216928,Andy Cole,Nottingham Forest F.C.,Premier League,2008-01-01T00:00:00Z,2008-01-01T00:00:00Z,10
http://www.wikidata.org/entity/Q217389,Valon Behrami,Genoa CFC,Serie A,2003-01-01T00:00:00Z,2005-01-01T00:00:00Z,24
http://www.wikidata.org/entity/Q217389,Valon Behrami,Hellas Verona FC,Serie A,2004-01-01T00:00:00Z,2005-01-01T00:00:00Z,33
http://www.wikidata.org/entity/Q217389,Valon Behrami,SS Lazio,Serie A,2005-01-01T00:00:00Z,2008-01-01T00:00:00Z,65
http://www.wikidata.org/entity/Q217389,Valon Behrami,West Ham United F.C.,Premier League,2008-01-01T00:00:00Z,2011-01-01T00:00:00Z,58
http://www.wikidata.org/entity/Q217389,Valon Behrami,ACF Fiorentina,Serie A,2011-01-01T00:00:00Z,2012-01-01T00:00:00Z,48
http://www.wikidata.org/entity/Q217389,Valon Behrami,SSC Napoli,Serie A,2012-01-01T00:00:00Z,2014-01-01T00:00:00Z,54
http://www.wikidata.org/entity/Q217389,Valon Behrami,Hamburger SV,Bundesliga,2014-01-01T00:00:00Z,2015-01-01T00:00:00Z,22
http://www.wikidata.org/entity/Q217389,Valon Behrami,Udinese Calcio,Serie A,2017-08-01T00:00:00Z,2019-07-01T00:00:00Z,39
http://www.wikidata.org/entity/Q217389,Valon Behrami,Genoa CFC,Serie A,2020-01-01T00:00:00Z,2022-01-01T00:00:00Z,53
http://www.wikidata.org/entity/Q218063,Phil Neville,Manchester United F.C.,Premier League,1995-01-01T00:00:00Z,2005-01-01T00:00:00Z,263
http://www.wikidata.org/entity/Q218063,Phil Neville,Everton F.C.,Premier League,2005-01-01T00:00:00Z,2013-01-01T00:00:00Z,242
http://www.wikidata.org/entity/Q218394,Frédéric Kanouté,West Ham United F.C.,Premier League,2000-01-01T00:00:00Z,2003-01-01T00:00:00Z,84
http://www.wikidata.org/entity/Q218394,Frédéric Kanouté,Tottenham Hotspur F.C.,Premier League,2003-01-01T00:00:00Z,2005-01-01T00:00:00Z,60
http://www.wikidata.org/entity/Q218394,Frédéric Kanouté,Sevilla FC,La Liga,2005-01-01T00:00:00Z,2012-01-01T00:00:00Z,209
http://www.wikidata.org/entity/Q218401,Roberto Soldado,Real Madrid Club de Fútbol,La Liga,2006-01-01T00:00:00Z,2008-01-01T00:00:00Z,16
http://www.wikidata.org/entity/Q218401,Roberto Soldado,Club Atlético Osasuna,La Liga,2006-01-01T00:00:00Z,2007-01-01T00:00:00Z,30
http://www.wikidata.org/entity/Q218401,Roberto Soldado,Getafe CF,La Liga,2008-01-01T00:00:00Z,2010-01-01T00:00:00Z,60
http://www.wikidata.org/entity/Q218401,Roberto Soldado,Valencia CF,La Liga,2010-01-01T00:00:00Z,2013-01-01T00:00:00Z,101
http://www.wikidata.org/entity/Q218401,Roberto Soldado,Tottenham Hotspur F.C.,Premier League,2013-01-01T00:00:00Z,2015-01-01T00:00:00Z,52
http://www.wikidata.org/entity/Q218401,Roberto Soldado,Villarreal CF,La Liga,2015-01-01T00:00:00Z,2017-01-01T00:00:00Z,38
http://www.wikidata.org/entity/Q218401,Roberto Soldado,Villarreal CF,La Liga,2017-01-01T00:00:00Z,2017-01-01T00:00:00Z,38
http://www.wikidata.org/entity/Q218401,Roberto Soldado,Levante UD,La Liga,2021-01-01T00:00:00Z,2023-01-01T00:00:00Z,43
http://www.wikidata.org/entity/Q219389,Giampaolo Pazzini,Atalanta BC,Serie A,2003-01-01T00:00:00Z,2005-01-01T00:00:00Z,51
http://www.wikidata.org/entity/Q219389,Giampaolo Pazzini,ACF Fiorentina,Serie A,2005-01-01T00:00:00Z,2009-01-01T00:00:00Z,108
http://www.wikidata.org/entity/Q219389,Giampaolo Pazzini,Inter Milan,Serie A,2011-01-01T00:00:00Z,2012-01-01T00:00:00Z,50
http://www.wikidata.org/entity/Q219389,Giampaolo Pazzini,AC Milan,Serie A,2012-01-01T00:00:00Z,2015-01-01T00:00:00Z,74
http://www.wikidata.org/entity/Q219389,Giampaolo Pazzini,Hellas Verona FC,Serie A,2015-01-01T00:00:00Z,2020-01-01T00:00:00Z,128
http://www.wikidata.org/entity/Q219389,Giampaolo Pazzini,Levante UD,La Liga,2018-01-01T00:00:00Z,2018-01-01T00:00:00Z,9
http://www.wikidata.org/entity/Q219618,Morgan De Sanctis,Juventus FC,Serie A,1997-01-01T00:00:00Z,1999-01-01T00:00:00Z,3
http://www.wikidata.org/entity/Q219618,Morgan De Sanctis,Udinese Calcio,Serie A,1999-01-01T00:00:00Z,2007-01-01T00:00:00Z,194
http://www.wikidata.org/entity/Q219618,Morgan De Sanctis,Sevilla FC,La Liga,2007-01-01T00:00:00Z,2009-01-01T00:00:00Z,8
http://www.wikidata.org/entity/Q219618,Morgan De Sanctis,SSC Napoli,Serie A,2009-01-01T00:00:00Z,2013-01-01T00:00:00Z,147
http://www.wikidata.org/entity/Q219618,Morgan De Sanctis,AS Roma,Serie A,2013-01-01T00:00:00Z,2016-01-01T00:00:00Z,71
http://www.wikidata.org/entity/Q219884,Stefan Savić,Manchester City F.C.,Premier League,2011-01-01T00:00:00Z,2012-01-01T00:00:00Z,12
http://www.wikidata.org/entity/Q219884,Stefan Savić,ACF Fiorentina,Serie A,2012-01-01T00:00:00Z,2015-01-01T00:00:00Z,86
http://www.wikidata.org/entity/Q219884,Stefan Savić,Atlético Madrid,La Liga,2015-01-01T00:00:00Z,2024-01-01T00:00:00Z,217
http://www.wikidata.org/entity/Q220593,Lucas Leiva,Liverpool F.C.,Premier League,2007-01-01T00:00:00Z,2017-07-01T00:00:00Z,247
http://www.wikidata.org/entity/Q220593,Lucas Leiva,SS Lazio,Serie A,2017-07-01T00:00:00Z,2022-06-01T00:00:00Z,155
http://www.wikidata.org/entity/Q221129,Tomáš Ujfaluši,Hamburger SV,Bundesliga,2000-01-01T00:00:00Z,2004-01-01T00:00:00Z,105
http://www.wikidata.org/entity/Q221129,Tomáš Ujfaluši,ACF Fiorentina,Serie A,2004-01-01T00:00:00Z,2008-01-01T00:00:00Z,123
http://www.wikidata.org/entity/Q221129,Tomáš Ujfaluši,Atlético Madrid,La Liga,2008-01-01T00:00:00Z,2011-01-01T00:00:00Z,92
http://www.wikidata.org/entity/Q223827,Gary Cahill,Aston Villa F.C.,Premier League,2004-01-01T00:00:00Z,2008-01-01T00:00:00Z,28
http://www.wikidata.org/entity/Q223827,Gary Cahill,Burnley F.C.,Premier League,2004-01-01T00:00:00Z,2005-01-01T00:00:00Z,27
http://www.wikidata.org/entity/Q223827,Gary Cahill,Chelsea F.C.,Premier League,2012-01-01T00:00:00Z,2019-01-01T00:00:00Z,191
http://www.wikidata.org/entity/Q223827,Gary Cahill,Crystal Palace F.C.,Premier League,2019-01-01T00:00:00Z,2021-01-01T00:00:00Z,45
http://www.wikidata.org/entity/Q223827,Gary Cahill,AFC Bournemouth,Premier League,2021-08-01T00:00:00Z,2022-06-01T00:00:00Z,22
http://www.wikidata.org/entity/Q226125,Marlon Harewood,Nottingham Forest F.C.,Premier League,1996-01-01T00:00:00Z,2003-01-01T00:00:00Z,181
http://www.wikidata.org/entity/Q226125,Marlon Harewood,West Ham United F.C.,Premier League,2003-01-01T00:00:00Z,2007-01-01T00:00:00Z,142
http://www.wikidata.org/entity/Q226125,Marlon Harewood,Aston Villa F.C.,Premier League,2007-01-01T00:00:00Z,2010-01-01T00:00:00Z,29
http://www.wikidata.org/entity/Q226125,Marlon Harewood,Newcastle United F.C.,Premier League,2009-01-01T00:00:00Z,2009-01-01T00:00:00Z,15
http://www.wikidata.org/entity/Q226125,Marlon Harewood,Wolverhampton Wanderers F.C.,Premier League,2009-01-01T00:00:00Z,2009-01-01T00:00:00Z,5
http://www.wikidata.org/entity/Q226125,Marlon Harewood,Nottingham Forest F.C.,Premier League,2011-12-01T00:00:00Z,2012-01-01T00:00:00Z,4
http://www.wikidata.org/entity/Q227892,Alessandro Nesta,SS Lazio,Serie A,1993-01-01T00:00:00Z,2002-01-01T00:00:00Z,193
http://www.wikidata.org/entity/Q227892,Alessandro Nesta,AC Milan,Serie A,2002-01-01T00:00:00Z,2012-01-01T00:00:00Z,224
http://www.wikidata.org/entity/Q22951255,Marcus Rashford,Manchester United F.C.,Premier League,2015-01-01T00:00:00Z,,287
http://www.wikidata.org/entity/Q22951255,Marcus Rashford,Aston Villa F.C.,Premier League,2025-01-01T00:00:00Z,2025-01-01T00:00:00Z,10
http://www.wikidata.org/entity/Q22951255,Marcus Rashford,Futbol Club Barcelona,La Liga,2025-07-01T00:00:00Z,,14
http://www.wikidata.org/entity/Q2305996,Víctor Casadesús,RCD Mallorca,La Liga,2005-01-01T00:00:00Z,2014-01-01T00:00:00Z,220
http://www.wikidata.org/entity/Q2305996,Víctor Casadesús,Real Sociedad,La Liga,2008-01-29T00:00:00Z,2008-06-30T00:00:00Z,19
http://www.wikidata.org/entity/Q2305996,Víctor Casadesús,Levante UD,La Liga,2014-01-31T00:00:00Z,2017-07-05T00:00:00Z,95
http://www.wikidata.org/entity/Q231348,Iván Córdoba,Inter Milan,Serie A,2000-01-01T00:00:00Z,2012-01-01T00:00:00Z,324
http://www.wikidata.org/entity/Q231470,Zvonimir Soldo,VfB Stuttgart,Bundesliga,1996-01-01T00:00:00Z,2006-01-01T00:00:00Z,310
http://www.wikidata.org/entity/Q234532,Francesco Toldo,AC Milan,Serie A,1990-01-01T00:00:00Z,1993-01-01T00:00:00Z,0
http://www.wikidata.org/entity/Q234532,Francesco Toldo,Hellas Verona FC,Serie A,1990-01-01T00:00:00Z,1991-01-01T00:00:00Z,0
http://www.wikidata.org/entity/Q234532,Francesco Toldo,ACF Fiorentina,Serie A,1993-01-01T00:00:00Z,2001-01-01T00:00:00Z,266
http://www.wikidata.org/entity/Q234532,Francesco Toldo,Inter Milan,Serie A,2001-01-01T00:00:00Z,2010-01-01T00:00:00Z,148
http://www.wikidata.org/entity/Q234576,Teddy Sheringham,Nottingham Forest F.C.,Premier League,1991-01-01T00:00:00Z,1992-01-01T00:00:00Z,42
http://www.wikidata.org/entity/Q234576,Teddy Sheringham,Tottenham Hotspur F.C.,Premier League,1992-01-01T00:00:00Z,1997-01-01T00:00:00Z,166
http://www.wikidata.org/entity/Q234576,Teddy Sheringham,Manchester United F.C.,Premier League,1997-01-01T00:00:00Z,2001-01-01T00:00:00Z,104
http://www.wikidata.org/entity/Q234576,Teddy Sheringham,Tottenham Hotspur F.C.,Premier League,2001-01-01T00:00:00Z,2003-01-01T00:00:00Z,70
http://www.wikidata.org/entity/Q234576,Teddy Sheringham,West Ham United F.C.,Premier League,2004-01-01T00:00:00Z,2007-01-01T00:00:00Z,76
http://www.wikidata.org/entity/Q234885,Daniele Bonera,Parma Calcio 1913,Serie A,2002-01-01T00:00:00Z,2006-01-01T00:00:00Z,114
http://www.wikidata.org/entity/Q234885,Daniele Bonera,AC Milan,Serie A,2006-01-01T00:00:00Z,2015-01-01T00:00:00Z,152
http://www.wikidata.org/entity/Q234885,Daniele Bonera,Villarreal CF,La Liga,2015-01-01T00:00:00Z,2019-01-01T00:00:00Z,40
http://www.wikidata.org/entity/Q23907908,Igor Zubeldia,Real Sociedad,La Liga,2008-01-01T00:00:00Z,2015-01-01T00:00:00Z,
http://www.wikidata.org/entity/Q23907908,Igor Zubeldia,Real Sociedad,La Liga,2016-01-01T00:00:00Z,,302
http://www.wikidata.org/entity/Q239914,Steve Finnan,Fulham F.C.,Premier League,1998-01-01T00:00:00Z,2003-01-01T00:00:00Z,172
http://www.wikidata.org/entity/Q239914,Steve Finnan,Liverpool F.C.,Premier League,2003-01-01T00:00:00Z,2008-01-01T00:00:00Z,145
http://www.wikidata.org/entity/Q239914,Steve Finnan,RCD Espanyol de Barcelona,La Liga,2008-01-01T00:00:00Z,2009-01-01T00:00:00Z,4
http://www.wikidata.org/entity/Q241502,Richard Dunne,Everton F.C.,Premier League,1996-01-01T00:00:00Z,2000-01-01T00:00:00Z,60
http://www.wikidata.org/entity/Q241502,Richard Dunne,Manchester City F.C.,Premier League,2000-01-01T00:00:00Z,2009-01-01T00:00:00Z,296
http://www.wikidata.org/entity/Q241502,Richard Dunne,Aston Villa F.C.,Premier League,2009-01-01T00:00:00Z,2013-01-01T00:00:00Z,95
http://www.wikidata.org/entity/Q2442188,Vicente Engonga,RC Celta de Vigo,La Liga,1992-01-01T00:00:00Z,1994-01-01T00:00:00Z,72
http://www.wikidata.org/entity/Q2442188,Vicente Engonga,Valencia CF,La Liga,1994-01-01T00:00:00Z,1997-01-01T00:00:00Z,69
http://www.wikidata.org/entity/Q2442188,Vicente Engonga,RCD Mallorca,La Liga,1997-01-01T00:00:00Z,2002-01-01T00:00:00Z,149
http://www.wikidata.org/entity/Q2442188,Vicente Engonga,Real Oviedo,La Liga,2002-01-01T00:00:00Z,2003-01-01T00:00:00Z,11
http://www.wikidata.org/entity/Q2447155,Juan Sánchez Romero,Valencia CF,La Liga,1992-01-01T00:00:00Z,1994-01-01T00:00:00Z,17
http://www.wikidata.org/entity/Q2447155,Juan Sánchez Romero,RCD Mallorca,La Liga,1993-01-01T00:00:00Z,1994-01-01T00:00:00Z,37
http://www.wikidata.org/entity/Q2447155,Juan Sánchez Romero,RC Celta de Vigo,La Liga,1994-01-01T00:00:00Z,1999-01-01T00:00:00Z,159
http://www.wikidata.org/entity/Q2447155,Juan Sánchez Romero,Valencia CF,La Liga,1999-01-01T00:00:00Z,2004-01-01T00:00:00Z,125
http://www.wikidata.org/entity/Q2447155,Juan Sánchez Romero,RC Celta de Vigo,La Liga,2004-01-01T00:00:00Z,2006-01-01T00:00:00Z,23
http://www.wikidata.org/entity/Q244790,Pablo Zabaleta,RCD Espanyol de Barcelona,La Liga,2005-01-01T00:00:00Z,2008-01-01T00:00:00Z,79
http://www.wikidata.org/entity/Q244790,Pablo Zabaleta,Manchester City F.C.,Premier League,2008-08-31T00:00:00Z,2017-07-01T00:00:00Z,230
http://www.wikidata.org/entity/Q244790,Pablo Zabaleta,West Ham United F.C.,Premier League,2017-07-01T00:00:00Z,2020-01-01T00:00:00Z,73
http://www.wikidata.org/entity/Q249198,Filip Kostić,VfB Stuttgart,Bundesliga,2014-01-01T00:00:00Z,2016-01-01T00:00:00Z,59
http://www.wikidata.org/entity/Q249198,Filip Kostić,Hamburger SV,Bundesliga,2016-01-01T00:00:00Z,2018-01-01T00:00:00Z,61
http://www.wikidata.org/entity/Q249198,Filip Kostić,Eintracht Frankfurt,Bundesliga,2018-01-01T00:00:00Z,2022-01-01T00:00:00Z,129
http://www.wikidata.org/entity/Q249198,Filip Kostić,Juventus FC,Serie A,2022-08-01T00:00:00Z,,72
http://www.wikidata.org/entity/Q2499826,Oiertxu,Club Atlético Osasuna,La Liga,2003-01-01T00:00:00Z,2004-01-01T00:00:00Z,
http://www.wikidata.org/entity/Q2499826,Oiertxu,Club Atlético Osasuna,La Liga,2007-01-01T00:00:00Z,2022-01-01T00:00:00Z,356
http://www.wikidata.org/entity/Q2499826,Oiertxu,RC Celta de Vigo,La Liga,2011-01-01T00:00:00Z,2012-01-01T00:00:00Z,33
http://www.wikidata.org/entity/Q250093,Marco Delvecchio,Inter Milan,Serie A,1991-01-01T00:00:00Z,1992-01-01T00:00:00Z,4
http://www.wikidata.org/entity/Q250093,Marco Delvecchio,Udinese Calcio,Serie A,1993-01-01T00:00:00Z,1994-01-01T00:00:00Z,7
http://www.wikidata.org/entity/Q250093,Marco Delvecchio,Inter Milan,Serie A,1994-01-01T00:00:00Z,1995-01-01T00:00:00Z,33
http://www.wikidata.org/entity/Q250093,Marco Delvecchio,AS Roma,Serie A,1995-01-01T00:00:00Z,2005-01-01T00:00:00Z,269
http://www.wikidata.org/entity/Q250093,Marco Delvecchio,Parma Calcio 1913,Serie A,2005-01-01T00:00:00Z,2006-01-01T00:00:00Z,8
http://www.wikidata.org/entity/Q258115,Diego Simeone,Pisa SC,Serie A,1990-01-01T00:00:00Z,1992-01-01T00:00:00Z,55
http://www.wikidata.org/entity/Q258115,Diego Simeone,Sevilla FC,La Liga,1992-01-01T00:00:00Z,1994-01-01T00:00:00Z,64
http://www.wikidata.org/entity/Q258115,Diego Simeone,Atlético Madrid,La Liga,1994-01-01T00:00:00Z,1997-01-01T00:00:00Z,98
http://www.wikidata.org/entity/Q258115,Diego Simeone,Inter Milan,Serie A,1997-01-01T00:00:00Z,1999-01-01T00:00:00Z,57
http://www.wikidata.org/entity/Q258115,Diego Simeone,SS Lazio,Serie A,1999-01-01T00:00:00Z,2003-01-01T00:00:00Z,90
http://www.wikidata.org/entity/Q258115,Diego Simeone,Atlético Madrid,La Liga,2003-01-01T00:00:00Z,2005-01-01T00:00:00Z,36
http://www.wikidata.org/entity/Q2608851,Cristhian Stuani,Levante UD,La Liga,2010-01-01T00:00:00Z,2011-01-01T00:00:00Z,30
http://www.wikidata.org/entity/Q2608851,Cristhian Stuani,RCD Espanyol de Barcelona,La Liga,2012-01-01T00:00:00Z,2015-01-01T00:00:00Z,103
http://www.wikidata.org/entity/Q2608851,Cristhian Stuani,Girona FC,La Liga,2017-01-01T00:00:00Z,,266
http://www.wikidata.org/entity/Q261534,Diego Forlán,Manchester United F.C.,Premier League,2002-01-01T00:00:00Z,2004-01-01T00:00:00Z,63
http://www.wikidata.org/entity/Q261534,Diego Forlán,Villarreal CF,La Liga,2004-01-01T00:00:00Z,2007-01-01T00:00:00Z,106
http://www.wikidata.org/entity/Q261534,Diego Forlán,Atlético Madrid,La Liga,2007-01-01T00:00:00Z,2011-01-01T00:00:00Z,134
http://www.wikidata.org/entity/Q261534,Diego Forlán,Inter Milan,Serie A,2011-01-01T00:00:00Z,2012-01-01T00:00:00Z,18
http://www.wikidata.org/entity/Q2637295,Miguel Ángel Sánchez Muñoz,Rayo Vallecano,La Liga,,,
http://www.wikidata.org/entity/Q2637295,Miguel Ángel Sánchez Muñoz,Girona FC,La Liga,,,
http://www.wikidata.org/entity/Q2637295,Miguel Ángel Sánchez Muñoz,Rayo Vallecano,La Liga,1993-01-01T00:00:00Z,2003-01-01T00:00:00Z,186
http://www.wikidata.org/entity/Q2637295,Miguel Ángel Sánchez Muñoz,Rayo Vallecano,La Liga,2006-01-01T00:00:00Z,2012-01-01T00:00:00Z,177
http://www.wikidata.org/entity/Q2637295,Miguel Ángel Sánchez Muñoz,Girona FC,La Liga,2021-07-21T00:00:00Z,,
http://www.wikidata.org/entity/Q266021,Gorka Iraizoz,RCD Espanyol de Barcelona,La Liga,2004-01-01T00:00:00Z,2007-01-01T00:00:00Z,23
http://www.wikidata.org/entity/Q266021,Gorka Iraizoz,Athletic Club,La Liga,2007-01-01T00:00:00Z,2017-01-01T00:00:00Z,392
http://www.wikidata.org/entity/Q266021,Gorka Iraizoz,Girona FC,La Liga,2017-01-01T00:00:00Z,2019-01-01T00:00:00Z,23
http://www.wikidata.org/entity/Q266613,Wayne Rooney,Everton F.C.,Premier League,2002-01-01T00:00:00Z,2004-01-01T00:00:00Z,67
http://www.wikidata.org/entity/Q266613,Wayne Rooney,Manchester United F.C.,Premier League,2004-01-01T00:00:00Z,2017-01-01T00:00:00Z,393
http://www.wikidata.org/entity/Q266613,Wayne Rooney,Everton F.C.,Premier League,2017-07-01T00:00:00Z,2018-06-01T00:00:00Z,31
http://www.wikidata.org/entity/Q270311,Santiago Cañizares,Real Madrid Club de Fútbol,La Liga,1988-01-01T00:00:00Z,1992-01-01T00:00:00Z,0
http://www.wikidata.org/entity/Q270311,Santiago Cañizares,Elche CF,La Liga,1990-01-01T00:00:00Z,1991-01-01T00:00:00Z,7
http://www.wikidata.org/entity/Q270311,Santiago Cañizares,RC Celta de Vigo,La Liga,1992-01-01T00:00:00Z,1994-01-01T00:00:00Z,74
http://www.wikidata.org/entity/Q270311,Santiago Cañizares,Real Madrid Club de Fútbol,La Liga,1994-01-01T00:00:00Z,1998-01-01T00:00:00Z,41
http://www.wikidata.org/entity/Q270311,Santiago Cañizares,Valencia CF,La Liga,1998-01-01T00:00:00Z,2008-01-01T00:00:00Z,305
http://www.wikidata.org/entity/Q270359,Giuseppe Favalli,U.S. Cremonese,Serie A,1988-01-01T00:00:00Z,1992-01-01T00:00:00Z,94
http://www.wikidata.org/entity/Q270359,Giuseppe Favalli,SS Lazio,Serie A,1992-01-01T00:00:00Z,2004-01-01T00:00:00Z,401
http://www.wikidata.org/entity/Q270359,Giuseppe Favalli,Inter Milan,Serie A,2004-01-01T00:00:00Z,2006-01-01T00:00:00Z,49
http://www.wikidata.org/entity/Q270359,Giuseppe Favalli,AC Milan,Serie A,2006-01-01T00:00:00Z,2010-01-01T00:00:00Z,75
http://www.wikidata.org/entity/Q2722211,Bittor Alkiza,Real Sociedad,La Liga,,1989-01-01T00:00:00Z,
http://www.wikidata.org/entity/Q2722211,Bittor Alkiza,Real Sociedad,La Liga,1991-01-01T00:00:00Z,1994-01-01T00:00:00Z,105
http://www.wikidata.org/entity/Q2722211,Bittor Alkiza,Athletic Club,La Liga,1994-01-01T00:00:00Z,2003-01-01T00:00:00Z,328
http://www.wikidata.org/entity/Q2722211,Bittor Alkiza,Real Sociedad,La Liga,2003-01-01T00:00:00Z,2005-01-01T00:00:00Z,48
http://www.wikidata.org/entity/Q273715,Jordan Henderson,Sunderland A.F.C.,Premier League,2008-01-01T00:00:00Z,2011-01-01T00:00:00Z,71
http://www.wikidata.org/entity/Q273715,Jordan Henderson,Liverpool F.C.,Premier League,2011-01-01T00:00:00Z,2023-01-01T00:00:00Z,360
http://www.wikidata.org/entity/Q273715,Jordan Henderson,Brentford F.C.,Premier League,2025-07-01T00:00:00Z,,11
http://www.wikidata.org/entity/Q276091,Koke,Atlético Madrid,La Liga,2009-01-01T00:00:00Z,,497
http://www.wikidata.org/entity/Q276178,Leon Osman,Everton F.C.,Premier League,2000-01-01T00:00:00Z,2016-01-01T00:00:00Z,352
http://www.wikidata.org/entity/Q276399,José Antonio Reyes,Sevilla FC,La Liga,2000-01-01T00:00:00Z,2004-01-01T00:00:00Z,86
http://www.wikidata.org/entity/Q276399,José Antonio Reyes,Arsenal F.C.,Premier League,2004-01-01T00:00:00Z,2007-01-01T00:00:00Z,69
http://www.wikidata.org/entity/Q276399,José Antonio Reyes,Real Madrid Club de Fútbol,La Liga,2006-01-01T00:00:00Z,2007-01-01T00:00:00Z,30
http://www.wikidata.org/entity/Q276399,José Antonio Reyes,Atlético Madrid,La Liga,2007-01-01T00:00:00Z,2008-01-01T00:00:00Z,103
http://www.wikidata.org/entity/Q276399,José Antonio Reyes,Atlético Madrid,La Liga,2007-01-01T00:00:00Z,2012-01-01T00:00:00Z,103
http://www.wikidata.org/entity/Q276399,José Antonio Reyes,Atlético Madrid,La Liga,2009-01-01T00:00:00Z,2008-01-01T00:00:00Z,103
http://www.wikidata.org/entity/Q276399,José Antonio Reyes,Atlético Madrid,La Liga,2009-01-01T00:00:00Z,2012-01-01T00:00:00Z,103
http://www.wikidata.org/entity/Q276399,José Antonio Reyes,Sevilla FC,La Liga,2012-01-01T00:00:00Z,2016-01-01T00:00:00Z,109
http://www.wikidata.org/entity/Q276399,José Antonio Reyes,RCD Espanyol de Barcelona,La Liga,2016-06-01T00:00:00Z,2017-05-01T00:00:00Z,21
http://www.wikidata.org/entity/Q279436,Ömer Toprak,SC Freiburg,Bundesliga,2008-01-01T00:00:00Z,2011-01-01T00:00:00Z,68
http://www.wikidata.org/entity/Q279436,Ömer Toprak,Bayer 04 Leverkusen,Bundesliga,2011-01-01T00:00:00Z,2017-01-01T00:00:00Z,153
http://www.wikidata.org/entity/Q279436,Ömer Toprak,Borussia Dortmund,Bundesliga,2017-07-01T00:00:00Z,2019-08-01T00:00:00Z,35
http://www.wikidata.org/entity/Q279436,Ömer Toprak,SV Werder Bremen,Bundesliga,2019-08-01T00:00:00Z,2022-06-01T00:00:00Z,57
http://www.wikidata.org/entity/Q2823938,Adam El-Abd,Brighton & Hove Albion F.C.,Premier League,2003-01-01T00:00:00Z,2014-01-01T00:00:00Z,300
http://www.wikidata.org/entity/Q283824,Borja Valero,Real Madrid Club de Fútbol,La Liga,2006-10-25T00:00:00Z,2006-12-06T00:00:00Z,2
http://www.wikidata.org/entity/Q283824,Borja Valero,RCD Mallorca,La Liga,2007-07-05T00:00:00Z,2008-08-22T00:00:00Z,41
http://www.wikidata.org/entity/Q283824,Borja Valero,RCD Mallorca,La Liga,2009-08-31T00:00:00Z,2010-05-30T00:00:00Z,38
http://www.wikidata.org/entity/Q283824,Borja Valero,Villarreal CF,La Liga,2010-07-19T00:00:00Z,2011-06-30T00:00:00Z,54
http://www.wikidata.org/entity/Q283824,Borja Valero,Villarreal CF,La Liga,2011-07-01T00:00:00Z,2012-08-02T00:00:00Z,43
http://www.wikidata.org/entity/Q283824,Borja Valero,ACF Fiorentina,Serie A,2012-08-02T00:00:00Z,2017-07-10T00:00:00Z,199
http://www.wikidata.org/entity/Q283824,Borja Valero,Inter Milan,Serie A,2017-07-11T00:00:00Z,2020-08-29T00:00:00Z,97
http://www.wikidata.org/entity/Q283824,Borja Valero,ACF Fiorentina,Serie A,2020-09-17T00:00:00Z,2021-06-30T00:00:00Z,20
http://www.wikidata.org/entity/Q286981,Óscar de Marcos,Deportivo Alavés,La Liga,2001-01-01T00:00:00Z,2007-01-01T00:00:00Z,
http://www.wikidata.org/entity/Q286981,Óscar de Marcos,Deportivo Alavés,La Liga,2008-01-01T00:00:00Z,2009-01-01T00:00:00Z,20
http://www.wikidata.org/entity/Q286981,Óscar de Marcos,Athletic Club,La Liga,2009-01-01T00:00:00Z,2025-01-01T00:00:00Z,573
http://www.wikidata.org/entity/Q294204,Joaquín,Real Betis Balompié,La Liga,2000-01-01T00:00:00Z,2006-01-01T00:00:00Z,218
http://www.wikidata.org/entity/Q294204,Joaquín,Valencia CF,La Liga,2006-01-01T00:00:00Z,2011-01-01T00:00:00Z,158
http://www.wikidata.org/entity/Q294204,Joaquín,ACF Fiorentina,Serie A,2013-01-01T00:00:00Z,2015-01-01T00:00:00Z,49
http://www.wikidata.org/entity/Q294204,Joaquín,Real Betis Balompié,La Liga,2015-01-01T00:00:00Z,2023-06-01T00:00:00Z,227
http://www.wikidata.org/entity/Q294806,César Azpilicueta,Club Atlético Osasuna,La Liga,2001-01-01T00:00:00Z,2006-01-01T00:00:00Z,
http://www.wikidata.org/entity/Q294806,César Azpilicueta,Club Atlético Osasuna,La Liga,2007-01-01T00:00:00Z,2010-01-01T00:00:00Z,99
http://www.wikidata.org/entity/Q294806,César Azpilicueta,Chelsea F.C.,Premier League,2012-01-01T00:00:00Z,2023-01-01T00:00:00Z,349
http://www.wikidata.org/entity/Q294806,César Azpilicueta,Atlético Madrid,La Liga,2023-01-01T00:00:00Z,2025-01-01T00:00:00Z,39
http://www.wikidata.org/entity/Q294806,César Azpilicueta,Sevilla FC,La Liga,2025-01-01T00:00:00Z,,5
http://www.wikidata.org/entity/Q294852,David Albelda,Valencia CF,La Liga,1996-01-01T00:00:00Z,2013-01-01T00:00:00Z,351
http://www.wikidata.org/entity/Q294852,David Albelda,Villarreal CF,La Liga,1996-01-01T00:00:00Z,1997-01-01T00:00:00Z,34
http://www.wikidata.org/entity/Q294852,David Albelda,Villarreal CF,La Liga,1998-01-01T00:00:00Z,1999-01-01T00:00:00Z,35
http://www.wikidata.org/entity/Q294951,Christian Eriksen,Tottenham Hotspur F.C.,Premier League,2013-01-01T00:00:00Z,2020-01-01T00:00:00Z,226
http://www.wikidata.org/entity/Q294951,Christian Eriksen,Inter Milan,Serie A,2020-01-01T00:00:00Z,2021-01-01T00:00:00Z,43
http://www.wikidata.org/entity/Q294951,Christian Eriksen,Brentford F.C.,Premier League,2022-01-01T00:00:00Z,2022-07-01T00:00:00Z,11
http://www.wikidata.org/entity/Q294951,Christian Eriksen,Manchester United F.C.,Premier League,2022-07-01T00:00:00Z,2025-06-01T00:00:00Z,73
http://www.wikidata.org/entity/Q294951,Christian Eriksen,VfL Wolfsburg,Bundesliga,2025-09-01T00:00:00Z,,8
http://www.wikidata.org/entity/Q295410,Gaizka Mendieta,Valencia CF,La Liga,1993-01-01T00:00:00Z,2001-01-01T00:00:00Z,305
http://www.wikidata.org/entity/Q295410,Gaizka Mendieta,SS Lazio,Serie A,2001-01-01T00:00:00Z,2004-01-01T00:00:00Z,31
http://www.wikidata.org/entity/Q295410,Gaizka Mendieta,Futbol Club Barcelona,La Liga,2002-01-01T00:00:00Z,2003-01-01T00:00:00Z,49
http://www.wikidata.org/entity/Q295506,Nicky Butt,Manchester United F.C.,Premier League,1992-01-01T00:00:00Z,2004-01-01T00:00:00Z,270
http://www.wikidata.org/entity/Q295506,Nicky Butt,Newcastle United F.C.,Premier League,2004-01-01T00:00:00Z,2010-01-01T00:00:00Z,134
http://www.wikidata.org/entity/Q296180,Vicente Rodríguez,Levante UD,La Liga,1997-01-01T00:00:00Z,2000-01-01T00:00:00Z,60
http://www.wikidata.org/entity/Q296180,Vicente Rodríguez,Valencia CF,La Liga,2000-01-01T00:00:00Z,2011-01-01T00:00:00Z,243
http://www.wikidata.org/entity/Q296180,Vicente Rodríguez,Brighton & Hove Albion F.C.,Premier League,2011-01-01T00:00:00Z,2013-01-01T00:00:00Z,32
http://www.wikidata.org/entity/Q296589,Danny Murphy,Liverpool F.C.,Premier League,1997-01-01T00:00:00Z,2004-01-01T00:00:00Z,170
http://www.wikidata.org/entity/Q296589,Danny Murphy,Tottenham Hotspur F.C.,Premier League,2006-01-01T00:00:00Z,2007-01-01T00:00:00Z,22
http://www.wikidata.org/entity/Q296589,Danny Murphy,Fulham F.C.,Premier League,2007-01-01T00:00:00Z,2012-01-01T00:00:00Z,169
http://www.wikidata.org/entity/Q296621,Jermaine Jenas,Nottingham Forest F.C.,Premier League,2000-01-01T00:00:00Z,2002-01-01T00:00:00Z,29
http://www.wikidata.org/entity/Q296621,Jermaine Jenas,Newcastle United F.C.,Premier League,2002-01-01T00:00:00Z,2005-01-01T00:00:00Z,110
http://www.wikidata.org/entity/Q296621,Jermaine Jenas,Tottenham Hotspur F.C.,Premier League,2005-01-01T00:00:00Z,2013-01-01T00:00:00Z,155
http://www.wikidata.org/entity/Q296621,Jermaine Jenas,Aston Villa F.C.,Premier League,2011-01-01T00:00:00Z,2012-01-01T00:00:00Z,3
http://www.wikidata.org/entity/Q296621,Jermaine Jenas,Aston Villa F.C.,Premier League,2011-01-01T00:00:00Z,2011-01-01T00:00:00Z,3
http://www.wikidata.org/entity/Q296621,Jermaine Jenas,Nottingham Forest F.C.,Premier League,2012-01-01T00:00:00Z,2012-01-01T00:00:00Z,6
http://www.wikidata.org/entity/Q296621,Jermaine Jenas,Nottingham Forest F.C.,Premier League,2012-01-01T00:00:00Z,2013-01-01T00:00:00Z,6
http://www.wikidata.org/entity/Q299360,Antonio López,Atlético Madrid,La Liga,2000-01-01T00:00:00Z,2012-01-01T00:00:00Z,216
http://www.wikidata.org/entity/Q299360,Antonio López,Club Atlético Osasuna,La Liga,2002-01-01T00:00:00Z,2004-01-01T00:00:00Z,71
http://www.wikidata.org/entity/Q299360,Antonio López,RCD Mallorca,La Liga,2012-01-01T00:00:00Z,2014-01-01T00:00:00Z,17
http://www.wikidata.org/entity/Q302130,Aaron Hughes,Newcastle United F.C.,Premier League,1997-01-01T00:00:00Z,2005-01-01T00:00:00Z,205
http://www.wikidata.org/entity/Q302130,Aaron Hughes,Aston Villa F.C.,Premier League,2005-01-01T00:00:00Z,2007-01-01T00:00:00Z,54
http://www.wikidata.org/entity/Q302130,Aaron Hughes,Fulham F.C.,Premier League,2007-01-01T00:00:00Z,2014-01-01T00:00:00Z,196
http://www.wikidata.org/entity/Q302130,Aaron Hughes,Brighton & Hove Albion F.C.,Premier League,2014-01-01T00:00:00Z,2015-01-01T00:00:00Z,10
http://www.wikidata.org/entity/Q306351,John O'Shea,Manchester United F.C.,Premier League,1999-01-01T00:00:00Z,2011-01-01T00:00:00Z,256
http://www.wikidata.org/entity/Q306351,John O'Shea,AFC Bournemouth,Premier League,2000-01-01T00:00:00Z,2000-01-01T00:00:00Z,10
http://www.wikidata.org/entity/Q306351,John O'Shea,Sunderland A.F.C.,Premier League,2011-01-01T00:00:00Z,2018-01-01T00:00:00Z,226
http://www.wikidata.org/entity/Q309966,Bernd Leno,Bayer 04 Leverkusen,Bundesliga,2011-01-01T00:00:00Z,2018-01-01T00:00:00Z,233
http://www.wikidata.org/entity/Q309966,Bernd Leno,Arsenal F.C.,Premier League,2018-01-01T00:00:00Z,2022-01-01T00:00:00Z,101
http://www.wikidata.org/entity/Q309966,Bernd Leno,Fulham F.C.,Premier League,2022-01-01T00:00:00Z,,75
http://www.wikidata.org/entity/Q310022,Fernando Navarro,Futbol Club Barcelona,La Liga,2001-01-01T00:00:00Z,2006-01-01T00:00:00Z,21
http://www.wikidata.org/entity/Q310022,Fernando Navarro,RCD Mallorca,La Liga,2005-01-01T00:00:00Z,2006-01-01T00:00:00Z,33
http://www.wikidata.org/entity/Q310022,Fernando Navarro,RCD Mallorca,La Liga,2006-01-01T00:00:00Z,2008-01-01T00:00:00Z,73
http://www.wikidata.org/entity/Q310022,Fernando Navarro,Sevilla FC,La Liga,2008-01-01T00:00:00Z,2015-01-01T00:00:00Z,203
http://www.wikidata.org/entity/Q310354,Joseba Etxeberria,Real Sociedad,La Liga,1990-01-01T00:00:00Z,1993-01-01T00:00:00Z,
http://www.wikidata.org/entity/Q310354,Joseba Etxeberria,Real Sociedad,La Liga,1994-01-01T00:00:00Z,1995-01-01T00:00:00Z,7
http://www.wikidata.org/entity/Q310354,Joseba Etxeberria,Athletic Club,La Liga,1995-01-01T00:00:00Z,2010-01-01T00:00:00Z,514
http://www.wikidata.org/entity/Q310571,Valeri Karpin,Real Sociedad,La Liga,1994-01-01T00:00:00Z,1996-01-01T00:00:00Z,72
http://www.wikidata.org/entity/Q310571,Valeri Karpin,Valencia CF,La Liga,1996-01-01T00:00:00Z,1997-01-01T00:00:00Z,36
http://www.wikidata.org/entity/Q310571,Valeri Karpin,RC Celta de Vigo,La Liga,1997-01-01T00:00:00Z,2002-01-01T00:00:00Z,168
http://www.wikidata.org/entity/Q310571,Valeri Karpin,Real Sociedad,La Liga,2002-01-01T00:00:00Z,2005-01-01T00:00:00Z,107
http://www.wikidata.org/entity/Q310635,Rodrigo Palacio,Genoa CFC,Serie A,2009-01-01T00:00:00Z,2012-01-01T00:00:00Z,90
http://www.wikidata.org/entity/Q310635,Rodrigo Palacio,Inter Milan,Serie A,2012-01-01T00:00:00Z,2017-01-01T00:00:00Z,140
http://www.wikidata.org/entity/Q310635,Rodrigo Palacio,Bologna F.C. 1909,Serie A,2017-01-01T00:00:00Z,2021-01-01T00:00:00Z,127
http://www.wikidata.org/entity/Q310733,Simon Davies,Tottenham Hotspur F.C.,Premier League,2000-01-01T00:00:00Z,2005-01-01T00:00:00Z,121
http://www.wikidata.org/entity/Q310733,Simon Davies,Everton F.C.,Premier League,2005-01-01T00:00:00Z,2007-01-01T00:00:00Z,45
http://www.wikidata.org/entity/Q310733,Simon Davies,Fulham F.C.,Premier League,2007-01-01T00:00:00Z,2013-01-01T00:00:00Z,137
http://www.wikidata.org/entity/Q311108,Sébastien Frey,Inter Milan,Serie A,1998-01-01T00:00:00Z,2001-01-01T00:00:00Z,35
http://www.wikidata.org/entity/Q311108,Sébastien Frey,Hellas Verona FC,Serie A,1999-01-01T00:00:00Z,2000-01-01T00:00:00Z,30
http://www.wikidata.org/entity/Q311108,Sébastien Frey,Parma Calcio 1913,Serie A,2001-01-01T00:00:00Z,2005-01-01T00:00:00Z,132
http://www.wikidata.org/entity/Q311108,Sébastien Frey,ACF Fiorentina,Serie A,2005-01-01T00:00:00Z,2011-01-01T00:00:00Z,175
http://www.wikidata.org/entity/Q311108,Sébastien Frey,Genoa CFC,Serie A,2011-01-01T00:00:00Z,2013-01-01T00:00:00Z,74
http://www.wikidata.org/entity/Q311619,Cristian Brocchi,AC Milan,Serie A,1994-01-01T00:00:00Z,1998-01-01T00:00:00Z,0
http://www.wikidata.org/entity/Q311619,Cristian Brocchi,Hellas Verona FC,Serie A,1998-01-01T00:00:00Z,2000-01-01T00:00:00Z,59
http://www.wikidata.org/entity/Q311619,Cristian Brocchi,Inter Milan,Serie A,2000-01-01T00:00:00Z,2001-01-01T00:00:00Z,15
http://www.wikidata.org/entity/Q311619,Cristian Brocchi,AC Milan,Serie A,2001-01-01T00:00:00Z,2008-01-01T00:00:00Z,99
http://www.wikidata.org/entity/Q311619,Cristian Brocchi,ACF Fiorentina,Serie A,2005-01-01T00:00:00Z,2006-01-01T00:00:00Z,35
http://www.wikidata.org/entity/Q311619,Cristian Brocchi,SS Lazio,Serie A,2008-01-01T00:00:00Z,2013-01-01T00:00:00Z,111
http://www.wikidata.org/entity/Q311813,Rolando Bianchi,Atalanta BC,Serie A,2000-01-01T00:00:00Z,2004-01-01T00:00:00Z,21
http://www.wikidata.org/entity/Q311813,Rolando Bianchi,Cagliari Calcio,Serie A,2004-01-01T00:00:00Z,2005-01-01T00:00:00Z,39
http://www.wikidata.org/entity/Q311813,Rolando Bianchi,Manchester City F.C.,Premier League,2007-01-01T00:00:00Z,2008-01-01T00:00:00Z,19
http://www.wikidata.org/entity/Q311813,Rolando Bianchi,SS Lazio,Serie A,2008-01-01T00:00:00Z,2008-01-01T00:00:00Z,15
http://www.wikidata.org/entity/Q311813,Rolando Bianchi,Torino FC,Serie A,2008-01-01T00:00:00Z,2013-01-01T00:00:00Z,180
http://www.wikidata.org/entity/Q311813,Rolando Bianchi,Bologna F.C. 1909,Serie A,2013-01-01T00:00:00Z,2015-01-01T00:00:00Z,28
http://www.wikidata.org/entity/Q311813,Rolando Bianchi,Atalanta BC,Serie A,2014-01-01T00:00:00Z,2015-01-01T00:00:00Z,21
http://www.wikidata.org/entity/Q311813,Rolando Bianchi,RCD Mallorca,La Liga,2015-01-01T00:00:00Z,2016-01-01T00:00:00Z,16
http://www.wikidata.org/entity/Q311872,Philippe Coutinho,Inter Milan,Serie A,2008-01-01T00:00:00Z,2013-01-01T00:00:00Z,28
http://www.wikidata.org/entity/Q311872,Philippe Coutinho,RCD Espanyol de Barcelona,La Liga,2012-01-01T00:00:00Z,2012-01-01T00:00:00Z,16
http://www.wikidata.org/entity/Q311872,Philippe Coutinho,Liverpool F.C.,Premier League,2013-01-30T00:00:00Z,2018-01-06T00:00:00Z,152
http://www.wikidata.org/entity/Q311872,Philippe Coutinho,Futbol Club Barcelona,La Liga,2018-01-07T00:00:00Z,2022-06-01T00:00:00Z,76
http://www.wikidata.org/entity/Q311872,Philippe Coutinho,FC Bayern Munich,Bundesliga,2019-08-17T00:00:00Z,2020-08-01T00:00:00Z,23
http://www.wikidata.org/entity/Q311872,Philippe Coutinho,Aston Villa F.C.,Premier League,2022-01-01T00:00:00Z,2022-06-01T00:00:00Z,19
http://www.wikidata.org/entity/Q311872,Philippe Coutinho,Aston Villa F.C.,Premier League,2022-07-01T00:00:00Z,2025-07-01T00:00:00Z,22
http://www.wikidata.org/entity/Q311956,Paolo Cannavaro,SSC Napoli,Serie A,1998-01-01T00:00:00Z,1999-01-01T00:00:00Z,2
http://www.wikidata.org/entity/Q311956,Paolo Cannavaro,Parma Calcio 1913,Serie A,1999-01-01T00:00:00Z,2006-01-01T00:00:00Z,92
http://www.wikidata.org/entity/Q311956,Paolo Cannavaro,Hellas Verona FC,Serie A,2001-01-01T00:00:00Z,2002-01-01T00:00:00Z,24
http://www.wikidata.org/entity/Q311956,Paolo Cannavaro,SSC Napoli,Serie A,2006-01-01T00:00:00Z,2014-01-01T00:00:00Z,236
http://www.wikidata.org/entity/Q311956,Paolo Cannavaro,US Sassuolo Calcio,Serie A,2014-01-01T00:00:00Z,2014-01-01T00:00:00Z,16
http://www.wikidata.org/entity/Q311972,Santiago Ezquerro,Club Atlético Osasuna,La Liga,1993-01-01T00:00:00Z,1994-01-01T00:00:00Z,
http://www.wikidata.org/entity/Q311972,Santiago Ezquerro,Club Atlético Osasuna,La Liga,1995-01-01T00:00:00Z,1996-01-01T00:00:00Z,38
http://www.wikidata.org/entity/Q311972,Santiago Ezquerro,Atlético Madrid,La Liga,1996-01-01T00:00:00Z,1998-01-01T00:00:00Z,8
http://www.wikidata.org/entity/Q311972,Santiago Ezquerro,Athletic Club,La Liga,1998-01-01T00:00:00Z,2005-01-01T00:00:00Z,222
http://www.wikidata.org/entity/Q311972,Santiago Ezquerro,RCD Mallorca,La Liga,1998-01-01T00:00:00Z,1998-01-01T00:00:00Z,14
http://www.wikidata.org/entity/Q311972,Santiago Ezquerro,Futbol Club Barcelona,La Liga,2005-01-01T00:00:00Z,2008-01-01T00:00:00Z,24
http://www.wikidata.org/entity/Q311972,Santiago Ezquerro,Club Atlético Osasuna,La Liga,2008-01-01T00:00:00Z,2009-01-01T00:00:00Z,10
http://www.wikidata.org/entity/Q312157,Raheem Sterling,Liverpool F.C.,Premier League,2012-01-01T00:00:00Z,2015-01-01T00:00:00Z,95
http://www.wikidata.org/entity/Q312157,Raheem Sterling,Manchester City F.C.,Premier League,2015-01-01T00:00:00Z,2022-01-01T00:00:00Z,225
http://www.wikidata.org/entity/Q312157,Raheem Sterling,Chelsea F.C.,Premier League,2022-01-01T00:00:00Z,2026-01-28T00:00:00Z,59
http://www.wikidata.org/entity/Q312157,Raheem Sterling,Arsenal F.C.,Premier League,2024-01-01T00:00:00Z,2025-01-01T00:00:00Z,17
http://www.wikidata.org/entity/Q312400,Alessandro Gamberini,Bologna F.C. 1909,Serie A,1999-01-01T00:00:00Z,2005-01-01T00:00:00Z,78
http://www.wikidata.org/entity/Q312400,Alessandro Gamberini,Hellas Verona FC,Serie A,2002-01-01T00:00:00Z,2003-01-01T00:00:00Z,20
http://www.wikidata.org/entity/Q312400,Alessandro Gamberini,ACF Fiorentina,Serie A,2005-01-01T00:00:00Z,2012-01-01T00:00:00Z,194
http://www.wikidata.org/entity/Q312400,Alessandro Gamberini,SSC Napoli,Serie A,2012-01-01T00:00:00Z,2014-01-01T00:00:00Z,25
http://www.wikidata.org/entity/Q312400,Alessandro Gamberini,Genoa CFC,Serie A,2013-01-01T00:00:00Z,2014-01-01T00:00:00Z,10
http://www.wikidata.org/entity/Q312437,Mikel San José,Athletic Club,La Liga,2005-01-01T00:00:00Z,2007-01-01T00:00:00Z,
http://www.wikidata.org/entity/Q312437,Mikel San José,Liverpool F.C.,Premier League,2007-01-01T00:00:00Z,2010-01-01T00:00:00Z,0
http://www.wikidata.org/entity/Q312437,Mikel San José,Athletic Club,La Liga,2009-01-01T00:00:00Z,2010-01-01T00:00:00Z,25
http://www.wikidata.org/entity/Q312437,Mikel San José,Athletic Club,La Liga,2010-01-01T00:00:00Z,2020-01-01T00:00:00Z,279
http://www.wikidata.org/entity/Q312516,Martin Jørgensen,Udinese Calcio,Serie A,1997-01-01T00:00:00Z,2004-01-01T00:00:00Z,184
http://www.wikidata.org/entity/Q312516,Martin Jørgensen,ACF Fiorentina,Serie A,2004-01-01T00:00:00Z,2010-01-01T00:00:00Z,151
http://www.wikidata.org/entity/Q312937,Angelo Ogbonna,Torino FC,Serie A,2006-01-01T00:00:00Z,2013-01-01T00:00:00Z,150
http://www.wikidata.org/entity/Q312937,Angelo Ogbonna,Juventus FC,Serie A,2013-01-01T00:00:00Z,2015-01-01T00:00:00Z,41
http://www.wikidata.org/entity/Q312937,Angelo Ogbonna,West Ham United F.C.,Premier League,2015-01-01T00:00:00Z,2024-01-01T00:00:00Z,201
http://www.wikidata.org/entity/Q312946,Raúl Tamudo,RCD Espanyol de Barcelona,La Liga,1997-01-01T00:00:00Z,2010-01-01T00:00:00Z,340
http://www.wikidata.org/entity/Q312946,Raúl Tamudo,Deportivo Alavés,La Liga,1998-01-01T00:00:00Z,1998-01-01T00:00:00Z,6
http://www.wikidata.org/entity/Q312946,Raúl Tamudo,Real Sociedad,La Liga,2010-01-01T00:00:00Z,2011-01-01T00:00:00Z,31
http://www.wikidata.org/entity/Q312946,Raúl Tamudo,Rayo Vallecano,La Liga,2011-01-01T00:00:00Z,2012-01-01T00:00:00Z,32
http://www.wikidata.org/entity/Q312946,Raúl Tamudo,Rayo Vallecano,La Liga,2013-01-01T00:00:00Z,2013-01-01T00:00:00Z,4
http://www.wikidata.org/entity/Q313050,Darko Kovačević,Real Sociedad,La Liga,1996-01-01T00:00:00Z,1999-01-01T00:00:00Z,98
http://www.wikidata.org/entity/Q313050,Darko Kovačević,Juventus FC,Serie A,1999-01-01T00:00:00Z,2001-01-01T00:00:00Z,71
http://www.wikidata.org/entity/Q313050,Darko Kovačević,SS Lazio,Serie A,2001-01-01T00:00:00Z,2001-01-01T00:00:00Z,7
http://www.wikidata.org/entity/Q313050,Darko Kovačević,Real Sociedad,La Liga,2001-01-01T00:00:00Z,2007-01-01T00:00:00Z,180
http://www.wikidata.org/entity/Q313085,Shola Ameobi,Newcastle United F.C.,Premier League,2000-01-01T00:00:00Z,2014-01-01T00:00:00Z,312
http://www.wikidata.org/entity/Q313085,Shola Ameobi,Crystal Palace F.C.,Premier League,2015-01-01T00:00:00Z,2015-01-01T00:00:00Z,4
http://www.wikidata.org/entity/Q313130,Emiliano Moretti,ACF Fiorentina,Serie A,1998-01-01T00:00:00Z,2002-01-01T00:00:00Z,36
http://www.wikidata.org/entity/Q313130,Emiliano Moretti,Juventus FC,Serie A,2002-01-01T00:00:00Z,2003-01-01T00:00:00Z,8
http://www.wikidata.org/entity/Q313130,Emiliano Moretti,Bologna F.C. 1909,Serie A,2003-01-01T00:00:00Z,2004-01-01T00:00:00Z,32
http://www.wikidata.org/entity/Q313130,Emiliano Moretti,Parma Calcio 1913,Serie A,2003-01-01T00:00:00Z,2004-01-01T00:00:00Z,0
http://www.wikidata.org/entity/Q313130,Emiliano Moretti,Valencia CF,La Liga,2004-01-01T00:00:00Z,2009-01-01T00:00:00Z,135
http://www.wikidata.org/entity/Q313130,Emiliano Moretti,Genoa CFC,Serie A,2009-01-01T00:00:00Z,2013-01-01T00:00:00Z,107
http://www.wikidata.org/entity/Q313130,Emiliano Moretti,Torino FC,Serie A,2013-01-01T00:00:00Z,,
http://www.wikidata.org/entity/Q313143,Juan Arango,RCD Mallorca,La Liga,2004-07-20T00:00:00Z,2009-06-26T00:00:00Z,196
http://www.wikidata.org/entity/Q313143,Juan Arango,Borussia Mönchengladbach,Bundesliga,2009-06-26T00:00:00Z,2014-06-30T00:00:00Z,163
http://www.wikidata.org/entity/Q313161,Claudio Bravo,Real Sociedad,La Liga,2006-01-01T00:00:00Z,2014-01-01T00:00:00Z,229
http://www.wikidata.org/entity/Q313161,Claudio Bravo,Futbol Club Barcelona,La Liga,2014-01-01T00:00:00Z,2016-01-01T00:00:00Z,70
http://www.wikidata.org/entity/Q313161,Claudio Bravo,Manchester City F.C.,Premier League,2016-08-15T00:00:00Z,2020-08-01T00:00:00Z,29
http://www.wikidata.org/entity/Q313161,Claudio Bravo,Real Betis Balompié,La Liga,2020-08-01T00:00:00Z,2024-06-01T00:00:00Z,56
http://www.wikidata.org/entity/Q313201,Sergio García de la Fuente,Futbol Club Barcelona,La Liga,2003-01-01T00:00:00Z,2005-01-01T00:00:00Z,4
http://www.wikidata.org/entity/Q313201,Sergio García de la Fuente,Levante UD,La Liga,2004-01-01T00:00:00Z,2005-01-01T00:00:00Z,31
http://www.wikidata.org/entity/Q313201,Sergio García de la Fuente,Real Betis Balompié,La Liga,2008-01-01T00:00:00Z,2010-01-01T00:00:00Z,62
http://www.wikidata.org/entity/Q313201,Sergio García de la Fuente,RCD Espanyol de Barcelona,La Liga,2010-01-01T00:00:00Z,2015-01-01T00:00:00Z,145
http://www.wikidata.org/entity/Q313201,Sergio García de la Fuente,RCD Espanyol de Barcelona,La Liga,2017-01-01T00:00:00Z,2019-01-01T00:00:00Z,62
http://www.wikidata.org/entity/Q313308,Miguel Ángel Angulo,Valencia CF,La Liga,1996-01-01T00:00:00Z,2009-01-01T00:00:00Z,313
http://www.wikidata.org/entity/Q313308,Miguel Ángel Angulo,Villarreal CF,La Liga,1996-01-01T00:00:00Z,1997-01-01T00:00:00Z,32
http://www.wikidata.org/entity/Q313316,Romelu Lukaku,Chelsea F.C.,Premier League,2011-01-01T00:00:00Z,2014-01-01T00:00:00Z,10
http://www.wikidata.org/entity/Q313316,Romelu Lukaku,Everton F.C.,Premier League,2013-01-01T00:00:00Z,2014-01-01T00:00:00Z,31
http://www.wikidata.org/entity/Q313316,Romelu Lukaku,Everton F.C.,Premier League,2014-01-01T00:00:00Z,2017-01-01T00:00:00Z,110
http://www.wikidata.org/entity/Q313316,Romelu Lukaku,Manchester United F.C.,Premier League,2017-01-01T00:00:00Z,2019-01-01T00:00:00Z,66
http://www.wikidata.org/entity/Q313316,Romelu Lukaku,Inter Milan,Serie A,2019-01-01T00:00:00Z,2021-01-01T00:00:00Z,72
http://www.wikidata.org/entity/Q313316,Romelu Lukaku,Chelsea F.C.,Premier League,2021-08-12T00:00:00Z,2024-08-01T00:00:00Z,26
http://www.wikidata.org/entity/Q313316,Romelu Lukaku,Inter Milan,Serie A,2022-06-01T00:00:00Z,2023-06-30T00:00:00Z,25
http://www.wikidata.org/entity/Q313316,Romelu Lukaku,AS Roma,Serie A,2023-08-31T00:00:00Z,2024-07-01T00:00:00Z,32
http://www.wikidata.org/entity/Q313316,Romelu Lukaku,SSC Napoli,Serie A,2024-08-01T00:00:00Z,,36
http://www.wikidata.org/entity/Q313480,Gianluca Pagliuca,Inter Milan,Serie A,1994-01-01T00:00:00Z,1999-01-01T00:00:00Z,165
http://www.wikidata.org/entity/Q313480,Gianluca Pagliuca,Bologna F.C. 1909,Serie A,1999-01-01T00:00:00Z,2006-01-01T00:00:00Z,248
http://www.wikidata.org/entity/Q314250,Fernando Amorebieta,Athletic Club,La Liga,1996-01-01T00:00:00Z,2003-01-01T00:00:00Z,
http://www.wikidata.org/entity/Q314250,Fernando Amorebieta,Athletic Club,La Liga,2005-01-01T00:00:00Z,2013-01-01T00:00:00Z,254
http://www.wikidata.org/entity/Q314250,Fernando Amorebieta,Fulham F.C.,Premier League,2013-01-01T00:00:00Z,2016-01-01T00:00:00Z,48
http://www.wikidata.org/entity/Q314259,Iker Muníain,Athletic Club,La Liga,2005-01-01T00:00:00Z,2009-01-01T00:00:00Z,
http://www.wikidata.org/entity/Q314259,Iker Muníain,Athletic Club,La Liga,2009-01-01T00:00:00Z,2024-01-01T00:00:00Z,560
http://www.wikidata.org/entity/Q314405,Martin Keown,Arsenal F.C.,Premier League,1984-01-01T00:00:00Z,1986-01-01T00:00:00Z,22
http://www.wikidata.org/entity/Q314405,Martin Keown,Brighton & Hove Albion F.C.,Premier League,1985-01-01T00:00:00Z,1985-01-01T00:00:00Z,23
http://www.wikidata.org/entity/Q314405,Martin Keown,Aston Villa F.C.,Premier League,1986-01-01T00:00:00Z,1989-01-01T00:00:00Z,112
http://www.wikidata.org/entity/Q314405,Martin Keown,Everton F.C.,Premier League,1989-01-01T00:00:00Z,1993-01-01T00:00:00Z,96
http://www.wikidata.org/entity/Q314405,Martin Keown,Arsenal F.C.,Premier League,1993-01-01T00:00:00Z,2004-01-01T00:00:00Z,311
http://www.wikidata.org/entity/Q314445,Ariel Ibagaza,RCD Mallorca,La Liga,1998-01-01T00:00:00Z,2003-01-01T00:00:00Z,143
http://www.wikidata.org/entity/Q314445,Ariel Ibagaza,Atlético Madrid,La Liga,2003-01-01T00:00:00Z,2006-01-01T00:00:00Z,85
http://www.wikidata.org/entity/Q314445,Ariel Ibagaza,RCD Mallorca,La Liga,2006-01-01T00:00:00Z,2008-01-01T00:00:00Z,61
http://www.wikidata.org/entity/Q314445,Ariel Ibagaza,Villarreal CF,La Liga,2008-01-01T00:00:00Z,2010-01-01T00:00:00Z,54
http://www.wikidata.org/entity/Q316457,Cristian Daniel Ledesma,US Lecce,Serie A,2002-01-01T00:00:00Z,2006-01-01T00:00:00Z,126
http://www.wikidata.org/entity/Q316457,Cristian Daniel Ledesma,SS Lazio,Serie A,2006-01-01T00:00:00Z,2015-01-01T00:00:00Z,259
http://www.wikidata.org/entity/Q316512,Luís Boa Morte,Arsenal F.C.,Premier League,1997-01-01T00:00:00Z,1999-01-01T00:00:00Z,25
http://www.wikidata.org/entity/Q316512,Luís Boa Morte,Fulham F.C.,Premier League,2000-01-01T00:00:00Z,2001-01-01T00:00:00Z,39
http://www.wikidata.org/entity/Q316512,Luís Boa Morte,Fulham F.C.,Premier League,2001-01-01T00:00:00Z,2007-01-01T00:00:00Z,166
http://www.wikidata.org/entity/Q316512,Luís Boa Morte,West Ham United F.C.,Premier League,2007-01-01T00:00:00Z,2011-01-01T00:00:00Z,91
http://www.wikidata.org/entity/Q316695,Sylvain Distin,Newcastle United F.C.,Premier League,2001-01-01T00:00:00Z,2002-01-01T00:00:00Z,28
http://www.wikidata.org/entity/Q316695,Sylvain Distin,Manchester City F.C.,Premier League,2002-01-01T00:00:00Z,2007-01-01T00:00:00Z,178
http://www.wikidata.org/entity/Q316695,Sylvain Distin,Everton F.C.,Premier League,2009-01-01T00:00:00Z,2015-01-01T00:00:00Z,174
http://www.wikidata.org/entity/Q316695,Sylvain Distin,AFC Bournemouth,Premier League,2015-01-01T00:00:00Z,2016-01-01T00:00:00Z,12
http://www.wikidata.org/entity/Q316724,Séamus Coleman,Everton F.C.,Premier League,2009-01-01T00:00:00Z,,372
http://www.wikidata.org/entity/Q316762,Cristián Zapata,Udinese Calcio,Serie A,2005-01-01T00:00:00Z,2011-01-01T00:00:00Z,168
http://www.wikidata.org/entity/Q316762,Cristián Zapata,Villarreal CF,La Liga,2011-01-01T00:00:00Z,2013-01-01T00:00:00Z,28
http://www.wikidata.org/entity/Q316762,Cristián Zapata,AC Milan,Serie A,2012-01-01T00:00:00Z,2013-01-01T00:00:00Z,23
http://www.wikidata.org/entity/Q316762,Cristián Zapata,AC Milan,Serie A,2013-01-01T00:00:00Z,2019-01-01T00:00:00Z,88
http://www.wikidata.org/entity/Q316762,Cristián Zapata,Genoa CFC,Serie A,2019-01-01T00:00:00Z,2021-01-01T00:00:00Z,32
http://www.wikidata.org/entity/Q316772,Raúl García,Club Atlético Osasuna,La Liga,,2004-01-01T00:00:00Z,
http://www.wikidata.org/entity/Q316772,Raúl García,Club Atlético Osasuna,La Liga,2004-01-01T00:00:00Z,2007-01-01T00:00:00Z,91
http://www.wikidata.org/entity/Q316772,Raúl García,Atlético Madrid,La Liga,2007-01-01T00:00:00Z,2015-01-01T00:00:00Z,306
http://www.wikidata.org/entity/Q316772,Raúl García,Club Atlético Osasuna,La Liga,2011-01-01T00:00:00Z,2012-01-01T00:00:00Z,35
http://www.wikidata.org/entity/Q316772,Raúl García,Athletic Club,La Liga,2015-01-01T00:00:00Z,2024-01-01T00:00:00Z,363
http://www.wikidata.org/entity/Q316852,Stefano Mauri,Udinese Calcio,Serie A,2004-01-01T00:00:00Z,2006-01-01T00:00:00Z,48
http://www.wikidata.org/entity/Q316852,Stefano Mauri,SS Lazio,Serie A,2006-01-01T00:00:00Z,2016-01-01T00:00:00Z,253
http://www.wikidata.org/entity/Q317216,Andoni Iraola,Athletic Club,La Liga,1999-01-01T00:00:00Z,2000-01-01T00:00:00Z,
http://www.wikidata.org/entity/Q317216,Andoni Iraola,Athletic Club,La Liga,2003-01-01T00:00:00Z,2015-01-01T00:00:00Z,406
http://www.wikidata.org/entity/Q318226,Stefano Fiore,Parma Calcio 1913,Serie A,1994-01-01T00:00:00Z,1995-01-01T00:00:00Z,8
http://www.wikidata.org/entity/Q318226,Stefano Fiore,Parma Calcio 1913,Serie A,1997-01-01T00:00:00Z,1999-01-01T00:00:00Z,54
http://www.wikidata.org/entity/Q318226,Stefano Fiore,Udinese Calcio,Serie A,1999-01-01T00:00:00Z,2001-01-01T00:00:00Z,67
http://www.wikidata.org/entity/Q318226,Stefano Fiore,SS Lazio,Serie A,2001-01-01T00:00:00Z,2004-01-01T00:00:00Z,95
http://www.wikidata.org/entity/Q318226,Stefano Fiore,Valencia CF,La Liga,2004-01-01T00:00:00Z,2007-01-01T00:00:00Z,20
http://www.wikidata.org/entity/Q318226,Stefano Fiore,ACF Fiorentina,Serie A,2005-01-01T00:00:00Z,2006-01-01T00:00:00Z,38
http://www.wikidata.org/entity/Q318226,Stefano Fiore,Torino FC,Serie A,2006-01-01T00:00:00Z,2006-01-01T00:00:00Z,19
http://www.wikidata.org/entity/Q3189078,Julian Brandt,Bayer 04 Leverkusen,Bundesliga,2014-01-01T00:00:00Z,2019-01-01T00:00:00Z,165
http://www.wikidata.org/entity/Q3189078,Julian Brandt,Borussia Dortmund,Bundesliga,2019-01-01T00:00:00Z,,197
http://www.wikidata.org/entity/Q319543,Gianluca Pessotto,AC Milan,Serie A,,,
http://www.wikidata.org/entity/Q319543,Gianluca Pessotto,Bologna F.C. 1909,Serie A,1992-01-01T00:00:00Z,1993-01-01T00:00:00Z,21
http://www.wikidata.org/entity/Q319543,Gianluca Pessotto,Hellas Verona FC,Serie A,1993-01-01T00:00:00Z,1994-01-01T00:00:00Z,34
http://www.wikidata.org/entity/Q319543,Gianluca Pessotto,Torino FC,Serie A,1994-01-01T00:00:00Z,1995-01-01T00:00:00Z,32
http://www.wikidata.org/entity/Q319543,Gianluca Pessotto,Juventus FC,Serie A,1995-01-01T00:00:00Z,2006-01-01T00:00:00Z,243
http://www.wikidata.org/entity/Q325886,Pablo Orbaiz,Club Atlético Osasuna,La Liga,1985-01-01T00:00:00Z,1996-01-01T00:00:00Z,
http://www.wikidata.org/entity/Q325886,Pablo Orbaiz,Club Atlético Osasuna,La Liga,1996-01-01T00:00:00Z,2000-01-01T00:00:00Z,73
http://www.wikidata.org/entity/Q325886,Pablo Orbaiz,Athletic Club,La Liga,2000-01-01T00:00:00Z,2012-01-01T00:00:00Z,318
http://www.wikidata.org/entity/Q327285,Stefan Reuter,FC Bayern Munich,Bundesliga,1988-01-01T00:00:00Z,1991-01-01T00:00:00Z,95
http://www.wikidata.org/entity/Q327285,Stefan Reuter,Juventus FC,Serie A,1991-01-01T00:00:00Z,1992-01-01T00:00:00Z,28
http://www.wikidata.org/entity/Q327285,Stefan Reuter,Borussia Dortmund,Bundesliga,1992-01-01T00:00:00Z,2004-01-01T00:00:00Z,307
http://www.wikidata.org/entity/Q3291863,Carlos Llorens,Elche CF,La Liga,1993-01-01T00:00:00Z,1994-01-01T00:00:00Z,28
http://www.wikidata.org/entity/Q3291863,Carlos Llorens,Levante UD,La Liga,1994-01-01T00:00:00Z,1995-01-01T00:00:00Z,33
http://www.wikidata.org/entity/Q3291863,Carlos Llorens,Rayo Vallecano,La Liga,1998-01-01T00:00:00Z,2000-01-01T00:00:00Z,69
http://www.wikidata.org/entity/Q3291863,Carlos Llorens,Atlético Madrid,La Liga,2000-01-01T00:00:00Z,2000-01-01T00:00:00Z,12
http://www.wikidata.org/entity/Q3291863,Carlos Llorens,Club Atlético Osasuna,La Liga,2001-01-01T00:00:00Z,2001-01-01T00:00:00Z,19
http://www.wikidata.org/entity/Q3291863,Carlos Llorens,Deportivo Alavés,La Liga,2001-01-01T00:00:00Z,2003-01-01T00:00:00Z,71
http://www.wikidata.org/entity/Q3291863,Carlos Llorens,Rayo Vallecano,La Liga,2006-01-01T00:00:00Z,2009-01-01T00:00:00Z,83
http://www.wikidata.org/entity/Q334576,Stephen Ward,Wolverhampton Wanderers F.C.,Premier League,2007-01-01T00:00:00Z,2014-01-01T00:00:00Z,222
http://www.wikidata.org/entity/Q334576,Stephen Ward,Brighton & Hove Albion F.C.,Premier League,2013-01-01T00:00:00Z,2014-01-01T00:00:00Z,44
http://www.wikidata.org/entity/Q334576,Stephen Ward,Burnley F.C.,Premier League,2014-01-01T00:00:00Z,2019-06-01T00:00:00Z,101
http://www.wikidata.org/entity/Q337617,Erik Lamela,AS Roma,Serie A,2011-01-01T00:00:00Z,2013-01-01T00:00:00Z,62
http://www.wikidata.org/entity/Q337617,Erik Lamela,Tottenham Hotspur F.C.,Premier League,2013-01-01T00:00:00Z,2021-01-01T00:00:00Z,177
http://www.wikidata.org/entity/Q337617,Erik Lamela,Sevilla FC,La Liga,2021-01-01T00:00:00Z,2024-01-01T00:00:00Z,65
http://www.wikidata.org/entity/Q338794,Agustín Aranzábal,Real Sociedad,La Liga,1992-01-01T00:00:00Z,2004-01-01T00:00:00Z,351
http://www.wikidata.org/entity/Q340077,David Unsworth,Everton F.C.,Premier League,1992-01-01T00:00:00Z,1997-01-01T00:00:00Z,116
http://www.wikidata.org/entity/Q340077,David Unsworth,West Ham United F.C.,Premier League,1997-01-01T00:00:00Z,1998-01-01T00:00:00Z,32
http://www.wikidata.org/entity/Q340077,David Unsworth,Everton F.C.,Premier League,1998-01-01T00:00:00Z,2004-01-01T00:00:00Z,188
http://www.wikidata.org/entity/Q340077,David Unsworth,Aston Villa F.C.,Premier League,1998-01-01T00:00:00Z,1998-01-01T00:00:00Z,0
http://www.wikidata.org/entity/Q340077,David Unsworth,Burnley F.C.,Premier League,2007-01-01T00:00:00Z,2008-01-01T00:00:00Z,29
http://www.wikidata.org/entity/Q342219,Nacho Monreal,Club Atlético Osasuna,La Liga,2006-01-01T00:00:00Z,2011-01-01T00:00:00Z,127
http://www.wikidata.org/entity/Q342219,Nacho Monreal,Arsenal F.C.,Premier League,2013-01-01T00:00:00Z,2019-01-01T00:00:00Z,187
http://www.wikidata.org/entity/Q342219,Nacho Monreal,Real Sociedad,La Liga,2019-01-01T00:00:00Z,2022-01-01T00:00:00Z,55
http://www.wikidata.org/entity/Q342223,Sergi Barjuan,Futbol Club Barcelona,La Liga,1993-01-01T00:00:00Z,2002-01-01T00:00:00Z,267
http://www.wikidata.org/entity/Q342223,Sergi Barjuan,Atlético Madrid,La Liga,2002-01-01T00:00:00Z,2005-01-01T00:00:00Z,85
http://www.wikidata.org/entity/Q342308,Stephen Carr,Tottenham Hotspur F.C.,Premier League,1993-01-01T00:00:00Z,2004-01-01T00:00:00Z,226
http://www.wikidata.org/entity/Q342308,Stephen Carr,Newcastle United F.C.,Premier League,2004-01-01T00:00:00Z,2008-01-01T00:00:00Z,78
http://www.wikidata.org/entity/Q342484,Massimo brambella,Atalanta BC,Serie A,1992-01-01T00:00:00Z,1996-01-01T00:00:00Z,114
http://www.wikidata.org/entity/Q342484,Massimo brambella,Juventus FC,Serie A,1996-01-01T00:00:00Z,2005-01-01T00:00:00Z,186
http://www.wikidata.org/entity/Q348407,Domenico Berardi,US Sassuolo Calcio,Serie A,2012-01-01T00:00:00Z,2013-01-01T00:00:00Z,37
http://www.wikidata.org/entity/Q348407,Domenico Berardi,Juventus FC,Serie A,2013-01-01T00:00:00Z,2015-01-01T00:00:00Z,0
http://www.wikidata.org/entity/Q348407,Domenico Berardi,US Sassuolo Calcio,Serie A,2013-01-01T00:00:00Z,2015-01-01T00:00:00Z,61
http://www.wikidata.org/entity/Q348407,Domenico Berardi,US Sassuolo Calcio,Serie A,2015-01-01T00:00:00Z,http://www.wikidata.org/.well-known/genid/1ec7436b595deeb6fda8996e7883723a,252
http://www.wikidata.org/entity/Q348857,Gary Neville,Manchester United F.C.,Premier League,1992-01-01T00:00:00Z,2011-01-01T00:00:00Z,400
http://www.wikidata.org/entity/Q350271,Damiano Tommasi,Inter Milan,Serie A,,,
http://www.wikidata.org/entity/Q350271,Damiano Tommasi,Hellas Verona FC,Serie A,1993-01-01T00:00:00Z,1996-01-01T00:00:00Z,77
http://www.wikidata.org/entity/Q350271,Damiano Tommasi,AS Roma,Serie A,1996-01-01T00:00:00Z,2006-01-01T00:00:00Z,262
http://www.wikidata.org/entity/Q350271,Damiano Tommasi,Levante UD,La Liga,2006-01-01T00:00:00Z,2008-01-01T00:00:00Z,44
http://www.wikidata.org/entity/Q350489,Cristiano Doni,Bologna F.C. 1909,Serie A,1994-01-01T00:00:00Z,1996-01-01T00:00:00Z,54
http://www.wikidata.org/entity/Q350489,Cristiano Doni,Atalanta BC,Serie A,1998-01-01T00:00:00Z,2003-01-01T00:00:00Z,145
http://www.wikidata.org/entity/Q350489,Cristiano Doni,RCD Mallorca,La Liga,2005-01-01T00:00:00Z,2006-01-01T00:00:00Z,24
http://www.wikidata.org/entity/Q350489,Cristiano Doni,Atalanta BC,Serie A,2006-01-01T00:00:00Z,2011-01-01T00:00:00Z,151
http://www.wikidata.org/entity/Q350684,Markel Susaeta,Athletic Club,La Liga,1997-01-01T00:00:00Z,2005-01-01T00:00:00Z,
http://www.wikidata.org/entity/Q350684,Markel Susaeta,Athletic Club,La Liga,2007-01-01T00:00:00Z,2019-01-01T00:00:00Z,507
http://www.wikidata.org/entity/Q350851,Julen Guerrero,Athletic Club,La Liga,1982-01-01T00:00:00Z,1991-01-01T00:00:00Z,
http://www.wikidata.org/entity/Q350851,Julen Guerrero,Athletic Club,La Liga,1992-01-01T00:00:00Z,2006-01-01T00:00:00Z,372
http://www.wikidata.org/entity/Q350988,Simone Padoin,Atalanta BC,Serie A,2007-01-01T00:00:00Z,2012-01-01T00:00:00Z,156
http://www.wikidata.org/entity/Q350988,Simone Padoin,Juventus FC,Serie A,2012-01-01T00:00:00Z,2016-01-01T00:00:00Z,84
http://www.wikidata.org/entity/Q350988,Simone Padoin,Cagliari Calcio,Serie A,2016-01-01T00:00:00Z,2019-01-01T00:00:00Z,98
http://www.wikidata.org/entity/Q3529022,Timo Werner,VfB Stuttgart,Bundesliga,2013-01-01T00:00:00Z,2016-01-01T00:00:00Z,95
http://www.wikidata.org/entity/Q3529022,Timo Werner,RB Leipzig,Bundesliga,2016-01-01T00:00:00Z,2020-01-01T00:00:00Z,127
http://www.wikidata.org/entity/Q3529022,Timo Werner,Chelsea F.C.,Premier League,2020-01-01T00:00:00Z,2022-01-01T00:00:00Z,56
http://www.wikidata.org/entity/Q3529022,Timo Werner,RB Leipzig,Bundesliga,2022-08-09T00:00:00Z,,35
http://www.wikidata.org/entity/Q3529022,Timo Werner,Tottenham Hotspur F.C.,Premier League,2024-01-09T00:00:00Z,2025-06-30T00:00:00Z,31
http://www.wikidata.org/entity/Q3531728,David López Silva,RCD Espanyol de Barcelona,La Liga,2010-01-01T00:00:00Z,2014-01-01T00:00:00Z,37
http://www.wikidata.org/entity/Q3531728,David López Silva,SSC Napoli,Serie A,2014-01-01T00:00:00Z,2016-01-01T00:00:00Z,57
http://www.wikidata.org/entity/Q3531728,David López Silva,RCD Espanyol de Barcelona,La Liga,2016-01-01T00:00:00Z,2022-01-01T00:00:00Z,181
http://www.wikidata.org/entity/Q3531728,David López Silva,Girona FC,La Liga,2022-01-01T00:00:00Z,,65
http://www.wikidata.org/entity/Q353181,Miroslav Karhan,Real Betis Balompié,La Liga,1999-01-01T00:00:00Z,2000-01-01T00:00:00Z,33
http://www.wikidata.org/entity/Q353181,Miroslav Karhan,VfL Wolfsburg,Bundesliga,2001-01-01T00:00:00Z,2007-01-01T00:00:00Z,173
http://www.wikidata.org/entity/Q353181,Miroslav Karhan,1. FSV Mainz 05,Bundesliga,2007-01-01T00:00:00Z,2011-01-01T00:00:00Z,109
http://www.wikidata.org/entity/Q353520,Lee Bowyer,Leeds United F.C.,Premier League,1996-01-01T00:00:00Z,2003-01-01T00:00:00Z,203
http://www.wikidata.org/entity/Q353520,Lee Bowyer,Newcastle United F.C.,Premier League,2003-01-01T00:00:00Z,2006-01-01T00:00:00Z,79
http://www.wikidata.org/entity/Q353520,Lee Bowyer,West Ham United F.C.,Premier League,2003-01-01T00:00:00Z,2003-01-01T00:00:00Z,10
http://www.wikidata.org/entity/Q353520,Lee Bowyer,West Ham United F.C.,Premier League,2006-01-01T00:00:00Z,2009-01-01T00:00:00Z,41
http://www.wikidata.org/entity/Q357984,Kevin De Bruyne,Chelsea F.C.,Premier League,2012-01-01T00:00:00Z,2014-01-01T00:00:00Z,3
http://www.wikidata.org/entity/Q357984,Kevin De Bruyne,SV Werder Bremen,Bundesliga,2012-01-01T00:00:00Z,2013-01-01T00:00:00Z,33
http://www.wikidata.org/entity/Q357984,Kevin De Bruyne,VfL Wolfsburg,Bundesliga,2014-01-01T00:00:00Z,2015-01-01T00:00:00Z,52
http://www.wikidata.org/entity/Q357984,Kevin De Bruyne,Manchester City F.C.,Premier League,2015-01-01T00:00:00Z,2025-01-01T00:00:00Z,285
http://www.wikidata.org/entity/Q357984,Kevin De Bruyne,SSC Napoli,Serie A,2025-01-01T00:00:00Z,,8
http://www.wikidata.org/entity/Q358407,Xabi Prieto,Real Sociedad,La Liga,2003-01-01T00:00:00Z,2018-01-01T00:00:00Z,479
http://www.wikidata.org/entity/Q358684,Carlos Gurpegui,Athletic Club,La Liga,1998-01-01T00:00:00Z,1999-01-01T00:00:00Z,
http://www.wikidata.org/entity/Q358684,Carlos Gurpegui,Athletic Club,La Liga,2002-01-01T00:00:00Z,2016-01-01T00:00:00Z,393
http://www.wikidata.org/entity/Q358688,Gabriel Fernández Arena,Atlético Madrid,La Liga,2004-01-01T00:00:00Z,2007-01-01T00:00:00Z,58
http://www.wikidata.org/entity/Q358688,Gabriel Fernández Arena,Getafe CF,La Liga,2004-01-01T00:00:00Z,2005-01-01T00:00:00Z,32
http://www.wikidata.org/entity/Q358688,Gabriel Fernández Arena,Atlético Madrid,La Liga,2011-01-01T00:00:00Z,2018-01-01T00:00:00Z,239
http://www.wikidata.org/entity/Q358793,Ian Harte,Leeds United F.C.,Premier League,1996-01-01T00:00:00Z,2004-01-01T00:00:00Z,213
http://www.wikidata.org/entity/Q358793,Ian Harte,Levante UD,La Liga,2004-01-01T00:00:00Z,2007-01-01T00:00:00Z,66
http://www.wikidata.org/entity/Q358793,Ian Harte,Sunderland A.F.C.,Premier League,2007-01-01T00:00:00Z,2008-01-01T00:00:00Z,8
http://www.wikidata.org/entity/Q358793,Ian Harte,AFC Bournemouth,Premier League,2013-01-01T00:00:00Z,2015-01-01T00:00:00Z,28
http://www.wikidata.org/entity/Q360177,Ismael Urzaiz,Real Madrid Club de Fútbol,La Liga,1985-01-01T00:00:00Z,1989-01-01T00:00:00Z,
http://www.wikidata.org/entity/Q360177,Ismael Urzaiz,Real Madrid Club de Fútbol,La Liga,1990-01-01T00:00:00Z,1993-01-01T00:00:00Z,0
http://www.wikidata.org/entity/Q360177,Ismael Urzaiz,RC Celta de Vigo,La Liga,1993-01-01T00:00:00Z,1993-01-01T00:00:00Z,6
http://www.wikidata.org/entity/Q360177,Ismael Urzaiz,Rayo Vallecano,La Liga,1993-01-01T00:00:00Z,1994-01-01T00:00:00Z,20
http://www.wikidata.org/entity/Q360177,Ismael Urzaiz,RCD Espanyol de Barcelona,La Liga,1995-01-01T00:00:00Z,1996-01-01T00:00:00Z,41
http://www.wikidata.org/entity/Q360177,Ismael Urzaiz,Athletic Club,La Liga,1996-01-01T00:00:00Z,2007-01-01T00:00:00Z,367
http://www.wikidata.org/entity/Q363608,Darren Anderton,Tottenham Hotspur F.C.,Premier League,1992-01-01T00:00:00Z,2004-01-01T00:00:00Z,299
http://www.wikidata.org/entity/Q363608,Darren Anderton,Wolverhampton Wanderers F.C.,Premier League,2005-01-01T00:00:00Z,2006-01-01T00:00:00Z,24
http://www.wikidata.org/entity/Q363608,Darren Anderton,AFC Bournemouth,Premier League,2006-01-01T00:00:00Z,2008-01-01T00:00:00Z,66
http://www.wikidata.org/entity/Q3659664,Carlo Nervo,Bologna F.C. 1909,Serie A,1994-01-01T00:00:00Z,2005-01-01T00:00:00Z,311
http://www.wikidata.org/entity/Q3659664,Carlo Nervo,Bologna F.C. 1909,Serie A,2006-01-01T00:00:00Z,2007-01-01T00:00:00Z,26
http://www.wikidata.org/entity/Q369133,Roberto Sensini,Udinese Calcio,Serie A,1989-01-01T00:00:00Z,1993-01-01T00:00:00Z,149
http://www.wikidata.org/entity/Q369133,Roberto Sensini,Parma Calcio 1913,Serie A,1993-01-01T00:00:00Z,1999-01-01T00:00:00Z,156
http://www.wikidata.org/entity/Q369133,Roberto Sensini,SS Lazio,Serie A,1999-01-01T00:00:00Z,2000-01-01T00:00:00Z,24
http://www.wikidata.org/entity/Q369133,Roberto Sensini,Parma Calcio 1913,Serie A,2000-01-01T00:00:00Z,2002-01-01T00:00:00Z,35
http://www.wikidata.org/entity/Q369133,Roberto Sensini,Udinese Calcio,Serie A,2002-01-01T00:00:00Z,2006-01-01T00:00:00Z,91
http://www.wikidata.org/entity/Q369764,Ander Iturraspe,Athletic Club,La Liga,1999-01-01T00:00:00Z,2007-01-01T00:00:00Z,
http://www.wikidata.org/entity/Q369764,Ander Iturraspe,Athletic Club,La Liga,2008-01-01T00:00:00Z,2019-01-01T00:00:00Z,320
http://www.wikidata.org/entity/Q369764,Ander Iturraspe,RCD Espanyol de Barcelona,La Liga,2019-01-01T00:00:00Z,2020-01-01T00:00:00Z,18
http://www.wikidata.org/entity/Q370395,Bruno Soriano,Villarreal CF,La Liga,2006-01-01T00:00:00Z,2020-07-01T00:00:00Z,324
http://www.wikidata.org/entity/Q370403,Mario Suárez,Atlético Madrid,La Liga,2005-11-06T00:00:00Z,2008-07-03T00:00:00Z,6
http://www.wikidata.org/entity/Q370403,Mario Suárez,RC Celta de Vigo,La Liga,2007-08-21T00:00:00Z,2008-06-30T00:00:00Z,27
http://www.wikidata.org/entity/Q370403,Mario Suárez,RCD Mallorca,La Liga,2008-07-03T00:00:00Z,2010-06-30T00:00:00Z,70
http://www.wikidata.org/entity/Q370403,Mario Suárez,Atlético Madrid,La Liga,2010-07-01T00:00:00Z,2015-07-22T00:00:00Z,180
http://www.wikidata.org/entity/Q370403,Mario Suárez,ACF Fiorentina,Serie A,2015-07-22T00:00:00Z,2016-01-30T00:00:00Z,13
http://www.wikidata.org/entity/Q370403,Mario Suárez,Valencia CF,La Liga,2016-08-16T00:00:00Z,2017-06-30T00:00:00Z,24
http://www.wikidata.org/entity/Q370403,Mario Suárez,Rayo Vallecano,La Liga,2019-01-31T00:00:00Z,2023-01-01T00:00:00Z,108
http://www.wikidata.org/entity/Q372879,Juanfran,Levante UD,La Liga,1994-01-01T00:00:00Z,1997-01-01T00:00:00Z,47
http://www.wikidata.org/entity/Q372879,Juanfran,Valencia CF,La Liga,1997-01-01T00:00:00Z,1999-01-01T00:00:00Z,41
http://www.wikidata.org/entity/Q372879,Juanfran,RC Celta de Vigo,La Liga,1999-01-01T00:00:00Z,2004-01-01T00:00:00Z,126
http://www.wikidata.org/entity/Q372879,Juanfran,Levante UD,La Liga,2010-01-01T00:00:00Z,2016-01-01T00:00:00Z,170
http://www.wikidata.org/entity/Q3752322,José Antonio Pikabea,Real Sociedad,La Liga,1992-01-01T00:00:00Z,2003-01-01T00:00:00Z,313
http://www.wikidata.org/entity/Q377746,Ray Parlour,Arsenal F.C.,Premier League,1992-01-01T00:00:00Z,2004-01-01T00:00:00Z,339
http://www.wikidata.org/entity/Q378005,Nolberto Solano,Newcastle United F.C.,Premier League,1998-01-01T00:00:00Z,2004-01-01T00:00:00Z,182
http://www.wikidata.org/entity/Q378005,Nolberto Solano,Aston Villa F.C.,Premier League,2004-01-01T00:00:00Z,2005-01-01T00:00:00Z,49
http://www.wikidata.org/entity/Q378005,Nolberto Solano,Newcastle United F.C.,Premier League,2005-01-01T00:00:00Z,2007-01-01T00:00:00Z,58
http://www.wikidata.org/entity/Q378005,Nolberto Solano,West Ham United F.C.,Premier League,2007-01-01T00:00:00Z,2008-01-01T00:00:00Z,23
http://www.wikidata.org/entity/Q3780217,Oli,Real Oviedo,La Liga,1993-01-01T00:00:00Z,1997-01-01T00:00:00Z,111
http://www.wikidata.org/entity/Q3780217,Oli,Real Betis Balompié,La Liga,1997-01-01T00:00:00Z,2000-01-01T00:00:00Z,92
http://www.wikidata.org/entity/Q3780217,Oli,Real Oviedo,La Liga,2000-01-01T00:00:00Z,2003-01-01T00:00:00Z,105
http://www.wikidata.org/entity/Q3780249,César Palacios,Club Atlético Osasuna,La Liga,1987-01-01T00:00:00Z,1993-01-01T00:00:00Z,
http://www.wikidata.org/entity/Q3780249,César Palacios,Club Atlético Osasuna,La Liga,1994-01-01T00:00:00Z,2004-01-01T00:00:00Z,312
http://www.wikidata.org/entity/Q3810078,Jorginho,Hellas Verona FC,Serie A,2010-01-01T00:00:00Z,2014-01-01T00:00:00Z,89
http://www.wikidata.org/entity/Q3810078,Jorginho,SSC Napoli,Serie A,2014-01-18T00:00:00Z,2018-07-14T00:00:00Z,133
http://www.wikidata.org/entity/Q3810078,Jorginho,Chelsea F.C.,Premier League,2018-07-14T00:00:00Z,2023-01-31T00:00:00Z,143
http://www.wikidata.org/entity/Q3810078,Jorginho,Arsenal F.C.,Premier League,2023-02-01T00:00:00Z,2025-06-01T00:00:00Z,53
http://www.wikidata.org/entity/Q381909,Giuseppe Vives,US Lecce,Serie A,2006-01-01T00:00:00Z,2011-01-01T00:00:00Z,158
http://www.wikidata.org/entity/Q381909,Giuseppe Vives,Torino FC,Serie A,2011-01-01T00:00:00Z,2017-01-01T00:00:00Z,151
http://www.wikidata.org/entity/Q382074,José Mari,Sevilla FC,La Liga,1995-01-01T00:00:00Z,1997-01-01T00:00:00Z,28
http://www.wikidata.org/entity/Q382074,José Mari,Atlético Madrid,La Liga,1997-01-01T00:00:00Z,1999-01-01T00:00:00Z,84
http://www.wikidata.org/entity/Q382074,José Mari,Sevilla FC,La Liga,1997-01-01T00:00:00Z,1997-01-01T00:00:00Z,21
http://www.wikidata.org/entity/Q382074,José Mari,AC Milan,Serie A,2000-01-01T00:00:00Z,2003-01-01T00:00:00Z,52
http://www.wikidata.org/entity/Q382074,José Mari,Atlético Madrid,La Liga,2002-01-01T00:00:00Z,2003-01-01T00:00:00Z,31
http://www.wikidata.org/entity/Q382074,José Mari,Villarreal CF,La Liga,2003-01-01T00:00:00Z,2007-01-01T00:00:00Z,113
http://www.wikidata.org/entity/Q382074,José Mari,Real Betis Balompié,La Liga,2007-01-01T00:00:00Z,2008-01-01T00:00:00Z,21
http://www.wikidata.org/entity/Q382193,Alessio Tacchinardi,Atalanta BC,Serie A,1992-01-01T00:00:00Z,1994-01-01T00:00:00Z,8
http://www.wikidata.org/entity/Q382193,Alessio Tacchinardi,Juventus FC,Serie A,1994-01-01T00:00:00Z,2007-01-01T00:00:00Z,261
http://www.wikidata.org/entity/Q382193,Alessio Tacchinardi,Villarreal CF,La Liga,2005-01-01T00:00:00Z,2007-01-01T00:00:00Z,45
http://www.wikidata.org/entity/Q3852031,Matt Ritchie,AFC Bournemouth,Premier League,2013-01-01T00:00:00Z,2016-01-01T00:00:00Z,130
http://www.wikidata.org/entity/Q3852031,Matt Ritchie,Newcastle United F.C.,Premier League,2016-01-01T00:00:00Z,2024-01-01T00:00:00Z,187
http://www.wikidata.org/entity/Q3855340,Aymeric Laporte,Athletic Club,La Liga,2010-01-01T00:00:00Z,2011-01-01T00:00:00Z,
http://www.wikidata.org/entity/Q3855340,Aymeric Laporte,Athletic Club,La Liga,2012-01-01T00:00:00Z,2018-01-01T00:00:00Z,222
http://www.wikidata.org/entity/Q3855340,Aymeric Laporte,Manchester City F.C.,Premier League,2018-01-01T00:00:00Z,2023-01-01T00:00:00Z,181
http://www.wikidata.org/entity/Q3855340,Aymeric Laporte,Athletic Club,La Liga,2025-09-01T00:00:00Z,,9
http://www.wikidata.org/entity/Q410881,Aitor López Rekarte,Real Sociedad,La Liga,1997-01-01T00:00:00Z,2007-01-01T00:00:00Z,338
http://www.wikidata.org/entity/Q4118260,Yuri Berchiche,Real Sociedad,La Liga,2004-01-01T00:00:00Z,2005-01-01T00:00:00Z,
http://www.wikidata.org/entity/Q4118260,Yuri Berchiche,Athletic Club,La Liga,2005-01-01T00:00:00Z,2007-01-01T00:00:00Z,
http://www.wikidata.org/entity/Q4118260,Yuri Berchiche,Tottenham Hotspur F.C.,Premier League,2007-01-01T00:00:00Z,2010-01-01T00:00:00Z,0
http://www.wikidata.org/entity/Q4118260,Yuri Berchiche,Real Sociedad,La Liga,2014-01-01T00:00:00Z,2017-01-01T00:00:00Z,88
http://www.wikidata.org/entity/Q4118260,Yuri Berchiche,Athletic Club,La Liga,2018-01-01T00:00:00Z,,239
http://www.wikidata.org/entity/Q429039,Roberto Carlos,Inter Milan,Serie A,1995-01-01T00:00:00Z,1996-01-01T00:00:00Z,30
http://www.wikidata.org/entity/Q429039,Roberto Carlos,Real Madrid Club de Fútbol,La Liga,1996-01-01T00:00:00Z,2007-01-01T00:00:00Z,370
http://www.wikidata.org/entity/Q429720,Iñigo Idiakez,Real Sociedad,La Liga,1992-01-01T00:00:00Z,2002-01-01T00:00:00Z,254
http://www.wikidata.org/entity/Q429720,Iñigo Idiakez,Real Oviedo,La Liga,2002-01-01T00:00:00Z,2003-01-01T00:00:00Z,34
http://www.wikidata.org/entity/Q429720,Iñigo Idiakez,Rayo Vallecano,La Liga,2003-01-01T00:00:00Z,2004-01-01T00:00:00Z,30
http://www.wikidata.org/entity/Q431235,Francisco Yeste,Athletic Club,La Liga,1991-01-01T00:00:00Z,1997-01-01T00:00:00Z,
http://www.wikidata.org/entity/Q431235,Francisco Yeste,Athletic Club,La Liga,1998-01-01T00:00:00Z,2010-01-01T00:00:00Z,353
http://www.wikidata.org/entity/Q431455,Sergej Barbarez,1. FC Union Berlin,Bundesliga,1993-01-01T00:00:00Z,1996-01-01T00:00:00Z,88
http://www.wikidata.org/entity/Q431455,Sergej Barbarez,Borussia Dortmund,Bundesliga,1998-01-01T00:00:00Z,2000-01-01T00:00:00Z,36
http://www.wikidata.org/entity/Q431455,Sergej Barbarez,Hamburger SV,Bundesliga,2000-01-01T00:00:00Z,2006-01-01T00:00:00Z,174
http://www.wikidata.org/entity/Q431455,Sergej Barbarez,Bayer 04 Leverkusen,Bundesliga,2006-01-01T00:00:00Z,2008-01-01T00:00:00Z,61
http://www.wikidata.org/entity/Q432303,Igor Gabilondo,Real Sociedad,La Liga,1993-01-01T00:00:00Z,1997-01-01T00:00:00Z,
http://www.wikidata.org/entity/Q432303,Igor Gabilondo,Real Sociedad,La Liga,2000-01-01T00:00:00Z,2006-01-01T00:00:00Z,140
http://www.wikidata.org/entity/Q432303,Igor Gabilondo,Athletic Club,La Liga,2006-01-01T00:00:00Z,2012-01-01T00:00:00Z,175
http://www.wikidata.org/entity/Q433120,Milan Badelj,Hamburger SV,Bundesliga,2012-01-01T00:00:00Z,2014-01-01T00:00:00Z,62
http://www.wikidata.org/entity/Q433120,Milan Badelj,ACF Fiorentina,Serie A,2014-01-01T00:00:00Z,2018-06-01T00:00:00Z,108
http://www.wikidata.org/entity/Q433120,Milan Badelj,SS Lazio,Serie A,2018-08-01T00:00:00Z,2020-09-01T00:00:00Z,23
http://www.wikidata.org/entity/Q433120,Milan Badelj,ACF Fiorentina,Serie A,2019-08-01T00:00:00Z,2020-08-01T00:00:00Z,22
http://www.wikidata.org/entity/Q433120,Milan Badelj,Genoa CFC,Serie A,2020-09-01T00:00:00Z,2025-07-01T00:00:00Z,146
http://www.wikidata.org/entity/Q435065,Carsten Ramelow,Bayer 04 Leverkusen,Bundesliga,1996-01-01T00:00:00Z,2008-08-01T00:00:00Z,333
http://www.wikidata.org/entity/Q439722,Son Heung-min,Hamburger SV,Bundesliga,2010-01-01T00:00:00Z,2013-01-01T00:00:00Z,73
http://www.wikidata.org/entity/Q439722,Son Heung-min,Bayer 04 Leverkusen,Bundesliga,2013-01-01T00:00:00Z,2015-01-01T00:00:00Z,62
http://www.wikidata.org/entity/Q439722,Son Heung-min,Tottenham Hotspur F.C.,Premier League,2015-01-01T00:00:00Z,2025-08-01T00:00:00Z,333
http://www.wikidata.org/entity/Q439792,Patxi Puñal,Club Atlético Osasuna,La Liga,1997-01-01T00:00:00Z,2014-01-01T00:00:00Z,513
http://www.wikidata.org/entity/Q449214,Sascha Riether,SC Freiburg,Bundesliga,2002-01-01T00:00:00Z,2007-01-01T00:00:00Z,139
http://www.wikidata.org/entity/Q449214,Sascha Riether,VfL Wolfsburg,Bundesliga,2007-01-01T00:00:00Z,2011-01-01T00:00:00Z,116
http://www.wikidata.org/entity/Q449214,Sascha Riether,1. FC Köln,Bundesliga,2011-01-01T00:00:00Z,2013-01-01T00:00:00Z,33
http://www.wikidata.org/entity/Q449214,Sascha Riether,Fulham F.C.,Premier League,2012-01-01T00:00:00Z,2013-01-01T00:00:00Z,35
http://www.wikidata.org/entity/Q449214,Sascha Riether,Fulham F.C.,Premier League,2013-01-01T00:00:00Z,2014-01-01T00:00:00Z,31
http://www.wikidata.org/entity/Q449214,Sascha Riether,SC Freiburg,Bundesliga,2014-01-01T00:00:00Z,2015-01-01T00:00:00Z,19
http://www.wikidata.org/entity/Q454950,Beñat Etxebarria,Athletic Club,La Liga,1998-01-01T00:00:00Z,2005-01-01T00:00:00Z,
http://www.wikidata.org/entity/Q454950,Beñat Etxebarria,Athletic Club,La Liga,2006-01-01T00:00:00Z,2009-01-01T00:00:00Z,1
http://www.wikidata.org/entity/Q454950,Beñat Etxebarria,Real Betis Balompié,La Liga,2010-01-01T00:00:00Z,2013-01-01T00:00:00Z,118
http://www.wikidata.org/entity/Q454950,Beñat Etxebarria,Athletic Club,La Liga,2013-01-01T00:00:00Z,2020-01-01T00:00:00Z,241
http://www.wikidata.org/entity/Q455462,Antoine Griezmann,Real Sociedad,La Liga,2009-01-01T00:00:00Z,2014-01-01T00:00:00Z,180
http://www.wikidata.org/entity/Q455462,Antoine Griezmann,Atlético Madrid,La Liga,2014-01-01T00:00:00Z,2019-01-01T00:00:00Z,180
http://www.wikidata.org/entity/Q455462,Antoine Griezmann,Futbol Club Barcelona,La Liga,2019-01-01T00:00:00Z,2022-01-01T00:00:00Z,74
http://www.wikidata.org/entity/Q455462,Antoine Griezmann,Atlético Madrid,La Liga,2021-01-01T00:00:00Z,2022-01-01T00:00:00Z,34
http://www.wikidata.org/entity/Q455462,Antoine Griezmann,Atlético Madrid,La Liga,2022-01-01T00:00:00Z,,113
http://www.wikidata.org/entity/Q455972,Gary Kelly,Leeds United F.C.,Premier League,1992-01-01T00:00:00Z,2007-01-01T00:00:00Z,430
http://www.wikidata.org/entity/Q458101,Ciro Immobile,Juventus FC,Serie A,2009-01-01T00:00:00Z,2012-01-01T00:00:00Z,3
http://www.wikidata.org/entity/Q458101,Ciro Immobile,Genoa CFC,Serie A,2012-01-01T00:00:00Z,2013-01-01T00:00:00Z,33
http://www.wikidata.org/entity/Q458101,Ciro Immobile,Torino FC,Serie A,2013-01-01T00:00:00Z,2014-01-01T00:00:00Z,33
http://www.wikidata.org/entity/Q458101,Ciro Immobile,Borussia Dortmund,Bundesliga,2014-01-01T00:00:00Z,2015-01-01T00:00:00Z,24
http://www.wikidata.org/entity/Q458101,Ciro Immobile,Sevilla FC,La Liga,2015-01-01T00:00:00Z,2016-01-01T00:00:00Z,8
http://www.wikidata.org/entity/Q458101,Ciro Immobile,Torino FC,Serie A,2016-01-01T00:00:00Z,2016-06-01T00:00:00Z,14
http://www.wikidata.org/entity/Q458101,Ciro Immobile,SS Lazio,Serie A,2016-07-01T00:00:00Z,2024-07-01T00:00:00Z,270
http://www.wikidata.org/entity/Q458101,Ciro Immobile,Bologna F.C. 1909,Serie A,2025-07-01T00:00:00Z,2026-01-01T00:00:00Z,6
http://www.wikidata.org/entity/Q459707,Diego Costa,Atlético Madrid,La Liga,2007-01-01T00:00:00Z,2009-01-01T00:00:00Z,0
http://www.wikidata.org/entity/Q459707,Diego Costa,RC Celta de Vigo,La Liga,2007-08-01T00:00:00Z,2008-01-01T00:00:00Z,30
http://www.wikidata.org/entity/Q459707,Diego Costa,Atlético Madrid,La Liga,2010-01-01T00:00:00Z,2014-01-01T00:00:00Z,94
http://www.wikidata.org/entity/Q459707,Diego Costa,Rayo Vallecano,La Liga,2012-01-01T00:00:00Z,2012-01-01T00:00:00Z,16
http://www.wikidata.org/entity/Q459707,Diego Costa,Chelsea F.C.,Premier League,2014-01-01T00:00:00Z,2017-01-01T00:00:00Z,89
http://www.wikidata.org/entity/Q459707,Diego Costa,Atlético Madrid,La Liga,2017-01-01T00:00:00Z,2020-12-01T00:00:00Z,61
http://www.wikidata.org/entity/Q459707,Diego Costa,Wolverhampton Wanderers F.C.,Premier League,2022-09-01T00:00:00Z,2023-06-01T00:00:00Z,23
http://www.wikidata.org/entity/Q459738,Miguel Flaño,Club Atlético Osasuna,La Liga,2004-01-01T00:00:00Z,2018-01-01T00:00:00Z,338
http://www.wikidata.org/entity/Q459830,Steven Gerrard,Liverpool F.C.,Premier League,1998-01-01T00:00:00Z,2015-01-01T00:00:00Z,504
http://www.wikidata.org/entity/Q462237,Javier de Pedro,Real Sociedad,La Liga,1989-01-01T00:00:00Z,1992-01-01T00:00:00Z,
http://www.wikidata.org/entity/Q462237,Javier de Pedro,Real Sociedad,La Liga,1993-01-01T00:00:00Z,2004-01-01T00:00:00Z,304
http://www.wikidata.org/entity/Q465004,Rob Lee,Newcastle United F.C.,Premier League,1992-01-01T00:00:00Z,2002-01-01T00:00:00Z,303
http://www.wikidata.org/entity/Q465004,Rob Lee,West Ham United F.C.,Premier League,2003-01-01T00:00:00Z,2004-01-01T00:00:00Z,16
http://www.wikidata.org/entity/Q4754963,Andrea Belotti,Torino FC,Serie A,2015-01-01T00:00:00Z,2022-06-01T00:00:00Z,232
http://www.wikidata.org/entity/Q4754963,Andrea Belotti,AS Roma,Serie A,2022-08-01T00:00:00Z,2024-06-30T00:00:00Z,45
http://www.wikidata.org/entity/Q4754963,Andrea Belotti,ACF Fiorentina,Serie A,2024-01-31T00:00:00Z,2024-06-30T00:00:00Z,15
http://www.wikidata.org/entity/Q4754963,Andrea Belotti,Como 1907,Serie A,2024-07-01T00:00:00Z,2025-01-01T00:00:00Z,18
http://www.wikidata.org/entity/Q4754963,Andrea Belotti,Cagliari Calcio,Serie A,2025-01-01T00:00:00Z,,3
http://www.wikidata.org/entity/Q482955,Edwin van der Sar,Juventus FC,Serie A,1999-01-01T00:00:00Z,2001-01-01T00:00:00Z,66
http://www.wikidata.org/entity/Q482955,Edwin van der Sar,Fulham F.C.,Premier League,2001-01-01T00:00:00Z,2005-01-01T00:00:00Z,127
http://www.wikidata.org/entity/Q482955,Edwin van der Sar,Manchester United F.C.,Premier League,2005-01-01T00:00:00Z,2011-01-01T00:00:00Z,186
http://www.wikidata.org/entity/Q483137,Petr Čech,Chelsea F.C.,Premier League,2004-07-01T00:00:00Z,2015-06-30T00:00:00Z,333
http://www.wikidata.org/entity/Q483137,Petr Čech,Arsenal F.C.,Premier League,2015-06-30T00:00:00Z,2019-06-30T00:00:00Z,110
http://www.wikidata.org/entity/Q483145,Luís Figo,Futbol Club Barcelona,La Liga,1995-01-01T00:00:00Z,2000-01-01T00:00:00Z,172
http://www.wikidata.org/entity/Q483145,Luís Figo,Real Madrid Club de Fútbol,La Liga,2000-01-01T00:00:00Z,2005-01-01T00:00:00Z,164
http://www.wikidata.org/entity/Q483145,Luís Figo,Inter Milan,Serie A,2005-01-01T00:00:00Z,2009-01-01T00:00:00Z,105
http://www.wikidata.org/entity/Q483309,Sergio Ramos,Sevilla FC,La Liga,2004-01-01T00:00:00Z,2005-01-01T00:00:00Z,39
http://www.wikidata.org/entity/Q483309,Sergio Ramos,Real Madrid Club de Fútbol,La Liga,2005-01-01T00:00:00Z,2021-01-01T00:00:00Z,469
http://www.wikidata.org/entity/Q483309,Sergio Ramos,Sevilla FC,La Liga,2023-09-04T00:00:00Z,2024-07-01T00:00:00Z,28
http://www.wikidata.org/entity/Q483417,Rio Ferdinand,West Ham United F.C.,Premier League,1996-01-01T00:00:00Z,2000-01-01T00:00:00Z,127
http://www.wikidata.org/entity/Q483417,Rio Ferdinand,AFC Bournemouth,Premier League,1996-01-01T00:00:00Z,1997-01-01T00:00:00Z,10
http://www.wikidata.org/entity/Q483417,Rio Ferdinand,Leeds United F.C.,Premier League,2000-01-01T00:00:00Z,2002-01-01T00:00:00Z,54
http://www.wikidata.org/entity/Q483417,Rio Ferdinand,Manchester United F.C.,Premier League,2002-01-01T00:00:00Z,2014-01-01T00:00:00Z,312
http://www.wikidata.org/entity/Q483583,Alan Shearer,Newcastle United F.C.,Premier League,1996-01-01T00:00:00Z,2006-01-01T00:00:00Z,303
http://www.wikidata.org/entity/Q483837,Luka Modrić,Tottenham Hotspur F.C.,Premier League,2008-01-01T00:00:00Z,2012-01-01T00:00:00Z,127
http://www.wikidata.org/entity/Q483837,Luka Modrić,Real Madrid Club de Fútbol,La Liga,2012-01-01T00:00:00Z,2025-07-01T00:00:00Z,394
http://www.wikidata.org/entity/Q483837,Luka Modrić,AC Milan,Serie A,2025-07-01T00:00:00Z,,11
http://www.wikidata.org/entity/Q483846,Gonzalo Higuaín,Real Madrid Club de Fútbol,La Liga,2007-01-01T00:00:00Z,2013-01-01T00:00:00Z,190
http://www.wikidata.org/entity/Q483846,Gonzalo Higuaín,SSC Napoli,Serie A,2013-07-24T00:00:00Z,2016-07-26T00:00:00Z,104
http://www.wikidata.org/entity/Q483846,Gonzalo Higuaín,Juventus FC,Serie A,2016-01-01T00:00:00Z,2020-09-01T00:00:00Z,105
http://www.wikidata.org/entity/Q483846,Gonzalo Higuaín,AC Milan,Serie A,2018-08-01T00:00:00Z,2019-01-23T00:00:00Z,22
http://www.wikidata.org/entity/Q483846,Gonzalo Higuaín,Chelsea F.C.,Premier League,2019-01-23T00:00:00Z,2019-05-30T00:00:00Z,14
http://www.wikidata.org/entity/Q484909,Clarence Seedorf,Real Madrid Club de Fútbol,La Liga,1996-01-01T00:00:00Z,1999-01-01T00:00:00Z,121
http://www.wikidata.org/entity/Q484909,Clarence Seedorf,Inter Milan,Serie A,2000-01-01T00:00:00Z,2003-01-01T00:00:00Z,64
http://www.wikidata.org/entity/Q484909,Clarence Seedorf,AC Milan,Serie A,2002-01-01T00:00:00Z,2011-01-01T00:00:00Z,300
http://www.wikidata.org/entity/Q484968,Louis Saha,Newcastle United F.C.,Premier League,1998-01-01T00:00:00Z,1999-01-01T00:00:00Z,11
http://www.wikidata.org/entity/Q484968,Louis Saha,Newcastle United F.C.,Premier League,1999-01-01T00:00:00Z,1999-01-01T00:00:00Z,11
http://www.wikidata.org/entity/Q484968,Louis Saha,Fulham F.C.,Premier League,2000-01-01T00:00:00Z,2004-01-01T00:00:00Z,117
http://www.wikidata.org/entity/Q484968,Louis Saha,Manchester United F.C.,Premier League,2004-01-01T00:00:00Z,2008-01-01T00:00:00Z,86
http://www.wikidata.org/entity/Q484968,Louis Saha,Everton F.C.,Premier League,2008-01-01T00:00:00Z,2012-01-01T00:00:00Z,97
http://www.wikidata.org/entity/Q484968,Louis Saha,Sunderland A.F.C.,Premier League,2012-01-01T00:00:00Z,2013-01-01T00:00:00Z,11
http://www.wikidata.org/entity/Q484968,Louis Saha,Tottenham Hotspur F.C.,Premier League,2012-01-01T00:00:00Z,2012-01-01T00:00:00Z,10
http://www.wikidata.org/entity/Q484968,Louis Saha,SS Lazio,Serie A,2013-01-01T00:00:00Z,2013-01-01T00:00:00Z,6
http://www.wikidata.org/entity/Q4889058,Roberto Peragón,Rayo Vallecano,La Liga,1997-01-01T00:00:00Z,1997-01-01T00:00:00Z,4
http://www.wikidata.org/entity/Q4889058,Roberto Peragón,Levante UD,La Liga,2000-01-01T00:00:00Z,2001-01-01T00:00:00Z,40
http://www.wikidata.org/entity/Q4889058,Roberto Peragón,Rayo Vallecano,La Liga,2001-01-01T00:00:00Z,2004-01-01T00:00:00Z,105
http://www.wikidata.org/entity/Q4889058,Roberto Peragón,Elche CF,La Liga,2004-01-01T00:00:00Z,2007-01-01T00:00:00Z,79
http://www.wikidata.org/entity/Q4889058,Roberto Peragón,Girona FC,La Liga,2009-01-01T00:00:00Z,2011-01-01T00:00:00Z,74
http://www.wikidata.org/entity/Q489039,Raphaël Varane,Real Madrid Club de Fútbol,La Liga,2011-01-01T00:00:00Z,2021-01-01T00:00:00Z,236
http://www.wikidata.org/entity/Q489039,Raphaël Varane,Manchester United F.C.,Premier League,2021-01-01T00:00:00Z,2024-01-01T00:00:00Z,68
http://www.wikidata.org/entity/Q489039,Raphaël Varane,Como 1907,Serie A,2024-07-01T00:00:00Z,2024-09-01T00:00:00Z,0
http://www.wikidata.org/entity/Q493706,Andrea Cossu,Hellas Verona FC,Serie A,1997-01-01T00:00:00Z,2005-01-01T00:00:00Z,91
http://www.wikidata.org/entity/Q493706,Andrea Cossu,Cagliari Calcio,Serie A,2005-01-01T00:00:00Z,2015-01-01T00:00:00Z,246
http://www.wikidata.org/entity/Q493706,Andrea Cossu,Hellas Verona FC,Serie A,2006-01-01T00:00:00Z,2008-01-01T00:00:00Z,29
http://www.wikidata.org/entity/Q497126,Michael Gray,Manchester United F.C.,Premier League,,,
http://www.wikidata.org/entity/Q497126,Michael Gray,Sunderland A.F.C.,Premier League,1992-01-01T00:00:00Z,2004-01-01T00:00:00Z,363
http://www.wikidata.org/entity/Q497126,Michael Gray,Leeds United F.C.,Premier League,2005-01-01T00:00:00Z,2005-01-01T00:00:00Z,10
http://www.wikidata.org/entity/Q497126,Michael Gray,Leeds United F.C.,Premier League,2007-01-01T00:00:00Z,2007-01-01T00:00:00Z,6
http://www.wikidata.org/entity/Q497126,Michael Gray,Wolverhampton Wanderers F.C.,Premier League,2007-01-01T00:00:00Z,2009-01-01T00:00:00Z,41
http://www.wikidata.org/entity/Q506919,Lars Ricken,Borussia Dortmund,Bundesliga,1993-01-01T00:00:00Z,2007-01-01T00:00:00Z,301
http://www.wikidata.org/entity/Q509374,Juan Cuadrado,Udinese Calcio,Serie A,2009-01-01T00:00:00Z,2012-01-01T00:00:00Z,20
http://www.wikidata.org/entity/Q509374,Juan Cuadrado,US Lecce,Serie A,2011-01-01T00:00:00Z,2012-01-01T00:00:00Z,33
http://www.wikidata.org/entity/Q509374,Juan Cuadrado,ACF Fiorentina,Serie A,2012-01-01T00:00:00Z,2015-01-01T00:00:00Z,85
http://www.wikidata.org/entity/Q509374,Juan Cuadrado,Chelsea F.C.,Premier League,2015-01-01T00:00:00Z,2017-01-01T00:00:00Z,14
http://www.wikidata.org/entity/Q509374,Juan Cuadrado,Juventus FC,Serie A,2015-08-25T00:00:00Z,2017-06-30T00:00:00Z,58
http://www.wikidata.org/entity/Q509374,Juan Cuadrado,Juventus FC,Serie A,2017-07-01T00:00:00Z,2023-06-30T00:00:00Z,166
http://www.wikidata.org/entity/Q509374,Juan Cuadrado,Inter Milan,Serie A,2023-07-19T00:00:00Z,2024-06-30T00:00:00Z,10
http://www.wikidata.org/entity/Q509374,Juan Cuadrado,Atalanta BC,Serie A,2024-08-26T00:00:00Z,2025-07-01T00:00:00Z,23
http://www.wikidata.org/entity/Q509374,Juan Cuadrado,Pisa SC,Serie A,2025-08-06T00:00:00Z,,7
http://www.wikidata.org/entity/Q510039,Antonio Floro Flores,SSC Napoli,Serie A,2000-01-01T00:00:00Z,2004-01-01T00:00:00Z,62
http://www.wikidata.org/entity/Q510039,Antonio Floro Flores,Udinese Calcio,Serie A,2007-01-01T00:00:00Z,2013-01-01T00:00:00Z,140
http://www.wikidata.org/entity/Q510039,Antonio Floro Flores,Genoa CFC,Serie A,2011-01-01T00:00:00Z,2011-01-01T00:00:00Z,18
http://www.wikidata.org/entity/Q510039,Antonio Floro Flores,Genoa CFC,Serie A,2013-01-01T00:00:00Z,2013-01-01T00:00:00Z,13
http://www.wikidata.org/entity/Q510039,Antonio Floro Flores,US Sassuolo Calcio,Serie A,2013-01-01T00:00:00Z,2016-01-01T00:00:00Z,72
http://www.wikidata.org/entity/Q510039,Antonio Floro Flores,US Sassuolo Calcio,Serie A,2013-01-01T00:00:00Z,,
http://www.wikidata.org/entity/Q514427,Granit Xhaka,Borussia Mönchengladbach,Bundesliga,2012-01-01T00:00:00Z,2016-01-01T00:00:00Z,108
http://www.wikidata.org/entity/Q514427,Granit Xhaka,Arsenal F.C.,Premier League,2016-01-01T00:00:00Z,2023-01-01T00:00:00Z,225
http://www.wikidata.org/entity/Q514427,Granit Xhaka,Bayer 04 Leverkusen,Bundesliga,2023-01-01T00:00:00Z,2025-01-01T00:00:00Z,66
http://www.wikidata.org/entity/Q514427,Granit Xhaka,Sunderland A.F.C.,Premier League,2025-07-01T00:00:00Z,,13
http://www.wikidata.org/entity/Q516460,Luca Bucci,Parma Calcio 1913,Serie A,1985-01-01T00:00:00Z,1986-01-01T00:00:00Z,5
http://www.wikidata.org/entity/Q516460,Luca Bucci,Parma Calcio 1913,Serie A,1986-01-01T00:00:00Z,1987-01-01T00:00:00Z,1
http://www.wikidata.org/entity/Q516460,Luca Bucci,Parma Calcio 1913,Serie A,1988-01-01T00:00:00Z,1990-01-01T00:00:00Z,4
http://www.wikidata.org/entity/Q516460,Luca Bucci,Parma Calcio 1913,Serie A,1993-01-01T00:00:00Z,1997-01-01T00:00:00Z,95
http://www.wikidata.org/entity/Q516460,Luca Bucci,Torino FC,Serie A,1997-01-01T00:00:00Z,2003-01-01T00:00:00Z,160
http://www.wikidata.org/entity/Q516460,Luca Bucci,Parma Calcio 1913,Serie A,2005-01-01T00:00:00Z,2008-01-01T00:00:00Z,81
http://www.wikidata.org/entity/Q516460,Luca Bucci,SSC Napoli,Serie A,2009-01-01T00:00:00Z,2009-01-01T00:00:00Z,1
http://www.wikidata.org/entity/Q517192,Radja Nainggolan,Cagliari Calcio,Serie A,2010-01-01T00:00:00Z,2014-01-01T00:00:00Z,131
http://www.wikidata.org/entity/Q517192,Radja Nainggolan,Cagliari Calcio,Serie A,2010-01-01T00:00:00Z,2010-01-01T00:00:00Z,7
http://www.wikidata.org/entity/Q517192,Radja Nainggolan,AS Roma,Serie A,2014-01-01T00:00:00Z,2014-01-01T00:00:00Z,17
http://www.wikidata.org/entity/Q517192,Radja Nainggolan,AS Roma,Serie A,2014-01-01T00:00:00Z,2018-01-01T00:00:00Z,138
http://www.wikidata.org/entity/Q517192,Radja Nainggolan,Inter Milan,Serie A,2018-01-01T00:00:00Z,2021-08-01T00:00:00Z,33
http://www.wikidata.org/entity/Q517192,Radja Nainggolan,Cagliari Calcio,Serie A,2019-08-01T00:00:00Z,2020-08-01T00:00:00Z,26
http://www.wikidata.org/entity/Q517192,Radja Nainggolan,Cagliari Calcio,Serie A,2021-01-01T00:00:00Z,2021-06-01T00:00:00Z,22
http://www.wikidata.org/entity/Q517943,Coro,RCD Espanyol de Barcelona,La Liga,2003-01-01T00:00:00Z,2011-01-01T00:00:00Z,165
http://www.wikidata.org/entity/Q517943,Coro,Club Atlético Osasuna,La Liga,2011-01-01T00:00:00Z,2011-01-01T00:00:00Z,6
http://www.wikidata.org/entity/Q517943,Coro,Girona FC,La Liga,2011-01-01T00:00:00Z,2012-01-01T00:00:00Z,40
http://www.wikidata.org/entity/Q517943,Coro,Elche CF,La Liga,2012-01-01T00:00:00Z,2015-01-01T00:00:00Z,112
http://www.wikidata.org/entity/Q517943,Coro,RCD Mallorca,La Liga,2015-01-01T00:00:00Z,2016-01-01T00:00:00Z,1
http://www.wikidata.org/entity/Q517943,Coro,RCD Mallorca,La Liga,2015-01-01T00:00:00Z,2016-01-01T00:00:00Z,16
http://www.wikidata.org/entity/Q519625,Luciano Zauri,Atalanta BC,Serie A,1996-01-01T00:00:00Z,2003-01-01T00:00:00Z,153
http://www.wikidata.org/entity/Q519625,Luciano Zauri,SS Lazio,Serie A,2003-01-01T00:00:00Z,2013-01-01T00:00:00Z,139
http://www.wikidata.org/entity/Q519625,Luciano Zauri,ACF Fiorentina,Serie A,2008-01-01T00:00:00Z,2009-01-01T00:00:00Z,18
http://www.wikidata.org/entity/Q519654,Miguel Ángel Moyá,RCD Mallorca,La Liga,2004-07-01T00:00:00Z,2009-07-01T00:00:00Z,107
http://www.wikidata.org/entity/Q519654,Miguel Ángel Moyá,Valencia CF,La Liga,2009-07-01T00:00:00Z,2012-07-01T00:00:00Z,24
http://www.wikidata.org/entity/Q519654,Miguel Ángel Moyá,Getafe CF,La Liga,2011-07-01T00:00:00Z,2012-06-30T00:00:00Z,36
http://www.wikidata.org/entity/Q519654,Miguel Ángel Moyá,Getafe CF,La Liga,2012-07-01T00:00:00Z,2014-06-04T00:00:00Z,60
http://www.wikidata.org/entity/Q519654,Miguel Ángel Moyá,Atlético Madrid,La Liga,2014-06-04T00:00:00Z,2018-02-27T00:00:00Z,67
http://www.wikidata.org/entity/Q519654,Miguel Ángel Moyá,Real Sociedad,La Liga,2018-02-27T00:00:00Z,2021-07-01T00:00:00Z,37
http://www.wikidata.org/entity/Q5220258,Danny Cullip,Fulham F.C.,Premier League,1996-01-01T00:00:00Z,1998-01-01T00:00:00Z,50
http://www.wikidata.org/entity/Q5220258,Danny Cullip,Brentford F.C.,Premier League,1998-01-01T00:00:00Z,1999-01-01T00:00:00Z,15
http://www.wikidata.org/entity/Q5220258,Danny Cullip,Brighton & Hove Albion F.C.,Premier League,1999-01-01T00:00:00Z,2004-01-01T00:00:00Z,213
http://www.wikidata.org/entity/Q5220258,Danny Cullip,Brighton & Hove Albion F.C.,Premier League,1999-01-01T00:00:00Z,1999-01-01T00:00:00Z,4
http://www.wikidata.org/entity/Q5220258,Danny Cullip,Nottingham Forest F.C.,Premier League,2005-01-01T00:00:00Z,2007-01-01T00:00:00Z,31
http://www.wikidata.org/entity/Q526714,Andy Melville,Sunderland A.F.C.,Premier League,1993-01-01T00:00:00Z,1999-01-01T00:00:00Z,204
http://www.wikidata.org/entity/Q526714,Andy Melville,Fulham F.C.,Premier League,1999-01-01T00:00:00Z,2004-01-01T00:00:00Z,153
http://www.wikidata.org/entity/Q526714,Andy Melville,West Ham United F.C.,Premier League,2004-01-01T00:00:00Z,2005-01-01T00:00:00Z,17
http://www.wikidata.org/entity/Q526714,Andy Melville,Nottingham Forest F.C.,Premier League,2005-01-01T00:00:00Z,2005-01-01T00:00:00Z,13
http://www.wikidata.org/entity/Q528696,Massimo Gobbi,AC Milan,Serie A,,,
http://www.wikidata.org/entity/Q528696,Massimo Gobbi,Cagliari Calcio,Serie A,2004-01-01T00:00:00Z,2006-01-01T00:00:00Z,71
http://www.wikidata.org/entity/Q528696,Massimo Gobbi,ACF Fiorentina,Serie A,2006-01-01T00:00:00Z,2010-01-01T00:00:00Z,81
http://www.wikidata.org/entity/Q528696,Massimo Gobbi,Parma Calcio 1913,Serie A,2010-01-01T00:00:00Z,2015-01-01T00:00:00Z,155
http://www.wikidata.org/entity/Q529207,Ronaldo,Futbol Club Barcelona,La Liga,1996-01-01T00:00:00Z,1997-01-01T00:00:00Z,37
http://www.wikidata.org/entity/Q529207,Ronaldo,Inter Milan,Serie A,1997-01-01T00:00:00Z,2002-01-01T00:00:00Z,68
http://www.wikidata.org/entity/Q529207,Ronaldo,Real Madrid Club de Fútbol,La Liga,2002-01-01T00:00:00Z,2007-01-01T00:00:00Z,177
http://www.wikidata.org/entity/Q529207,Ronaldo,AC Milan,Serie A,2007-01-01T00:00:00Z,2008-01-01T00:00:00Z,20
http://www.wikidata.org/entity/Q531814,Kaká,AC Milan,Serie A,2003-01-01T00:00:00Z,2009-01-01T00:00:00Z,193
http://www.wikidata.org/entity/Q531814,Kaká,Real Madrid Club de Fútbol,La Liga,2009-01-01T00:00:00Z,2013-01-01T00:00:00Z,85
http://www.wikidata.org/entity/Q531814,Kaká,AC Milan,Serie A,2013-01-01T00:00:00Z,2014-01-01T00:00:00Z,30
http://www.wikidata.org/entity/Q5407892,Pablo Gómez Ortiz de Guzmán,Rayo Vallecano,La Liga,1992-01-01T00:00:00Z,1994-01-01T00:00:00Z,80
http://www.wikidata.org/entity/Q5407892,Pablo Gómez Ortiz de Guzmán,Deportivo Alavés,La Liga,1995-01-01T00:00:00Z,1996-01-01T00:00:00Z,36
http://www.wikidata.org/entity/Q5407892,Pablo Gómez Ortiz de Guzmán,Levante UD,La Liga,1996-01-01T00:00:00Z,1997-01-01T00:00:00Z,38
http://www.wikidata.org/entity/Q5407892,Pablo Gómez Ortiz de Guzmán,Deportivo Alavés,La Liga,1997-01-01T00:00:00Z,2004-01-01T00:00:00Z,259
http://www.wikidata.org/entity/Q540906,Jody Craddock,Sunderland A.F.C.,Premier League,1997-01-01T00:00:00Z,2003-01-01T00:00:00Z,146
http://www.wikidata.org/entity/Q540906,Jody Craddock,Wolverhampton Wanderers F.C.,Premier League,2003-01-01T00:00:00Z,2013-01-01T00:00:00Z,215
http://www.wikidata.org/entity/Q541882,David López Moreno,Club Atlético Osasuna,La Liga,2000-01-01T00:00:00Z,2001-01-01T00:00:00Z,
http://www.wikidata.org/entity/Q541882,David López Moreno,Club Atlético Osasuna,La Liga,2004-01-01T00:00:00Z,2007-01-01T00:00:00Z,102
http://www.wikidata.org/entity/Q541882,David López Moreno,Athletic Club,La Liga,2007-01-01T00:00:00Z,2012-01-01T00:00:00Z,144
http://www.wikidata.org/entity/Q541882,David López Moreno,Brighton & Hove Albion F.C.,Premier League,2012-01-01T00:00:00Z,2014-01-01T00:00:00Z,71
http://www.wikidata.org/entity/Q545922,Giuseppe Pancaro,Torino FC,Serie A,1989-01-01T00:00:00Z,1992-01-01T00:00:00Z,0
http://www.wikidata.org/entity/Q545922,Giuseppe Pancaro,Cagliari Calcio,Serie A,1992-01-01T00:00:00Z,1997-01-01T00:00:00Z,99
http://www.wikidata.org/entity/Q545922,Giuseppe Pancaro,SS Lazio,Serie A,1997-01-01T00:00:00Z,2003-01-01T00:00:00Z,152
http://www.wikidata.org/entity/Q545922,Giuseppe Pancaro,AC Milan,Serie A,2003-01-01T00:00:00Z,2005-01-01T00:00:00Z,39
http://www.wikidata.org/entity/Q545922,Giuseppe Pancaro,ACF Fiorentina,Serie A,2005-01-01T00:00:00Z,2006-01-01T00:00:00Z,18
http://www.wikidata.org/entity/Q545922,Giuseppe Pancaro,Torino FC,Serie A,2006-01-01T00:00:00Z,2007-01-01T00:00:00Z,10
http://www.wikidata.org/entity/Q5525217,Gary Hart,Brighton & Hove Albion F.C.,Premier League,1998-01-01T00:00:00Z,2011-01-01T00:00:00Z,373
http://www.wikidata.org/entity/Q552709,Nikolče Noveski,1. FSV Mainz 05,Bundesliga,2004-01-01T00:00:00Z,2015-01-01T00:00:00Z,315
http://www.wikidata.org/entity/Q5550103,Gerard Moreno,Villarreal CF,La Liga,2010-01-01T00:00:00Z,2011-01-01T00:00:00Z,39
http://www.wikidata.org/entity/Q5550103,Gerard Moreno,Villarreal CF,La Liga,2012-01-01T00:00:00Z,2015-01-01T00:00:00Z,40
http://www.wikidata.org/entity/Q5550103,Gerard Moreno,RCD Mallorca,La Liga,2013-01-01T00:00:00Z,2014-01-01T00:00:00Z,31
http://www.wikidata.org/entity/Q5550103,Gerard Moreno,RCD Espanyol de Barcelona,La Liga,2015-01-01T00:00:00Z,2018-01-01T00:00:00Z,107
http://www.wikidata.org/entity/Q5550103,Gerard Moreno,Villarreal CF,La Liga,2018-01-01T00:00:00Z,,188
http://www.wikidata.org/entity/Q562684,Mikel Aranburu,Real Sociedad,La Liga,1997-01-01T00:00:00Z,2012-01-01T00:00:00Z,425
http://www.wikidata.org/entity/Q568363,Dimo Wache,Borussia Mönchengladbach,Bundesliga,1992-01-01T00:00:00Z,1995-01-01T00:00:00Z,0
http://www.wikidata.org/entity/Q568363,Dimo Wache,1. FSV Mainz 05,Bundesliga,1995-01-01T00:00:00Z,2010-01-01T00:00:00Z,374
http://www.wikidata.org/entity/Q582087,Ángel Rodríguez,Real Madrid Club de Fútbol,La Liga,,,
http://www.wikidata.org/entity/Q582087,Ángel Rodríguez,Elche CF,La Liga,2010-07-01T00:00:00Z,2012-07-01T00:00:00Z,72
http://www.wikidata.org/entity/Q582087,Ángel Rodríguez,Levante UD,La Liga,2012-07-01T00:00:00Z,2014-07-10T00:00:00Z,35
http://www.wikidata.org/entity/Q582087,Ángel Rodríguez,Elche CF,La Liga,2013-01-31T00:00:00Z,2013-06-30T00:00:00Z,15
http://www.wikidata.org/entity/Q582087,Ángel Rodríguez,Getafe CF,La Liga,2017-07-06T00:00:00Z,2021-07-02T00:00:00Z,153
http://www.wikidata.org/entity/Q582087,Ángel Rodríguez,RCD Mallorca,La Liga,2021-07-02T00:00:00Z,,39
http://www.wikidata.org/entity/Q5981954,Lucas Vázquez,Real Madrid Club de Fútbol,La Liga,2007-01-01T00:00:00Z,2010-01-01T00:00:00Z,
http://www.wikidata.org/entity/Q5981954,Lucas Vázquez,RCD Espanyol de Barcelona,La Liga,2014-01-01T00:00:00Z,2015-01-01T00:00:00Z,33
http://www.wikidata.org/entity/Q5981954,Lucas Vázquez,Real Madrid Club de Fútbol,La Liga,2015-01-01T00:00:00Z,2025-01-01T00:00:00Z,277
http://www.wikidata.org/entity/Q5981954,Lucas Vázquez,Bayer 04 Leverkusen,Bundesliga,2025-08-01T00:00:00Z,,5
http://www.wikidata.org/entity/Q5992102,Manuel Alejandro García Sánchez,Real Sociedad,La Liga,,2004-01-01T00:00:00Z,
http://www.wikidata.org/entity/Q5992102,Manuel Alejandro García Sánchez,Deportivo Alavés,La Liga,2012-01-01T00:00:00Z,2021-01-01T00:00:00Z,308
http://www.wikidata.org/entity/Q602525,Roberto Firmino,TSG 1899 Hoffenheim,Bundesliga,2011-01-01T00:00:00Z,2015-01-01T00:00:00Z,140
http://www.wikidata.org/entity/Q602525,Roberto Firmino,Liverpool F.C.,Premier League,2015-01-01T00:00:00Z,2023-06-14T00:00:00Z,256
http://www.wikidata.org/entity/Q6110670,Rodrigo De Paul,Valencia CF,La Liga,2014-01-01T00:00:00Z,2016-01-01T00:00:00Z,34
http://www.wikidata.org/entity/Q6110670,Rodrigo De Paul,Udinese Calcio,Serie A,2016-07-01T00:00:00Z,2021-01-01T00:00:00Z,177
http://www.wikidata.org/entity/Q6110670,Rodrigo De Paul,Atlético Madrid,La Liga,2021-01-01T00:00:00Z,,134
http://www.wikidata.org/entity/Q611603,Alessandro Lucarelli,ACF Fiorentina,Serie A,2003-01-01T00:00:00Z,2004-01-01T00:00:00Z,31
http://www.wikidata.org/entity/Q611603,Alessandro Lucarelli,Genoa CFC,Serie A,2007-01-01T00:00:00Z,2008-01-01T00:00:00Z,29
http://www.wikidata.org/entity/Q611603,Alessandro Lucarelli,Parma Calcio 1913,Serie A,2008-01-01T00:00:00Z,2018-01-01T00:00:00Z,333
http://www.wikidata.org/entity/Q6164793,Jaume Costa,Valencia CF,La Liga,2008-12-04T00:00:00Z,2008-12-04T00:00:00Z,1
http://www.wikidata.org/entity/Q6164793,Jaume Costa,Villarreal CF,La Liga,2012-07-01T00:00:00Z,2021-07-07T00:00:00Z,260
http://www.wikidata.org/entity/Q6164793,Jaume Costa,Valencia CF,La Liga,2019-08-13T00:00:00Z,2020-07-20T00:00:00Z,25
http://www.wikidata.org/entity/Q6164793,Jaume Costa,RCD Mallorca,La Liga,2021-07-07T00:00:00Z,,39
http://www.wikidata.org/entity/Q616664,Casemiro,Real Madrid Club de Fútbol,La Liga,2013-01-01T00:00:00Z,2013-06-01T00:00:00Z,1
http://www.wikidata.org/entity/Q616664,Casemiro,Real Madrid Club de Fútbol,La Liga,2013-07-01T00:00:00Z,2022-01-01T00:00:00Z,221
http://www.wikidata.org/entity/Q616664,Casemiro,Manchester United F.C.,Premier League,2022-01-01T00:00:00Z,,89
http://www.wikidata.org/entity/Q631157,Rubén Castro,Rayo Vallecano,La Liga,2009-01-01T00:00:00Z,2010-01-01T00:00:00Z,42
http://www.wikidata.org/entity/Q631157,Rubén Castro,Real Betis Balompié,La Liga,2010-01-01T00:00:00Z,2018-01-01T00:00:00Z,260
http://www.wikidata.org/entity/Q635212,Mohamed Camara,Futbol Club Barcelona,La Liga,,,
http://www.wikidata.org/entity/Q635212,Mohamed Camara,Club Atlético Osasuna,La Liga,2000-01-01T00:00:00Z,2006-01-01T00:00:00Z,121
http://www.wikidata.org/entity/Q635212,Mohamed Camara,Levante UD,La Liga,2001-01-01T00:00:00Z,2001-01-01T00:00:00Z,19
http://www.wikidata.org/entity/Q635212,Mohamed Camara,Elche CF,La Liga,2001-01-01T00:00:00Z,2002-01-01T00:00:00Z,39
http://www.wikidata.org/entity/Q635212,Mohamed Camara,RCD Espanyol de Barcelona,La Liga,2006-01-01T00:00:00Z,2008-01-01T00:00:00Z,28
http://www.wikidata.org/entity/Q635212,Mohamed Camara,Real Sociedad,La Liga,2008-01-01T00:00:00Z,2009-01-01T00:00:00Z,34
http://www.wikidata.org/entity/Q635212,Mohamed Camara,Girona FC,La Liga,2009-01-01T00:00:00Z,2012-01-01T00:00:00Z,101
http://www.wikidata.org/entity/Q6394582,Kerry Mayo,Brighton & Hove Albion F.C.,Premier League,1995-01-01T00:00:00Z,2009-01-01T00:00:00Z,413
http://www.wikidata.org/entity/Q6397130,Kevin O'Connor,Brentford F.C.,Premier League,1999-01-01T00:00:00Z,2015-01-01T00:00:00Z,426
http://www.wikidata.org/entity/Q641946,César Cruchaga,Club Atlético Osasuna,La Liga,1997-01-01T00:00:00Z,2009-01-01T00:00:00Z,386
http://www.wikidata.org/entity/Q643286,Sergio Ballesteros,Levante UD,La Liga,1994-01-01T00:00:00Z,1996-01-01T00:00:00Z,36
http://www.wikidata.org/entity/Q643286,Sergio Ballesteros,Rayo Vallecano,La Liga,2000-01-01T00:00:00Z,2001-01-01T00:00:00Z,36
http://www.wikidata.org/entity/Q643286,Sergio Ballesteros,Villarreal CF,La Liga,2001-01-01T00:00:00Z,2004-01-01T00:00:00Z,81
http://www.wikidata.org/entity/Q643286,Sergio Ballesteros,RCD Mallorca,La Liga,2004-01-01T00:00:00Z,2008-01-01T00:00:00Z,103
http://www.wikidata.org/entity/Q643286,Sergio Ballesteros,Levante UD,La Liga,2008-01-01T00:00:00Z,2013-01-01T00:00:00Z,174
http://www.wikidata.org/entity/Q650333,Gianpaolo Bellini,Atalanta BC,Serie A,1998-01-01T00:00:00Z,2016-01-01T00:00:00Z,396
http://www.wikidata.org/entity/Q666506,Ricardo Rodriguez,VfL Wolfsburg,Bundesliga,2012-01-01T00:00:00Z,2017-06-07T00:00:00Z,149
http://www.wikidata.org/entity/Q666506,Ricardo Rodriguez,AC Milan,Serie A,2017-06-08T00:00:00Z,2020-08-01T00:00:00Z,74
http://www.wikidata.org/entity/Q666506,Ricardo Rodriguez,Torino FC,Serie A,2020-08-01T00:00:00Z,2024-07-01T00:00:00Z,120
http://www.wikidata.org/entity/Q666506,Ricardo Rodriguez,Real Betis Balompié,La Liga,2024-08-01T00:00:00Z,,25
http://www.wikidata.org/entity/Q667596,Yann Sommer,Borussia Mönchengladbach,Bundesliga,2014-01-01T00:00:00Z,2023-01-01T00:00:00Z,272
http://www.wikidata.org/entity/Q667596,Yann Sommer,FC Bayern Munich,Bundesliga,2023-01-01T00:00:00Z,2023-08-01T00:00:00Z,19
http://www.wikidata.org/entity/Q667596,Yann Sommer,Inter Milan,Serie A,2023-08-01T00:00:00Z,,76
http://www.wikidata.org/entity/Q6752290,Manu Trigueros,Futbol Club Barcelona,La Liga,,,
http://www.wikidata.org/entity/Q6752290,Manu Trigueros,Villarreal CF,La Liga,2012-01-01T00:00:00Z,2024-01-01T00:00:00Z,366
http://www.wikidata.org/entity/Q677975,Wade Elliott,AFC Bournemouth,Premier League,2000-01-01T00:00:00Z,2005-01-01T00:00:00Z,220
http://www.wikidata.org/entity/Q677975,Wade Elliott,Burnley F.C.,Premier League,2005-01-01T00:00:00Z,2011-01-01T00:00:00Z,252
http://www.wikidata.org/entity/Q6789694,Matteo Politano,AS Roma,Serie A,2012-01-01T00:00:00Z,2013-01-01T00:00:00Z,0
http://www.wikidata.org/entity/Q6789694,Matteo Politano,US Sassuolo Calcio,Serie A,2015-07-02T00:00:00Z,2018-01-01T00:00:00Z,96
http://www.wikidata.org/entity/Q6789694,Matteo Politano,Inter Milan,Serie A,2018-01-01T00:00:00Z,2021-01-01T00:00:00Z,47
http://www.wikidata.org/entity/Q6789694,Matteo Politano,SSC Napoli,Serie A,2020-01-01T00:00:00Z,2021-01-01T00:00:00Z,52
http://www.wikidata.org/entity/Q6789694,Matteo Politano,SSC Napoli,Serie A,2021-01-01T00:00:00Z,,145
http://www.wikidata.org/entity/Q68060,Gianluigi Buffon,Parma Calcio 1913,Serie A,1995-01-01T00:00:00Z,2001-01-01T00:00:00Z,169
http://www.wikidata.org/entity/Q68060,Gianluigi Buffon,Juventus FC,Serie A,2001-01-01T00:00:00Z,2018-01-01T00:00:00Z,509
http://www.wikidata.org/entity/Q68060,Gianluigi Buffon,Juventus FC,Serie A,2019-07-04T00:00:00Z,2021-06-01T00:00:00Z,17
http://www.wikidata.org/entity/Q68060,Gianluigi Buffon,Parma Calcio 1913,Serie A,2021-06-01T00:00:00Z,2023-08-01T00:00:00Z,43
http://www.wikidata.org/entity/Q701297,Mateo Kovačić,Inter Milan,Serie A,2013-01-01T00:00:00Z,2015-01-01T00:00:00Z,80
http://www.wikidata.org/entity/Q701297,Mateo Kovačić,Real Madrid Club de Fútbol,La Liga,2015-01-01T00:00:00Z,2019-01-01T00:00:00Z,73
http://www.wikidata.org/entity/Q701297,Mateo Kovačić,Chelsea F.C.,Premier League,2018-01-01T00:00:00Z,2019-01-01T00:00:00Z,32
http://www.wikidata.org/entity/Q701297,Mateo Kovačić,Chelsea F.C.,Premier League,2019-01-01T00:00:00Z,2023-01-01T00:00:00Z,110
http://www.wikidata.org/entity/Q701297,Mateo Kovačić,Manchester City F.C.,Premier League,2023-01-01T00:00:00Z,,62
http://www.wikidata.org/entity/Q703442,David García de la Cruz,RCD Espanyol de Barcelona,La Liga,1999-01-01T00:00:00Z,2011-01-01T00:00:00Z,217
http://www.wikidata.org/entity/Q703442,David García de la Cruz,Girona FC,La Liga,2011-01-01T00:00:00Z,2015-01-01T00:00:00Z,99
http://www.wikidata.org/entity/Q704302,Francesco Antonioli,AC Milan,Serie A,1988-01-01T00:00:00Z,1994-01-01T00:00:00Z,13
http://www.wikidata.org/entity/Q704302,Francesco Antonioli,Pisa SC,Serie A,1993-01-01T00:00:00Z,1994-01-01T00:00:00Z,26
http://www.wikidata.org/entity/Q704302,Francesco Antonioli,Bologna F.C. 1909,Serie A,1995-01-01T00:00:00Z,1999-01-01T00:00:00Z,103
http://www.wikidata.org/entity/Q704302,Francesco Antonioli,AS Roma,Serie A,1999-01-01T00:00:00Z,2003-01-01T00:00:00Z,102
http://www.wikidata.org/entity/Q704302,Francesco Antonioli,Bologna F.C. 1909,Serie A,2006-01-01T00:00:00Z,2009-01-01T00:00:00Z,119
http://www.wikidata.org/entity/Q704880,Pablo Thiam,1. FC Köln,Bundesliga,1994-01-01T00:00:00Z,1998-01-01T00:00:00Z,89
http://www.wikidata.org/entity/Q704880,Pablo Thiam,VfB Stuttgart,Bundesliga,1998-01-01T00:00:00Z,2001-01-01T00:00:00Z,89
http://www.wikidata.org/entity/Q704880,Pablo Thiam,FC Bayern Munich,Bundesliga,2001-01-01T00:00:00Z,2003-01-01T00:00:00Z,16
http://www.wikidata.org/entity/Q704880,Pablo Thiam,VfL Wolfsburg,Bundesliga,2003-01-01T00:00:00Z,2008-01-01T00:00:00Z,117
http://www.wikidata.org/entity/Q70550,Per Mertesacker,SV Werder Bremen,Bundesliga,2006-01-01T00:00:00Z,2011-01-01T00:00:00Z,146
http://www.wikidata.org/entity/Q70550,Per Mertesacker,Arsenal F.C.,Premier League,2011-01-01T00:00:00Z,2018-01-01T00:00:00Z,156
http://www.wikidata.org/entity/Q705601,José Luis Martí,RCD Mallorca,La Liga,1999-01-01T00:00:00Z,2000-01-01T00:00:00Z,1
http://www.wikidata.org/entity/Q705601,José Luis Martí,Sevilla FC,La Liga,2003-01-01T00:00:00Z,2008-01-01T00:00:00Z,140
http://www.wikidata.org/entity/Q705601,José Luis Martí,Real Sociedad,La Liga,2008-01-16T00:00:00Z,2008-06-30T00:00:00Z,22
http://www.wikidata.org/entity/Q705601,José Luis Martí,RCD Mallorca,La Liga,2008-07-20T00:00:00Z,2015-06-30T00:00:00Z,191
http://www.wikidata.org/entity/Q70567,David Pizarro,Udinese Calcio,Serie A,1999-01-01T00:00:00Z,2005-01-01T00:00:00Z,126
http://www.wikidata.org/entity/Q70567,David Pizarro,Inter Milan,Serie A,2005-01-01T00:00:00Z,2006-01-01T00:00:00Z,24
http://www.wikidata.org/entity/Q70567,David Pizarro,AS Roma,Serie A,2006-01-01T00:00:00Z,2012-01-01T00:00:00Z,148
http://www.wikidata.org/entity/Q70567,David Pizarro,Manchester City F.C.,Premier League,2012-01-01T00:00:00Z,2012-01-01T00:00:00Z,5
http://www.wikidata.org/entity/Q70567,David Pizarro,ACF Fiorentina,Serie A,2012-01-01T00:00:00Z,2015-01-01T00:00:00Z,83
http://www.wikidata.org/entity/Q713711,Wilfried Zaha,Crystal Palace F.C.,Premier League,2010-01-01T00:00:00Z,2013-01-01T00:00:00Z,110
http://www.wikidata.org/entity/Q713711,Wilfried Zaha,Manchester United F.C.,Premier League,2013-01-25T00:00:00Z,2015-01-01T00:00:00Z,2
http://www.wikidata.org/entity/Q713711,Wilfried Zaha,Crystal Palace F.C.,Premier League,2013-01-26T00:00:00Z,2013-06-30T00:00:00Z,16
http://www.wikidata.org/entity/Q713711,Wilfried Zaha,Crystal Palace F.C.,Premier League,2014-08-28T00:00:00Z,2015-02-01T00:00:00Z,16
http://www.wikidata.org/entity/Q713711,Wilfried Zaha,Crystal Palace F.C.,Premier League,2015-02-02T00:00:00Z,2023-06-30T00:00:00Z,275
http://www.wikidata.org/entity/Q716570,Martín Astudillo,Deportivo Alavés,La Liga,1999-01-01T00:00:00Z,2009-01-01T00:00:00Z,311
http://www.wikidata.org/entity/Q716570,Martín Astudillo,Club Atlético Osasuna,La Liga,2008-01-01T00:00:00Z,2008-01-01T00:00:00Z,13
http://www.wikidata.org/entity/Q718878,Javier Casquero,Atlético Madrid,La Liga,,,
http://www.wikidata.org/entity/Q718878,Javier Casquero,Sevilla FC,La Liga,2000-01-01T00:00:00Z,2005-01-01T00:00:00Z,144
http://www.wikidata.org/entity/Q718878,Javier Casquero,Getafe CF,La Liga,2006-01-01T00:00:00Z,2012-01-01T00:00:00Z,190
http://www.wikidata.org/entity/Q719622,Gheorghe Craioveanu,Real Sociedad,La Liga,1995-01-01T00:00:00Z,1998-01-01T00:00:00Z,90
http://www.wikidata.org/entity/Q719622,Gheorghe Craioveanu,Villarreal CF,La Liga,1998-01-01T00:00:00Z,2002-01-01T00:00:00Z,120
http://www.wikidata.org/entity/Q719622,Gheorghe Craioveanu,Getafe CF,La Liga,2002-01-01T00:00:00Z,2006-01-01T00:00:00Z,120
http://www.wikidata.org/entity/Q719654,Enrique de Lucas,RCD Espanyol de Barcelona,La Liga,1998-01-01T00:00:00Z,2002-01-01T00:00:00Z,92
http://www.wikidata.org/entity/Q719654,Enrique de Lucas,Chelsea F.C.,Premier League,2002-01-01T00:00:00Z,2003-01-01T00:00:00Z,25
http://www.wikidata.org/entity/Q719654,Enrique de Lucas,Deportivo Alavés,La Liga,2003-01-01T00:00:00Z,2007-01-01T00:00:00Z,127
http://www.wikidata.org/entity/Q719654,Enrique de Lucas,RC Celta de Vigo,La Liga,2010-01-01T00:00:00Z,2013-01-01T00:00:00Z,98
http://www.wikidata.org/entity/Q7197034,Piotr Zieliński,Udinese Calcio,Serie A,2012-01-01T00:00:00Z,2016-01-01T00:00:00Z,19
http://www.wikidata.org/entity/Q7197034,Piotr Zieliński,SSC Napoli,Serie A,2016-01-01T00:00:00Z,2024-01-01T00:00:00Z,281
http://www.wikidata.org/entity/Q7197034,Piotr Zieliński,Inter Milan,Serie A,2024-01-01T00:00:00Z,,34
http://www.wikidata.org/entity/Q722864,Carl Fletcher,AFC Bournemouth,Premier League,1997-01-01T00:00:00Z,2004-01-01T00:00:00Z,193
http://www.wikidata.org/entity/Q722864,Carl Fletcher,West Ham United F.C.,Premier League,2004-01-01T00:00:00Z,2006-01-01T00:00:00Z,44
http://www.wikidata.org/entity/Q722864,Carl Fletcher,Crystal Palace F.C.,Premier League,2006-01-01T00:00:00Z,2009-01-01T00:00:00Z,68
http://www.wikidata.org/entity/Q722864,Carl Fletcher,Nottingham Forest F.C.,Premier League,2008-01-01T00:00:00Z,2008-01-01T00:00:00Z,5
http://www.wikidata.org/entity/Q724020,Damiano Zenoni,Atalanta BC,Serie A,1994-01-01T00:00:00Z,2005-01-01T00:00:00Z,209
http://www.wikidata.org/entity/Q724020,Damiano Zenoni,Udinese Calcio,Serie A,2005-01-01T00:00:00Z,2007-01-01T00:00:00Z,68
http://www.wikidata.org/entity/Q724020,Damiano Zenoni,Parma Calcio 1913,Serie A,2007-01-01T00:00:00Z,2010-01-01T00:00:00Z,68
http://www.wikidata.org/entity/Q726848,Giacomo Bonaventura,Atalanta BC,Serie A,2007-01-01T00:00:00Z,2014-01-01T00:00:00Z,104
http://www.wikidata.org/entity/Q726848,Giacomo Bonaventura,AC Milan,Serie A,2014-01-01T00:00:00Z,2020-01-01T00:00:00Z,155
http://www.wikidata.org/entity/Q726848,Giacomo Bonaventura,ACF Fiorentina,Serie A,2020-01-01T00:00:00Z,2024-01-01T00:00:00Z,126
http://www.wikidata.org/entity/Q727388,Javier López Vallejo,Club Atlético Osasuna,La Liga,1994-01-01T00:00:00Z,1999-01-01T00:00:00Z,165
http://www.wikidata.org/entity/Q727388,Javier López Vallejo,Villarreal CF,La Liga,1999-01-01T00:00:00Z,2007-01-01T00:00:00Z,143
http://www.wikidata.org/entity/Q7324631,Richard Carpenter,Fulham F.C.,Premier League,1996-01-01T00:00:00Z,1998-01-01T00:00:00Z,58
http://www.wikidata.org/entity/Q7324631,Richard Carpenter,Brighton & Hove Albion F.C.,Premier League,2000-01-01T00:00:00Z,2007-01-01T00:00:00Z,252
http://www.wikidata.org/entity/Q73360,Thibaut Courtois,Chelsea F.C.,Premier League,2011-01-01T00:00:00Z,2018-08-01T00:00:00Z,126
http://www.wikidata.org/entity/Q73360,Thibaut Courtois,Atlético Madrid,La Liga,2011-01-01T00:00:00Z,2014-01-01T00:00:00Z,111
http://www.wikidata.org/entity/Q73360,Thibaut Courtois,Real Madrid Club de Fútbol,La Liga,2018-08-01T00:00:00Z,http://www.wikidata.org/.well-known/genid/cb1c1ebb4e5c3883faf98108dfe1df43,212
http://www.wikidata.org/entity/Q73480,Willian,Chelsea F.C.,Premier League,2013-08-28T00:00:00Z,2020-08-13T00:00:00Z,234
http://www.wikidata.org/entity/Q73480,Willian,Arsenal F.C.,Premier League,2020-08-14T00:00:00Z,2021-08-30T00:00:00Z,25
http://www.wikidata.org/entity/Q73480,Willian,Fulham F.C.,Premier League,2022-09-01T00:00:00Z,2024-07-01T00:00:00Z,58
http://www.wikidata.org/entity/Q73480,Willian,Fulham F.C.,Premier League,2025-02-01T00:00:00Z,2025-07-01T00:00:00Z,10
http://www.wikidata.org/entity/Q7351925,Roberto Torres Morales,Club Atlético Osasuna,La Liga,2005-01-01T00:00:00Z,2007-01-01T00:00:00Z,
http://www.wikidata.org/entity/Q7351925,Roberto Torres Morales,Club Atlético Osasuna,La Liga,2011-01-01T00:00:00Z,2022-01-01T00:00:00Z,352
http://www.wikidata.org/entity/Q735967,Jesús María Lacruz,Club Atlético Osasuna,La Liga,,1994-01-01T00:00:00Z,
http://www.wikidata.org/entity/Q735967,Jesús María Lacruz,Club Atlético Osasuna,La Liga,1995-01-01T00:00:00Z,1997-01-01T00:00:00Z,48
http://www.wikidata.org/entity/Q735967,Jesús María Lacruz,Athletic Club,La Liga,1997-01-01T00:00:00Z,2006-01-01T00:00:00Z,224
http://www.wikidata.org/entity/Q735967,Jesús María Lacruz,RCD Espanyol de Barcelona,La Liga,2006-01-01T00:00:00Z,2009-01-01T00:00:00Z,48
http://www.wikidata.org/entity/Q742372,Jonathan Douglas,Leeds United F.C.,Premier League,2005-01-01T00:00:00Z,2009-01-01T00:00:00Z,148
http://www.wikidata.org/entity/Q742372,Jonathan Douglas,Brentford F.C.,Premier League,2011-01-01T00:00:00Z,2015-01-01T00:00:00Z,169
http://www.wikidata.org/entity/Q75580,Tommaso Rocchi,Juventus FC,Serie A,1995-01-01T00:00:00Z,1998-01-01T00:00:00Z,0
http://www.wikidata.org/entity/Q75580,Tommaso Rocchi,Como 1907,Serie A,1998-01-01T00:00:00Z,2000-01-01T00:00:00Z,62
http://www.wikidata.org/entity/Q75580,Tommaso Rocchi,SS Lazio,Serie A,2004-01-01T00:00:00Z,2013-01-01T00:00:00Z,235
http://www.wikidata.org/entity/Q75580,Tommaso Rocchi,Inter Milan,Serie A,2013-01-01T00:00:00Z,2013-01-01T00:00:00Z,13
http://www.wikidata.org/entity/Q759710,Yussuf Poulsen,RB Leipzig,Bundesliga,2013-01-01T00:00:00Z,2025-01-01T00:00:00Z,330
http://www.wikidata.org/entity/Q759710,Yussuf Poulsen,Hamburger SV,Bundesliga,2025-01-01T00:00:00Z,,6
http://www.wikidata.org/entity/Q7612554,Steve Fletcher,AFC Bournemouth,Premier League,1992-01-01T00:00:00Z,2007-01-01T00:00:00Z,493
http://www.wikidata.org/entity/Q7612554,Steve Fletcher,AFC Bournemouth,Premier League,2009-01-01T00:00:00Z,2013-01-01T00:00:00Z,135
http://www.wikidata.org/entity/Q761549,Marco Carparelli,Torino FC,Serie A,1997-01-01T00:00:00Z,1998-01-01T00:00:00Z,29
http://www.wikidata.org/entity/Q761549,Marco Carparelli,Genoa CFC,Serie A,1999-01-01T00:00:00Z,2002-01-01T00:00:00Z,129
http://www.wikidata.org/entity/Q761549,Marco Carparelli,Como 1907,Serie A,2004-01-01T00:00:00Z,2004-01-01T00:00:00Z,23
http://www.wikidata.org/entity/Q761549,Marco Carparelli,Genoa CFC,Serie A,2005-01-01T00:00:00Z,2005-01-01T00:00:00Z,10
http://www.wikidata.org/entity/Q761549,Marco Carparelli,U.S. Cremonese,Serie A,2005-01-01T00:00:00Z,2007-01-01T00:00:00Z,70
http://www.wikidata.org/entity/Q761549,Marco Carparelli,Pisa SC,Serie A,2009-01-01T00:00:00Z,2012-01-01T00:00:00Z,67
http://www.wikidata.org/entity/Q763465,Hakan Çalhanoğlu,Hamburger SV,Bundesliga,2013-01-01T00:00:00Z,2014-01-01T00:00:00Z,32
http://www.wikidata.org/entity/Q763465,Hakan Çalhanoğlu,Bayer 04 Leverkusen,Bundesliga,2014-01-01T00:00:00Z,2017-01-01T00:00:00Z,79
http://www.wikidata.org/entity/Q763465,Hakan Çalhanoğlu,AC Milan,Serie A,2017-01-01T00:00:00Z,2021-01-01T00:00:00Z,135
http://www.wikidata.org/entity/Q763465,Hakan Çalhanoğlu,Inter Milan,Serie A,2021-01-01T00:00:00Z,,137
http://www.wikidata.org/entity/Q80306,Giorgio Chiellini,AS Roma,Serie A,2002-01-01T00:00:00Z,2004-01-01T00:00:00Z,0
http://www.wikidata.org/entity/Q80306,Giorgio Chiellini,Juventus FC,Serie A,2004-06-01T00:00:00Z,2022-06-01T00:00:00Z,425
http://www.wikidata.org/entity/Q80306,Giorgio Chiellini,ACF Fiorentina,Serie A,2004-07-01T00:00:00Z,2005-07-01T00:00:00Z,37
http://www.wikidata.org/entity/Q80471,Miroslav Klose,SV Werder Bremen,Bundesliga,2004-01-01T00:00:00Z,2007-01-01T00:00:00Z,85
http://www.wikidata.org/entity/Q80471,Miroslav Klose,FC Bayern Munich,Bundesliga,2007-01-01T00:00:00Z,2011-01-01T00:00:00Z,98
http://www.wikidata.org/entity/Q80471,Miroslav Klose,SS Lazio,Serie A,2011-01-01T00:00:00Z,2016-01-01T00:00:00Z,139
http://www.wikidata.org/entity/Q80892,Isco,Valencia CF,La Liga,2010-01-01T00:00:00Z,2011-01-01T00:00:00Z,4
http://www.wikidata.org/entity/Q80892,Isco,Real Madrid Club de Fútbol,La Liga,2013-01-01T00:00:00Z,2022-01-01T00:00:00Z,246
http://www.wikidata.org/entity/Q80892,Isco,Sevilla FC,La Liga,2022-01-01T00:00:00Z,2022-01-01T00:00:00Z,12
http://www.wikidata.org/entity/Q80892,Isco,Real Betis Balompié,La Liga,2023-01-01T00:00:00Z,,52
http://www.wikidata.org/entity/Q83456,John Terry,Chelsea F.C.,Premier League,1998-01-01T00:00:00Z,2017-01-01T00:00:00Z,492
http://www.wikidata.org/entity/Q83456,John Terry,Nottingham Forest F.C.,Premier League,2000-01-01T00:00:00Z,2000-01-01T00:00:00Z,6
http://www.wikidata.org/entity/Q83456,John Terry,Aston Villa F.C.,Premier League,2017-01-01T00:00:00Z,2018-01-01T00:00:00Z,32
http://www.wikidata.org/entity/Q83488,Mesut Özil,SV Werder Bremen,Bundesliga,2008-01-01T00:00:00Z,2010-01-01T00:00:00Z,71
http://www.wikidata.org/entity/Q83488,Mesut Özil,Real Madrid Club de Fútbol,La Liga,2009-01-01T00:00:00Z,2013-01-01T00:00:00Z,105
http://www.wikidata.org/entity/Q83488,Mesut Özil,Arsenal F.C.,Premier League,2013-01-01T00:00:00Z,2021-01-24T00:00:00Z,184
http://www.wikidata.org/entity/Q869044,Alessandro Agostini,ACF Fiorentina,Serie A,1996-01-01T00:00:00Z,2002-01-01T00:00:00Z,13
http://www.wikidata.org/entity/Q869044,Alessandro Agostini,Cagliari Calcio,Serie A,2004-01-01T00:00:00Z,2012-01-01T00:00:00Z,266
http://www.wikidata.org/entity/Q869044,Alessandro Agostini,Cagliari Calcio,Serie A,2004-01-01T00:00:00Z,2004-01-01T00:00:00Z,15
http://www.wikidata.org/entity/Q869044,Alessandro Agostini,Torino FC,Serie A,2012-01-01T00:00:00Z,2013-01-01T00:00:00Z,0
http://www.wikidata.org/entity/Q869044,Alessandro Agostini,Hellas Verona FC,Serie A,2013-01-01T00:00:00Z,2013-01-01T00:00:00Z,13
http://www.wikidata.org/entity/Q879835,Matthias Scherz,FC St. Pauli,Bundesliga,1994-01-01T00:00:00Z,1996-01-01T00:00:00Z,63
http://www.wikidata.org/entity/Q879835,Matthias Scherz,FC St. Pauli,Bundesliga,1996-01-01T00:00:00Z,1999-01-01T00:00:00Z,86
http://www.wikidata.org/entity/Q879835,Matthias Scherz,1. FC Köln,Bundesliga,1999-01-01T00:00:00Z,2009-01-01T00:00:00Z,270
http://www.wikidata.org/entity/Q8991466,Paul Butler,Sunderland A.F.C.,Premier League,1998-01-01T00:00:00Z,2001-01-01T00:00:00Z,79
http://www.wikidata.org/entity/Q8991466,Paul Butler,Wolverhampton Wanderers F.C.,Premier League,2000-01-01T00:00:00Z,2001-01-01T00:00:00Z,5
http://www.wikidata.org/entity/Q8991466,Paul Butler,Wolverhampton Wanderers F.C.,Premier League,2001-01-01T00:00:00Z,2004-01-01T00:00:00Z,119
http://www.wikidata.org/entity/Q8991466,Paul Butler,Leeds United F.C.,Premier League,2004-01-01T00:00:00Z,2007-01-01T00:00:00Z,100
http://www.wikidata.org/entity/Q912172,Saúl Ñíguez,Atlético Madrid,La Liga,2012-01-01T00:00:00Z,2025-07-01T00:00:00Z,295
http://www.wikidata.org/entity/Q912172,Saúl Ñíguez,Rayo Vallecano,La Liga,2013-01-01T00:00:00Z,2014-01-01T00:00:00Z,34
http://www.wikidata.org/entity/Q912172,Saúl Ñíguez,Chelsea F.C.,Premier League,2021-01-01T00:00:00Z,2022-01-01T00:00:00Z,10
http://www.wikidata.org/entity/Q912172,Saúl Ñíguez,Sevilla FC,La Liga,2024-01-01T00:00:00Z,2025-01-01T00:00:00Z,24
http://www.wikidata.org/entity/Q933973,Daniele Conti,AS Roma,Serie A,1996-01-01T00:00:00Z,1999-01-01T00:00:00Z,5
http://www.wikidata.org/entity/Q933973,Daniele Conti,Cagliari Calcio,Serie A,1999-01-01T00:00:00Z,2015-01-01T00:00:00Z,434
http://www.wikidata.org/entity/Q937192,Fernando Varela Ramos,Real Betis Balompié,La Liga,1997-05-26T00:00:00Z,2006-06-07T00:00:00Z,192
http://www.wikidata.org/entity/Q937192,Fernando Varela Ramos,RCD Mallorca,La Liga,2006-07-01T00:00:00Z,2010-07-14T00:00:00Z,126
http://www.wikidata.org/entity/Q945233,Hayden Mullins,Crystal Palace F.C.,Premier League,1998-01-01T00:00:00Z,2003-01-01T00:00:00Z,222
http://www.wikidata.org/entity/Q945233,Hayden Mullins,West Ham United F.C.,Premier League,2003-01-01T00:00:00Z,2003-01-01T00:00:00Z,1
http://www.wikidata.org/entity/Q945233,Hayden Mullins,West Ham United F.C.,Premier League,2003-01-01T00:00:00Z,2009-01-01T00:00:00Z,179
http://www.wikidata.org/entity/Q949938,Marco Parolo,Como 1907,Serie A,2004-01-01T00:00:00Z,2005-01-01T00:00:00Z,31
http://www.wikidata.org/entity/Q949938,Marco Parolo,Hellas Verona FC,Serie A,2008-01-01T00:00:00Z,2009-01-01T00:00:00Z,32
http://www.wikidata.org/entity/Q949938,Marco Parolo,Parma Calcio 1913,Serie A,2012-01-01T00:00:00Z,2014-01-01T00:00:00Z,72
http://www.wikidata.org/entity/Q949938,Marco Parolo,SS Lazio,Serie A,2014-01-01T00:00:00Z,2021-06-01T00:00:00Z,211
http://www.wikidata.org/entity/Q954255,Ian Cox,Crystal Palace F.C.,Premier League,1994-01-01T00:00:00Z,1996-01-01T00:00:00Z,15
http://www.wikidata.org/entity/Q954255,Ian Cox,AFC Bournemouth,Premier League,1996-01-01T00:00:00Z,2000-01-01T00:00:00Z,173
http://www.wikidata.org/entity/Q954255,Ian Cox,Burnley F.C.,Premier League,2000-01-01T00:00:00Z,2003-01-01T00:00:00Z,115
http://www.wikidata.org/entity/Q954307,Luis Diego López,Cagliari Calcio,Serie A,1998-01-01T00:00:00Z,2010-01-01T00:00:00Z,344
http://www.wikidata.org/entity/Q96755,Antonio Rüdiger,VfB Stuttgart,Bundesliga,2012-01-01T00:00:00Z,2016-01-01T00:00:00Z,66
http://www.wikidata.org/entity/Q96755,Antonio Rüdiger,AS Roma,Serie A,2015-01-01T00:00:00Z,2016-01-01T00:00:00Z,30
http://www.wikidata.org/entity/Q96755,Antonio Rüdiger,AS Roma,Serie A,2016-01-01T00:00:00Z,2017-01-01T00:00:00Z,26
http://www.wikidata.org/entity/Q96755,Antonio Rüdiger,Chelsea F.C.,Premier League,2017-01-01T00:00:00Z,2022-01-01T00:00:00Z,133
http://www.wikidata.org/entity/Q96755,Antonio Rüdiger,Real Madrid Club de Fútbol,La Liga,2022-01-01T00:00:00Z,http://www.wikidata.org/.well-known/genid/b9c6f012e830831c329c01e2cdabb7e0,96
http://www.wikidata.org/entity/Q969725,Harry Kane,Tottenham Hotspur F.C.,Premier League,2009-01-01T00:00:00Z,2023-01-01T00:00:00Z,317
http://www.wikidata.org/entity/Q969725,Harry Kane,FC Bayern Munich,Bundesliga,2023-01-01T00:00:00Z,,73
http://www.wikidata.org/entity/Q970864,Salvatore Lanna,AC Milan,Serie A,1996-01-01T00:00:00Z,2007-01-01T00:00:00Z,312
http://www.wikidata.org/entity/Q970864,Salvatore Lanna,Torino FC,Serie A,2007-01-01T00:00:00Z,2008-01-01T00:00:00Z,29
http://www.wikidata.org/entity/Q970864,Salvatore Lanna,Bologna F.C. 1909,Serie A,2008-01-01T00:00:00Z,2010-01-01T00:00:00Z,55
http://www.wikidata.org/entity/Q976301,Diego Fuser,Torino FC,Serie A,1986-01-01T00:00:00Z,1989-01-01T00:00:00Z,49
http://www.wikidata.org/entity/Q976301,Diego Fuser,AC Milan,Serie A,1989-01-01T00:00:00Z,1990-01-01T00:00:00Z,20
http://www.wikidata.org/entity/Q976301,Diego Fuser,ACF Fiorentina,Serie A,1990-01-01T00:00:00Z,1991-01-01T00:00:00Z,32
http://www.wikidata.org/entity/Q976301,Diego Fuser,AC Milan,Serie A,1991-01-01T00:00:00Z,1992-01-01T00:00:00Z,15
http://www.wikidata.org/entity/Q976301,Diego Fuser,SS Lazio,Serie A,1992-01-01T00:00:00Z,1998-01-01T00:00:00Z,188
http://www.wikidata.org/entity/Q976301,Diego Fuser,Parma Calcio 1913,Serie A,1998-01-01T00:00:00Z,2001-01-01T00:00:00Z,86
http://www.wikidata.org/entity/Q976301,Diego Fuser,AS Roma,Serie A,2001-01-01T00:00:00Z,2003-01-01T00:00:00Z,15
http://www.wikidata.org/entity/Q976301,Diego Fuser,Torino FC,Serie A,2003-01-01T00:00:00Z,2004-01-01T00:00:00Z,29
http://www.wikidata.org/entity/Q980775,Christian Amoroso,ACF Fiorentina,Serie A,1996-01-01T00:00:00Z,2002-01-01T00:00:00Z,120
http://www.wikidata.org/entity/Q980775,Christian Amoroso,Bologna F.C. 1909,Serie A,2002-01-01T00:00:00Z,2009-01-01T00:00:00Z,197
http://www.wikidata.org/entity/Q980775,Christian Amoroso,Pisa SC,Serie A,2010-01-01T00:00:00Z,2011-01-01T00:00:00Z,9
http://www.wikidata.org/entity/Q994561,Jonas Hector,1. FC Köln,Bundesliga,2012-01-01T00:00:00Z,2023-01-01T00:00:00Z,314
http://www.wikidata.org/entity/Q10520,David Beckham,Manchester United F.C.,Premier League,1992-08-01T00:00:00Z,2003-07-01T00:00:00Z,265
http://www.wikidata.org/entity/Q10520,David Beckham,Real Madrid Club de Fútbol,La Liga,2003-07-01T00:00:00Z,2007-07-11T00:00:00Z,116
http://www.wikidata.org/entity/Q10520,David Beckham,AC Milan,Serie A,2009-01-07T00:00:00Z,2009-07-01T00:00:00Z,18
http://www.wikidata.org/entity/Q10520,David Beckham,AC Milan,Serie A,2010-01-01T00:00:00Z,2010-03-01T00:00:00Z,11
http://www.wikidata.org/entity/Q10598,David James,Liverpool F.C.,Premier League,1992-01-01T00:00:00Z,1999-01-01T00:00:00Z,214
http://www.wikidata.org/entity/Q10598,David James,Aston Villa F.C.,Premier League,1999-01-01T00:00:00Z,2001-01-01T00:00:00Z,67
http://www.wikidata.org/entity/Q10598,David James,West Ham United F.C.,Premier League,2001-01-01T00:00:00Z,2004-01-01T00:00:00Z,91
http://www.wikidata.org/entity/Q10598,David James,Manchester City F.C.,Premier League,2004-01-01T00:00:00Z,2006-01-01T00:00:00Z,93
http://www.wikidata.org/entity/Q10598,David James,AFC Bournemouth,Premier League,2012-01-01T00:00:00Z,2013-01-01T00:00:00Z,19
http://www.wikidata.org/entity/Q10602,Ashley Young,Aston Villa F.C.,Premier League,2007-01-01T00:00:00Z,2011-01-01T00:00:00Z,157
http://www.wikidata.org/entity/Q10602,Ashley Young,Manchester United F.C.,Premier League,2011-01-01T00:00:00Z,2020-01-01T00:00:00Z,192
http://www.wikidata.org/entity/Q10602,Ashley Young,Inter Milan,Serie A,2020-01-01T00:00:00Z,2021-01-01T00:00:00Z,44
http://www.wikidata.org/entity/Q10602,Ashley Young,Aston Villa F.C.,Premier League,2021-01-01T00:00:00Z,2023-01-01T00:00:00Z,53
http://www.wikidata.org/entity/Q10602,Ashley Young,Everton F.C.,Premier League,2023-01-01T00:00:00Z,2025-01-01T00:00:00Z,63
http://www.wikidata.org/entity/Q10758,Marco Cassetti,Hellas Verona FC,Serie A,2000-01-01T00:00:00Z,2003-01-01T00:00:00Z,61
http://www.wikidata.org/entity/Q10758,Marco Cassetti,US Lecce,Serie A,2003-01-01T00:00:00Z,2006-01-01T00:00:00Z,98
http://www.wikidata.org/entity/Q10758,Marco Cassetti,AS Roma,Serie A,2006-01-01T00:00:00Z,2012-01-01T00:00:00Z,198
http://www.wikidata.org/entity/Q10758,Marco Cassetti,Udinese Calcio,Serie A,2012-01-01T00:00:00Z,2013-01-01T00:00:00Z,0
http://www.wikidata.org/entity/Q10758,Marco Cassetti,Como 1907,Serie A,2015-01-01T00:00:00Z,2016-01-01T00:00:00Z,38
http://www.wikidata.org/entity/Q11571,Cristiano Ronaldo,Manchester United F.C.,Premier League,2003-01-01T00:00:00Z,2009-01-01T00:00:00Z,196
http://www.wikidata.org/entity/Q11571,Cristiano Ronaldo,Real Madrid Club de Fútbol,La Liga,2009-01-01T00:00:00Z,2018-01-01T00:00:00Z,292
http://www.wikidata.org/entity/Q11571,Cristiano Ronaldo,Juventus FC,Serie A,2018-01-01T00:00:00Z,2021-08-26T00:00:00Z,98
http://www.wikidata.org/entity/Q11571,Cristiano Ronaldo,Manchester United F.C.,Premier League,2021-08-27T00:00:00Z,2022-11-22T00:00:00Z,40
http://www.wikidata.org/entity/Q11576,Raúl,Real Madrid Club de Fútbol,La Liga,1994-01-01T00:00:00Z,2010-01-01T00:00:00Z,550
http://www.wikidata.org/entity/Q11584,Iker Casillas,Real Madrid Club de Fútbol,La Liga,1999-01-01T00:00:00Z,2015-01-01T00:00:00Z,510
http://www.wikidata.org/entity/Q11948,Michael Ballack,Bayer 04 Leverkusen,Bundesliga,1999-01-01T00:00:00Z,2002-01-01T00:00:00Z,79
http://www.wikidata.org/entity/Q11948,Michael Ballack,FC Bayern Munich,Bundesliga,2002-01-01T00:00:00Z,2006-01-01T00:00:00Z,107
http://www.wikidata.org/entity/Q11948,Michael Ballack,Chelsea F.C.,Premier League,2006-01-01T00:00:00Z,2010-01-01T00:00:00Z,105
http://www.wikidata.org/entity/Q11948,Michael Ballack,Bayer 04 Leverkusen,Bundesliga,2010-01-01T00:00:00Z,2012-01-01T00:00:00Z,35
http://www.wikidata.org/entity/Q12984,Stephan El Shaarawy,Genoa CFC,Serie A,2008-01-01T00:00:00Z,2011-01-01T00:00:00Z,3
http://www.wikidata.org/entity/Q12984,Stephan El Shaarawy,AC Milan,Serie A,2011-01-01T00:00:00Z,2016-01-01T00:00:00Z,83
http://www.wikidata.org/entity/Q12984,Stephan El Shaarawy,AS Roma,Serie A,2016-01-01T00:00:00Z,2016-06-01T00:00:00Z,16
http://www.wikidata.org/entity/Q12984,Stephan El Shaarawy,AS Roma,Serie A,2016-07-01T00:00:00Z,2019-07-01T00:00:00Z,93
http://www.wikidata.org/entity/Q12984,Stephan El Shaarawy,AS Roma,Serie A,2021-01-01T00:00:00Z,,135
http://www.wikidata.org/entity/Q13054,Steed Malbranque,Fulham F.C.,Premier League,2001-01-01T00:00:00Z,2006-01-01T00:00:00Z,172
http://www.wikidata.org/entity/Q13054,Steed Malbranque,Tottenham Hotspur F.C.,Premier League,2006-01-01T00:00:00Z,2008-01-01T00:00:00Z,62
http://www.wikidata.org/entity/Q13054,Steed Malbranque,Sunderland A.F.C.,Premier League,2008-01-01T00:00:00Z,2011-01-01T00:00:00Z,102
http://www.wikidata.org/entity/Q17158,Carles Puyol,Futbol Club Barcelona,La Liga,1999-01-01T00:00:00Z,2014-01-01T00:00:00Z,392
http://www.wikidata.org/entity/Q17499,Cesc Fàbregas,Futbol Club Barcelona,La Liga,1997-01-01T00:00:00Z,2003-01-01T00:00:00Z,
http://www.wikidata.org/entity/Q17499,Cesc Fàbregas,Arsenal F.C.,Premier League,2003-01-01T00:00:00Z,2011-01-01T00:00:00Z,212
http://www.wikidata.org/entity/Q17499,Cesc Fàbregas,Futbol Club Barcelona,La Liga,2011-01-01T00:00:00Z,2014-01-01T00:00:00Z,96
http://www.wikidata.org/entity/Q17499,Cesc Fàbregas,Chelsea F.C.,Premier League,2014-01-01T00:00:00Z,2019-01-11T00:00:00Z,138
http://www.wikidata.org/entity/Q17499,Cesc Fàbregas,Como 1907,Serie A,2022-08-01T00:00:00Z,2023-07-01T00:00:00Z,17
http://www.wikidata.org/entity/Q17500,Xavi Hernández,Futbol Club Barcelona,La Liga,1998-01-01T00:00:00Z,2015-01-01T00:00:00Z,505
http://www.wikidata.org/entity/Q17507,Gerard Piqué,Futbol Club Barcelona,La Liga,1997-01-01T00:00:00Z,2004-01-01T00:00:00Z,
http://www.wikidata.org/entity/Q17507,Gerard Piqué,Manchester United F.C.,Premier League,2004-01-01T00:00:00Z,2008-01-01T00:00:00Z,12
http://www.wikidata.org/entity/Q17507,Gerard Piqué,Manchester United F.C.,Premier League,2004-01-01T00:00:00Z,2006-01-01T00:00:00Z,
http://www.wikidata.org/entity/Q17507,Gerard Piqué,Futbol Club Barcelona,La Liga,2008-05-27T00:00:00Z,2022-11-05T00:00:00Z,397
http://www.wikidata.org/entity/Q1835,Zinedine Zidane,Juventus FC,Serie A,1996-01-01T00:00:00Z,2001-01-01T00:00:00Z,151
http://www.wikidata.org/entity/Q1835,Zinedine Zidane,Real Madrid Club de Fútbol,La Liga,2001-01-01T00:00:00Z,2006-01-01T00:00:00Z,155
http://www.wikidata.org/entity/Q18753,Roberto Trashorras,Futbol Club Barcelona,La Liga,2001-01-01T00:00:00Z,2001-01-01T00:00:00Z,1
http://www.wikidata.org/entity/Q18753,Roberto Trashorras,RC Celta de Vigo,La Liga,2008-01-01T00:00:00Z,2011-01-01T00:00:00Z,109
http://www.wikidata.org/entity/Q18753,Roberto Trashorras,Rayo Vallecano,La Liga,2011-01-01T00:00:00Z,2018-01-01T00:00:00Z,211
http://www.wikidata.org/entity/Q1907,Hugo Lloris,Tottenham Hotspur F.C.,Premier League,2012-01-01T00:00:00Z,2023-01-01T00:00:00Z,361
http://www.wikidata.org/entity/Q1911,Olivier Giroud,Arsenal F.C.,Premier League,2012-01-01T00:00:00Z,2018-01-31T00:00:00Z,180
http://www.wikidata.org/entity/Q1911,Olivier Giroud,Chelsea F.C.,Premier League,2018-01-31T00:00:00Z,2021-07-01T00:00:00Z,75
http://www.wikidata.org/entity/Q1911,Olivier Giroud,AC Milan,Serie A,2021-01-01T00:00:00Z,2024-01-01T00:00:00Z,97
http://www.wikidata.org/entity/Q1912,Karim Benzema,Real Madrid Club de Fútbol,La Liga,2009-01-01T00:00:00Z,2023-01-01T00:00:00Z,439
http://www.wikidata.org/entity/Q1916,Patrice Evra,Manchester United F.C.,Premier League,2006-01-01T00:00:00Z,2014-01-01T00:00:00Z,273
http://www.wikidata.org/entity/Q1916,Patrice Evra,Juventus FC,Serie A,2014-01-01T00:00:00Z,2017-01-01T00:00:00Z,53
http://www.wikidata.org/entity/Q1916,Patrice Evra,West Ham United F.C.,Premier League,2018-02-01T00:00:00Z,2018-06-01T00:00:00Z,5
http://www.wikidata.org/entity/Q1918,Franck Ribéry,FC Bayern Munich,Bundesliga,2007-01-01T00:00:00Z,2019-01-01T00:00:00Z,273
http://www.wikidata.org/entity/Q1918,Franck Ribéry,ACF Fiorentina,Serie A,2019-08-01T00:00:00Z,2021-06-01T00:00:00Z,50
http://www.wikidata.org/entity/Q1929,Gaël Clichy,Arsenal F.C.,Premier League,2003-08-04T00:00:00Z,2011-07-04T00:00:00Z,187
http://www.wikidata.org/entity/Q1929,Gaël Clichy,Manchester City F.C.,Premier League,2011-07-04T00:00:00Z,2017-07-06T00:00:00Z,138
http://www.wikidata.org/entity/Q1937,William Gallas,Chelsea F.C.,Premier League,2001-01-01T00:00:00Z,2006-01-01T00:00:00Z,159
http://www.wikidata.org/entity/Q1937,William Gallas,Arsenal F.C.,Premier League,2006-01-01T00:00:00Z,2010-01-01T00:00:00Z,101
http://www.wikidata.org/entity/Q1937,William Gallas,Tottenham Hotspur F.C.,Premier League,2010-01-01T00:00:00Z,2013-01-01T00:00:00Z,61
http://www.wikidata.org/entity/Q1939,Nicolas Anelka,Arsenal F.C.,Premier League,1997-02-22T00:00:00Z,1999-08-02T00:00:00Z,90
http://www.wikidata.org/entity/Q1939,Nicolas Anelka,Real Madrid Club de Fútbol,La Liga,1999-08-02T00:00:00Z,2000-01-01T00:00:00Z,19
http://www.wikidata.org/entity/Q1939,Nicolas Anelka,Liverpool F.C.,Premier League,2002-01-01T00:00:00Z,2002-05-01T00:00:00Z,20
http://www.wikidata.org/entity/Q1939,Nicolas Anelka,Manchester City F.C.,Premier League,2002-05-24T00:00:00Z,2005-01-01T00:00:00Z,89
http://www.wikidata.org/entity/Q1939,Nicolas Anelka,Chelsea F.C.,Premier League,2008-01-11T00:00:00Z,2012-01-01T00:00:00Z,125
http://www.wikidata.org/entity/Q1939,Nicolas Anelka,Juventus FC,Serie A,2013-01-26T00:00:00Z,2013-07-04T00:00:00Z,2
http://www.wikidata.org/entity/Q19392,Éver Banega,Atlético Madrid,La Liga,2008-01-01T00:00:00Z,2009-01-01T00:00:00Z,24
http://www.wikidata.org/entity/Q19392,Éver Banega,Valencia CF,La Liga,2008-01-01T00:00:00Z,2014-01-01T00:00:00Z,136
http://www.wikidata.org/entity/Q19392,Éver Banega,Sevilla FC,La Liga,2014-01-01T00:00:00Z,2016-01-01T00:00:00Z,59
http://www.wikidata.org/entity/Q19392,Éver Banega,Inter Milan,Serie A,2016-01-01T00:00:00Z,2017-01-01T00:00:00Z,28
http://www.wikidata.org/entity/Q19392,Éver Banega,Sevilla FC,La Liga,2017-01-01T00:00:00Z,2020-08-01T00:00:00Z,96
http://www.wikidata.org/entity/Q20110,Francesco Totti,AS Roma,Serie A,1993-01-01T00:00:00Z,2017-01-01T00:00:00Z,619
http://www.wikidata.org/entity/Q26380,iago Aspas,RC Celta de Vigo,La Liga,2008-01-01T00:00:00Z,2013-01-01T00:00:00Z,137
http://www.wikidata.org/entity/Q26380,iago Aspas,Liverpool F.C.,Premier League,2013-01-01T00:00:00Z,2015-01-01T00:00:00Z,14
http://www.wikidata.org/entity/Q26380,iago Aspas,Sevilla FC,La Liga,2014-01-01T00:00:00Z,2015-01-01T00:00:00Z,16
http://www.wikidata.org/entity/Q26380,iago Aspas,RC Celta de Vigo,La Liga,2015-01-01T00:00:00Z,,347
http://www.wikidata.org/entity/Q26517,Luis Suárez,Liverpool F.C.,Premier League,2011-01-01T00:00:00Z,2014-01-01T00:00:00Z,110
http://www.wikidata.org/entity/Q26517,Luis Suárez,Futbol Club Barcelona,La Liga,2014-01-01T00:00:00Z,2020-09-01T00:00:00Z,191
http://www.wikidata.org/entity/Q26517,Luis Suárez,Atlético Madrid,La Liga,2020-09-01T00:00:00Z,2022-06-01T00:00:00Z,67
http://www.wikidata.org/entity/Q27694,Emre Can,FC Bayern Munich,Bundesliga,2012-01-01T00:00:00Z,2013-01-01T00:00:00Z,4
http://www.wikidata.org/entity/Q27694,Emre Can,Bayer 04 Leverkusen,Bundesliga,2013-01-01T00:00:00Z,2014-01-01T00:00:00Z,29
http://www.wikidata.org/entity/Q27694,Emre Can,Liverpool F.C.,Premier League,2014-01-01T00:00:00Z,2018-01-01T00:00:00Z,115
http://www.wikidata.org/entity/Q27694,Emre Can,Juventus FC,Serie A,2018-01-01T00:00:00Z,2020-01-01T00:00:00Z,37
http://www.wikidata.org/entity/Q27694,Emre Can,Borussia Dortmund,Bundesliga,2020-01-01T00:00:00Z,2020-06-01T00:00:00Z,12
http://www.wikidata.org/entity/Q27694,Emre Can,Borussia Dortmund,Bundesliga,2020-07-01T00:00:00Z,,136
http://www.wikidata.org/entity/Q27889,Mikel Balenziaga,Real Sociedad,La Liga,2002-01-01T00:00:00Z,2006-01-01T00:00:00Z,
http://www.wikidata.org/entity/Q27889,Mikel Balenziaga,Athletic Club,La Liga,2008-01-01T00:00:00Z,2023-01-01T00:00:00Z,321
http://www.wikidata.org/entity/Q29162,Tomáš Rosický,Borussia Dortmund,Bundesliga,2001-01-01T00:00:00Z,2006-01-01T00:00:00Z,149
http://www.wikidata.org/entity/Q29162,Tomáš Rosický,Arsenal F.C.,Premier League,2006-01-01T00:00:00Z,2016-01-01T00:00:00Z,170
http://www.wikidata.org/entity/Q29491,Chris Smalling,Fulham F.C.,Premier League,2008-01-01T00:00:00Z,2010-01-01T00:00:00Z,13
http://www.wikidata.org/entity/Q29491,Chris Smalling,Manchester United F.C.,Premier League,2010-01-01T00:00:00Z,2020-01-01T00:00:00Z,206
http://www.wikidata.org/entity/Q29491,Chris Smalling,AS Roma,Serie A,2019-01-01T00:00:00Z,2020-01-01T00:00:00Z,30
http://www.wikidata.org/entity/Q29491,Chris Smalling,AS Roma,Serie A,2020-01-01T00:00:00Z,2024-09-01T00:00:00Z,83
http://www.wikidata.org/entity/Q29516,Theo Walcott,Arsenal F.C.,Premier League,2006-01-01T00:00:00Z,2018-01-01T00:00:00Z,270
http://www.wikidata.org/entity/Q29516,Theo Walcott,Everton F.C.,Premier League,2018-01-01T00:00:00Z,2021-06-01T00:00:00Z,77
http://www.wikidata.org/entity/Q29566,Michael Carrick,West Ham United F.C.,Premier League,1999-01-01T00:00:00Z,2004-01-01T00:00:00Z,136
http://www.wikidata.org/entity/Q29566,Michael Carrick,Tottenham Hotspur F.C.,Premier League,2004-01-01T00:00:00Z,2006-01-01T00:00:00Z,64
http://www.wikidata.org/entity/Q29566,Michael Carrick,Manchester United F.C.,Premier League,2006-01-01T00:00:00Z,2018-01-01T00:00:00Z,316
http://www.wikidata.org/entity/Q31981,David Alaba,FC Bayern Munich,Bundesliga,2010-07-01T00:00:00Z,2021-07-01T00:00:00Z,281
http://www.wikidata.org/entity/Q31981,David Alaba,TSG 1899 Hoffenheim,Bundesliga,2011-01-01T00:00:00Z,2011-06-30T00:00:00Z,17
http://www.wikidata.org/entity/Q31981,David Alaba,Real Madrid Club de Fútbol,La Liga,2021-07-01T00:00:00Z,,77
http://www.wikidata.org/entity/Q32556,Antonio Candreva,Udinese Calcio,Serie A,2007-01-01T00:00:00Z,2012-01-01T00:00:00Z,3
http://www.wikidata.org/entity/Q32556,Antonio Candreva,Juventus FC,Serie A,2010-01-01T00:00:00Z,2010-01-01T00:00:00Z,16
http://www.wikidata.org/entity/Q32556,Antonio Candreva,Parma Calcio 1913,Serie A,2010-01-01T00:00:00Z,2011-01-01T00:00:00Z,31
http://www.wikidata.org/entity/Q32556,Antonio Candreva,SS Lazio,Serie A,2012-01-01T00:00:00Z,2016-01-01T00:00:00Z,151
http://www.wikidata.org/entity/Q32556,Antonio Candreva,Inter Milan,Serie A,2016-01-01T00:00:00Z,2021-06-01T00:00:00Z,124
http://www.wikidata.org/entity/Q36305,Alessandro Matri,AC Milan,Serie A,2002-01-01T00:00:00Z,2007-01-01T00:00:00Z,1
http://www.wikidata.org/entity/Q36305,Alessandro Matri,Cagliari Calcio,Serie A,2007-01-01T00:00:00Z,2011-01-01T00:00:00Z,125
http://www.wikidata.org/entity/Q36305,Alessandro Matri,Juventus FC,Serie A,2011-01-01T00:00:00Z,2013-01-01T00:00:00Z,69
http://www.wikidata.org/entity/Q36305,Alessandro Matri,AC Milan,Serie A,2013-01-01T00:00:00Z,2016-01-01T00:00:00Z,15
http://www.wikidata.org/entity/Q36305,Alessandro Matri,ACF Fiorentina,Serie A,2014-01-01T00:00:00Z,2014-01-01T00:00:00Z,15
http://www.wikidata.org/entity/Q36305,Alessandro Matri,Genoa CFC,Serie A,2014-01-01T00:00:00Z,2015-01-01T00:00:00Z,16
http://www.wikidata.org/entity/Q36305,Alessandro Matri,Juventus FC,Serie A,2015-02-01T00:00:00Z,2015-06-01T00:00:00Z,5
http://www.wikidata.org/entity/Q36305,Alessandro Matri,SS Lazio,Serie A,2015-08-01T00:00:00Z,2016-01-01T00:00:00Z,19
http://www.wikidata.org/entity/Q36305,Alessandro Matri,US Sassuolo Calcio,Serie A,2016-01-01T00:00:00Z,2019-01-01T00:00:00Z,73
http://www.wikidata.org/entity/Q38136,Marcelo Vieira,Real Madrid Club de Fútbol,La Liga,2007-01-01T00:00:00Z,2022-06-01T00:00:00Z,386
http://www.wikidata.org/entity/Q41533,Frank Lampard,West Ham United F.C.,Premier League,1995-01-01T00:00:00Z,2001-01-01T00:00:00Z,148
http://www.wikidata.org/entity/Q41533,Frank Lampard,Chelsea F.C.,Premier League,2001-01-01T00:00:00Z,2014-01-01T00:00:00Z,429
http://www.wikidata.org/entity/Q41533,Frank Lampard,Manchester City F.C.,Premier League,2014-01-01T00:00:00Z,2015-01-01T00:00:00Z,32
http://www.wikidata.org/entity/Q42731,Fernando Torres,Atlético Madrid,La Liga,1995-01-01T00:00:00Z,2001-01-01T00:00:00Z,
http://www.wikidata.org/entity/Q42731,Fernando Torres,Atlético Madrid,La Liga,2001-01-01T00:00:00Z,2007-01-01T00:00:00Z,214
http://www.wikidata.org/entity/Q42731,Fernando Torres,Liverpool F.C.,Premier League,2007-01-01T00:00:00Z,2011-01-01T00:00:00Z,102
http://www.wikidata.org/entity/Q42731,Fernando Torres,Chelsea F.C.,Premier League,2011-01-01T00:00:00Z,2015-01-01T00:00:00Z,110
http://www.wikidata.org/entity/Q42731,Fernando Torres,AC Milan,Serie A,2014-01-01T00:00:00Z,2015-01-01T00:00:00Z,10
http://www.wikidata.org/entity/Q42731,Fernando Torres,AC Milan,Serie A,2015-01-01T00:00:00Z,2016-01-01T00:00:00Z,0
http://www.wikidata.org/entity/Q42731,Fernando Torres,Atlético Madrid,La Liga,2015-01-01T00:00:00Z,2016-01-01T00:00:00Z,49
http://www.wikidata.org/entity/Q42731,Fernando Torres,Atlético Madrid,La Liga,2016-01-01T00:00:00Z,2018-01-01T00:00:00Z,58
http://www.wikidata.org/entity/Q43666,Thomas Müller,FC Bayern Munich,Bundesliga,2008-08-15T00:00:00Z,2025-08-01T00:00:00Z,503
http://www.wikidata.org/entity/Q43682,Philipp Lahm,FC Bayern Munich,Bundesliga,2002-01-01T00:00:00Z,2017-01-01T00:00:00Z,332
http://www.wikidata.org/entity/Q43682,Philipp Lahm,VfB Stuttgart,Bundesliga,2003-01-01T00:00:00Z,2005-01-01T00:00:00Z,54
http://www.wikidata.org/entity/Q43729,Andrés Iniesta,Futbol Club Barcelona,La Liga,2002-01-01T00:00:00Z,2018-01-01T00:00:00Z,442
http://www.wikidata.org/entity/Q43913,Arjen Robben,Chelsea F.C.,Premier League,2004-01-01T00:00:00Z,2007-01-01T00:00:00Z,67
http://www.wikidata.org/entity/Q43913,Arjen Robben,Real Madrid Club de Fútbol,La Liga,2007-01-01T00:00:00Z,2009-01-01T00:00:00Z,50
http://www.wikidata.org/entity/Q43913,Arjen Robben,FC Bayern Munich,Bundesliga,2009-01-01T00:00:00Z,2019-01-01T00:00:00Z,201
http://www.wikidata.org/entity/Q43926,Andrea Pirlo,Inter Milan,Serie A,1998-01-01T00:00:00Z,2001-01-01T00:00:00Z,22
http://www.wikidata.org/entity/Q43926,Andrea Pirlo,AC Milan,Serie A,2001-01-01T00:00:00Z,2011-01-01T00:00:00Z,284
http://www.wikidata.org/entity/Q43926,Andrea Pirlo,Juventus FC,Serie A,2011-01-01T00:00:00Z,2015-01-01T00:00:00Z,119
http://www.wikidata.org/entity/Q44298,Bastian Schweinsteiger,FC Bayern Munich,Bundesliga,2002-01-01T00:00:00Z,2015-01-01T00:00:00Z,342
http://www.wikidata.org/entity/Q44298,Bastian Schweinsteiger,Manchester United F.C.,Premier League,2015-01-01T00:00:00Z,2017-03-01T00:00:00Z,18
http://www.wikidata.org/entity/Q44788,Matteo Darmian,AC Milan,Serie A,2006-01-01T00:00:00Z,2010-01-01T00:00:00Z,4
http://www.wikidata.org/entity/Q44788,Matteo Darmian,Torino FC,Serie A,2011-01-01T00:00:00Z,2015-01-01T00:00:00Z,133
http://www.wikidata.org/entity/Q44788,Matteo Darmian,Manchester United F.C.,Premier League,2015-01-01T00:00:00Z,2019-09-01T00:00:00Z,60
http://www.wikidata.org/entity/Q44788,Matteo Darmian,Parma Calcio 1913,Serie A,2019-09-01T00:00:00Z,2021-06-01T00:00:00Z,36
http://www.wikidata.org/entity/Q44788,Matteo Darmian,Inter Milan,Serie A,2020-10-01T00:00:00Z,2021-06-01T00:00:00Z,26
http://www.wikidata.org/entity/Q44788,Matteo Darmian,Inter Milan,Serie A,2021-07-01T00:00:00Z,http://www.wikidata.org/.well-known/genid/c242fe155c33c43e258bc938c00daa36,119
http://www.wikidata.org/entity/Q44977,Pierre-Emerick Aubameyang,AC Milan,Serie A,2007-01-01T00:00:00Z,2011-01-01T00:00:00Z,0
http://www.wikidata.org/entity/Q44977,Pierre-Emerick Aubameyang,Borussia Dortmund,Bundesliga,2013-01-01T00:00:00Z,2018-01-31T00:00:00Z,144
http://www.wikidata.org/entity/Q44977,Pierre-Emerick Aubameyang,Arsenal F.C.,Premier League,2018-01-31T00:00:00Z,2022-02-01T00:00:00Z,128
http://www.wikidata.org/entity/Q44977,Pierre-Emerick Aubameyang,Futbol Club Barcelona,La Liga,2022-02-02T00:00:00Z,2022-08-01T00:00:00Z,18
http://www.wikidata.org/entity/Q44977,Pierre-Emerick Aubameyang,Chelsea F.C.,Premier League,2022-09-01T00:00:00Z,2023-07-01T00:00:00Z,15
http://www.wikidata.org/entity/Q45613,Paul Scholes,Manchester United F.C.,Premier League,1993-01-01T00:00:00Z,2011-01-01T00:00:00Z,466
http://www.wikidata.org/entity/Q45613,Paul Scholes,Manchester United F.C.,Premier League,2012-01-01T00:00:00Z,2013-01-01T00:00:00Z,33
http://www.wikidata.org/entity/Q45766,Mario Gómez,VfB Stuttgart,Bundesliga,2003-01-01T00:00:00Z,2009-01-01T00:00:00Z,121
http://www.wikidata.org/entity/Q45766,Mario Gómez,FC Bayern Munich,Bundesliga,2009-01-01T00:00:00Z,2013-01-01T00:00:00Z,115
http://www.wikidata.org/entity/Q45766,Mario Gómez,ACF Fiorentina,Serie A,2013-01-01T00:00:00Z,2015-01-01T00:00:00Z,29
http://www.wikidata.org/entity/Q45766,Mario Gómez,VfL Wolfsburg,Bundesliga,2016-01-01T00:00:00Z,2017-12-01T00:00:00Z,45
http://www.wikidata.org/entity/Q45766,Mario Gómez,VfB Stuttgart,Bundesliga,2018-01-01T00:00:00Z,2020-06-01T00:00:00Z,70
http://www.wikidata.org/entity/Q45901,Thierry Henry,Juventus FC,Serie A,1999-01-01T00:00:00Z,1999-01-01T00:00:00Z,16
http://www.wikidata.org/entity/Q45901,Thierry Henry,Arsenal F.C.,Premier League,1999-08-03T00:00:00Z,2007-01-01T00:00:00Z,377
http://www.wikidata.org/entity/Q45901,Thierry Henry,Futbol Club Barcelona,La Liga,2007-01-01T00:00:00Z,2010-01-01T00:00:00Z,80
http://www.wikidata.org/entity/Q45901,Thierry Henry,Arsenal F.C.,Premier League,2012-01-06T00:00:00Z,2012-02-15T00:00:00Z,4
http://www.wikidata.org/entity/Q4599,Raúl Albiol,Getafe CF,La Liga,2004-01-01T00:00:00Z,2005-01-01T00:00:00Z,17
http://www.wikidata.org/entity/Q4599,Raúl Albiol,Valencia CF,La Liga,2004-01-01T00:00:00Z,2009-01-01T00:00:00Z,131
http://www.wikidata.org/entity/Q4599,Raúl Albiol,Real Madrid Club de Fútbol,La Liga,2009-06-25T00:00:00Z,2013-07-21T00:00:00Z,81
http://www.wikidata.org/entity/Q4599,Raúl Albiol,SSC Napoli,Serie A,2013-01-01T00:00:00Z,2019-07-01T00:00:00Z,180
http://www.wikidata.org/entity/Q4599,Raúl Albiol,Villarreal CF,La Liga,2019-07-01T00:00:00Z,2025-07-01T00:00:00Z,165
http://www.wikidata.org/entity/Q4599,Raúl Albiol,Pisa SC,Serie A,2025-09-02T00:00:00Z,,1
http://www.wikidata.org/entity/Q46347,Patrick Vieira,AC Milan,Serie A,1995-01-01T00:00:00Z,1996-08-13T00:00:00Z,2
http://www.wikidata.org/entity/Q46347,Patrick Vieira,Arsenal F.C.,Premier League,1996-08-14T00:00:00Z,2005-01-01T00:00:00Z,406
http://www.wikidata.org/entity/Q46347,Patrick Vieira,Juventus FC,Serie A,2005-01-01T00:00:00Z,2006-01-01T00:00:00Z,31
http://www.wikidata.org/entity/Q46347,Patrick Vieira,Inter Milan,Serie A,2006-01-01T00:00:00Z,2010-01-01T00:00:00Z,91
http://www.wikidata.org/entity/Q46347,Patrick Vieira,Manchester City F.C.,Premier League,2010-01-01T00:00:00Z,2011-01-01T00:00:00Z,28
http://www.wikidata.org/entity/Q46896,Zlatan Ibrahimović,Juventus FC,Serie A,2004-08-31T00:00:00Z,2006-08-09T00:00:00Z,70
http://www.wikidata.org/entity/Q46896,Zlatan Ibrahimović,Inter Milan,Serie A,2006-08-09T00:00:00Z,2009-07-27T00:00:00Z,88
http://www.wikidata.org/entity/Q46896,Zlatan Ibrahimović,Futbol Club Barcelona,La Liga,2009-07-27T00:00:00Z,2010-01-01T00:00:00Z,29
http://www.wikidata.org/entity/Q46896,Zlatan Ibrahimović,AC Milan,Serie A,2010-01-01T00:00:00Z,2012-01-01T00:00:00Z,61
http://www.wikidata.org/entity/Q46896,Zlatan Ibrahimović,Manchester United F.C.,Premier League,2016-01-01T00:00:00Z,2018-03-22T00:00:00Z,33
http://www.wikidata.org/entity/Q46896,Zlatan Ibrahimović,AC Milan,Serie A,2020-01-01T00:00:00Z,2023-06-30T00:00:00Z,64
http://www.wikidata.org/entity/Q47503,Leo Franco,RCD Mallorca,La Liga,1999-01-01T00:00:00Z,2004-01-01T00:00:00Z,148
http://www.wikidata.org/entity/Q47503,Leo Franco,Atlético Madrid,La Liga,2004-06-15T00:00:00Z,2009-07-07T00:00:00Z,153
http://www.wikidata.org/entity/Q47548,Víctor Valdés,Futbol Club Barcelona,La Liga,2002-01-01T00:00:00Z,2014-01-01T00:00:00Z,387
http://www.wikidata.org/entity/Q47548,Víctor Valdés,Manchester United F.C.,Premier League,2015-01-01T00:00:00Z,2016-01-01T00:00:00Z,2
http://www.wikidata.org/entity/Q48770,Álvaro Morata,Real Madrid Club de Fútbol,La Liga,2010-01-01T00:00:00Z,2014-01-01T00:00:00Z,37
http://www.wikidata.org/entity/Q48770,Álvaro Morata,Juventus FC,Serie A,2014-01-01T00:00:00Z,2016-01-01T00:00:00Z,63
http://www.wikidata.org/entity/Q48770,Álvaro Morata,Real Madrid Club de Fútbol,La Liga,2016-01-01T00:00:00Z,2017-07-01T00:00:00Z,26
http://www.wikidata.org/entity/Q48770,Álvaro Morata,Chelsea F.C.,Premier League,2017-07-01T00:00:00Z,2019-01-01T00:00:00Z,47
http://www.wikidata.org/entity/Q48770,Álvaro Morata,Atlético Madrid,La Liga,2019-01-28T00:00:00Z,2020-09-20T00:00:00Z,49
http://www.wikidata.org/entity/Q48770,Álvaro Morata,Atlético Madrid,La Liga,2020-07-01T00:00:00Z,2024-07-01T00:00:00Z,68
http://www.wikidata.org/entity/Q48770,Álvaro Morata,Juventus FC,Serie A,2020-09-21T00:00:00Z,2022-06-01T00:00:00Z,67
http://www.wikidata.org/entity/Q48770,Álvaro Morata,AC Milan,Serie A,2024-07-01T00:00:00Z,,16
http://www.wikidata.org/entity/Q48770,Álvaro Morata,Como 1907,Serie A,2025-08-01T00:00:00Z,,11
http://www.wikidata.org/entity/Q49704,Sergio Busquets,Futbol Club Barcelona,La Liga,2000-01-01T00:00:00Z,2023-01-01T00:00:00Z,481
http://www.wikidata.org/entity/Q52876,Javier Zanetti,Inter Milan,Serie A,1995-01-01T00:00:00Z,2014-01-01T00:00:00Z,615
http://www.wikidata.org/entity/Q54084,José Callejón,RCD Espanyol de Barcelona,La Liga,2008-01-01T00:00:00Z,2011-01-01T00:00:00Z,97
http://www.wikidata.org/entity/Q54084,José Callejón,Real Madrid Club de Fútbol,La Liga,2011-01-01T00:00:00Z,2013-01-01T00:00:00Z,55
http://www.wikidata.org/entity/Q54084,José Callejón,SSC Napoli,Serie A,2013-01-01T00:00:00Z,2020-01-01T00:00:00Z,255
http://www.wikidata.org/entity/Q54084,José Callejón,ACF Fiorentina,Serie A,2020-01-01T00:00:00Z,2022-01-01T00:00:00Z,50
http://www.wikidata.org/entity/Q54105,Aritz Aduriz,Athletic Club,La Liga,2002-01-01T00:00:00Z,2003-01-01T00:00:00Z,3
http://www.wikidata.org/entity/Q54105,Aritz Aduriz,Athletic Club,La Liga,2005-01-01T00:00:00Z,2008-01-01T00:00:00Z,82
http://www.wikidata.org/entity/Q54105,Aritz Aduriz,RCD Mallorca,La Liga,2008-01-01T00:00:00Z,2010-01-01T00:00:00Z,69
http://www.wikidata.org/entity/Q54105,Aritz Aduriz,Valencia CF,La Liga,2010-01-01T00:00:00Z,2012-01-01T00:00:00Z,58
http://www.wikidata.org/entity/Q54105,Aritz Aduriz,Athletic Club,La Liga,2012-01-01T00:00:00Z,2020-01-01T00:00:00Z,231
http://www.wikidata.org/entity/Q54835,Salva Sevilla,Real Betis Balompié,La Liga,2010-01-01T00:00:00Z,2014-01-01T00:00:00Z,118
http://www.wikidata.org/entity/Q54835,Salva Sevilla,RCD Espanyol de Barcelona,La Liga,2014-01-01T00:00:00Z,2017-01-01T00:00:00Z,56
http://www.wikidata.org/entity/Q54835,Salva Sevilla,RCD Mallorca,La Liga,2017-01-01T00:00:00Z,2022-01-01T00:00:00Z,186
http://www.wikidata.org/entity/Q54835,Salva Sevilla,Deportivo Alavés,La Liga,2022-01-01T00:00:00Z,2023-01-01T00:00:00Z,42
http://www.wikidata.org/entity/Q57114,Jens Lehmann,AC Milan,Serie A,1998-01-01T00:00:00Z,1999-01-01T00:00:00Z,5
http://www.wikidata.org/entity/Q57114,Jens Lehmann,AC Milan,Serie A,1998-01-01T00:00:00Z,1998-01-01T00:00:00Z,5
http://www.wikidata.org/entity/Q57114,Jens Lehmann,Borussia Dortmund,Bundesliga,1999-01-01T00:00:00Z,2003-01-01T00:00:00Z,129
http://www.wikidata.org/entity/Q57114,Jens Lehmann,Arsenal F.C.,Premier League,2003-07-26T00:00:00Z,2008-01-01T00:00:00Z,148
http://www.wikidata.org/entity/Q57114,Jens Lehmann,VfB Stuttgart,Bundesliga,2008-01-01T00:00:00Z,2010-01-01T00:00:00Z,65
http://www.wikidata.org/entity/Q57114,Jens Lehmann,Arsenal F.C.,Premier League,2011-01-01T00:00:00Z,2011-01-01T00:00:00Z,1
http://www.wikidata.org/entity/Q57167,Zé Roberto,Real Madrid Club de Fútbol,La Liga,1997-01-01T00:00:00Z,1998-01-01T00:00:00Z,15
http://www.wikidata.org/entity/Q57167,Zé Roberto,Bayer 04 Leverkusen,Bundesliga,1998-01-01T00:00:00Z,2002-01-01T00:00:00Z,113
http://www.wikidata.org/entity/Q57167,Zé Roberto,FC Bayern Munich,Bundesliga,2002-01-01T00:00:00Z,2006-01-01T00:00:00Z,110
http://www.wikidata.org/entity/Q57167,Zé Roberto,FC Bayern Munich,Bundesliga,2007-01-01T00:00:00Z,2009-01-01T00:00:00Z,59
http://www.wikidata.org/entity/Q57167,Zé Roberto,Hamburger SV,Bundesliga,2009-01-01T00:00:00Z,2011-01-01T00:00:00Z,54
http://www.wikidata.org/entity/Q58762,Dedê,Borussia Dortmund,Bundesliga,1998-01-01T00:00:00Z,2011-01-01T00:00:00Z,322
http://www.wikidata.org/entity/Q59108,Kyle Walker,Tottenham Hotspur F.C.,Premier League,2009-01-01T00:00:00Z,2017-01-01T00:00:00Z,183
http://www.wikidata.org/entity/Q59108,Kyle Walker,Aston Villa F.C.,Premier League,2011-01-01T00:00:00Z,2011-01-01T00:00:00Z,15
http://www.wikidata.org/entity/Q59108,Kyle Walker,Manchester City F.C.,Premier League,2017-01-01T00:00:00Z,2025-07-01T00:00:00Z,212
http://www.wikidata.org/entity/Q59108,Kyle Walker,AC Milan,Serie A,2025-01-01T00:00:00Z,2025-01-01T00:00:00Z,11
http://www.wikidata.org/entity/Q59108,Kyle Walker,Burnley F.C.,Premier League,2025-07-01T00:00:00Z,,13
http://www.wikidata.org/entity/Q59192,Michael Dawson,Nottingham Forest F.C.,Premier League,2001-01-01T00:00:00Z,2005-01-01T00:00:00Z,83
http://www.wikidata.org/entity/Q59192,Michael Dawson,Tottenham Hotspur F.C.,Premier League,2005-01-01T00:00:00Z,2014-01-01T00:00:00Z,236
http://www.wikidata.org/entity/Q59192,Michael Dawson,Nottingham Forest F.C.,Premier League,2018-01-01T00:00:00Z,2021-01-01T00:00:00Z,28
http://www.wikidata.org/entity/Q60315,Sebastian Rudy,VfB Stuttgart,Bundesliga,2008-01-01T00:00:00Z,2010-01-01T00:00:00Z,15
http://www.wikidata.org/entity/Q60315,Sebastian Rudy,TSG 1899 Hoffenheim,Bundesliga,2010-01-01T00:00:00Z,2017-01-01T00:00:00Z,195
http://www.wikidata.org/entity/Q60315,Sebastian Rudy,FC Bayern Munich,Bundesliga,2017-01-01T00:00:00Z,2018-01-01T00:00:00Z,25
http://www.wikidata.org/entity/Q60315,Sebastian Rudy,TSG 1899 Hoffenheim,Bundesliga,2019-01-01T00:00:00Z,2021-01-01T00:00:00Z,57
http://www.wikidata.org/entity/Q60315,Sebastian Rudy,TSG 1899 Hoffenheim,Bundesliga,2021-01-01T00:00:00Z,2023-01-01T00:00:00Z,43
http://www.wikidata.org/entity/Q60544,Oka Nikolov,Eintracht Frankfurt,Bundesliga,1991-01-01T00:00:00Z,1993-01-01T00:00:00Z,
http://www.wikidata.org/entity/Q60544,Oka Nikolov,Eintracht Frankfurt,Bundesliga,1995-01-01T00:00:00Z,2013-01-01T00:00:00Z,379
http://www.wikidata.org/entity/Q61225,Markus Babbel,FC Bayern Munich,Bundesliga,1991-01-01T00:00:00Z,1992-01-01T00:00:00Z,12
http://www.wikidata.org/entity/Q61225,Markus Babbel,Hamburger SV,Bundesliga,1992-01-01T00:00:00Z,1994-01-01T00:00:00Z,60
http://www.wikidata.org/entity/Q61225,Markus Babbel,FC Bayern Munich,Bundesliga,1994-01-01T00:00:00Z,2000-01-01T00:00:00Z,170
http://www.wikidata.org/entity/Q61225,Markus Babbel,Liverpool F.C.,Premier League,2000-01-01T00:00:00Z,2004-01-01T00:00:00Z,42
http://www.wikidata.org/entity/Q61225,Markus Babbel,VfB Stuttgart,Bundesliga,2004-01-01T00:00:00Z,2007-01-01T00:00:00Z,46
http://www.wikidata.org/entity/Q615,Lionel Messi,Futbol Club Barcelona,La Liga,2004-01-01T00:00:00Z,2021-01-01T00:00:00Z,520
http://www.wikidata.org/entity/Q62166,Christian Abbiati,AC Milan,Serie A,1998-01-01T00:00:00Z,2005-01-01T00:00:00Z,110
http://www.wikidata.org/entity/Q62166,Christian Abbiati,Juventus FC,Serie A,2005-01-01T00:00:00Z,2006-01-01T00:00:00Z,19
http://www.wikidata.org/entity/Q62166,Christian Abbiati,Torino FC,Serie A,2006-01-01T00:00:00Z,2007-01-01T00:00:00Z,36
http://www.wikidata.org/entity/Q62166,Christian Abbiati,Atlético Madrid,La Liga,2007-01-01T00:00:00Z,2008-01-01T00:00:00Z,21
http://www.wikidata.org/entity/Q62166,Christian Abbiati,AC Milan,Serie A,2008-01-01T00:00:00Z,2016-01-01T00:00:00Z,171
http://www.wikidata.org/entity/Q624,Alessandro Del Piero,Juventus FC,Serie A,1993-01-01T00:00:00Z,2012-01-01T00:00:00Z,513
http://www.wikidata.org/entity/Q9354,Gianfranco Zola,SSC Napoli,Serie A,1989-01-01T00:00:00Z,1993-01-01T00:00:00Z,105
http://www.wikidata.org/entity/Q9354,Gianfranco Zola,Parma Calcio 1913,Serie A,1993-01-01T00:00:00Z,1996-01-01T00:00:00Z,102
http://www.wikidata.org/entity/Q9354,Gianfranco Zola,Chelsea F.C.,Premier League,1996-01-01T00:00:00Z,2003-01-01T00:00:00Z,229
http://www.wikidata.org/entity/Q9354,Gianfranco Zola,Cagliari Calcio,Serie A,2003-01-01T00:00:00Z,2005-01-01T00:00:00Z,74
