player,playerLabel,clubLabel,leagueLabel,start,end,caps
http://www.wikidata.org/entity/Q102027,Fabio Cannavaro,SSC Napoli,Serie A,1992-01-01T00:00:00Z,1995-01-01T00:00:00Z,58
http://www.wikidata.org/entity/Q102027,Fabio Cannavaro,Italy national under-21 football team,,1993-01-01T00:00:00Z,1996-01-01T00:00:00Z,21
http://www.wikidata.org/entity/Q102027,Fabio Cannavaro,Parma Calcio 1913,Serie A,1995-01-01T00:00:00Z,2002-01-01T00:00:00Z,212
http://www.wikidata.org/entity/Q102027,Fabio Cannavaro,Italy men's national association football team,,1997-01-01T00:00:00Z,2010-01-01T00:00:00Z,136
http://www.wikidata.org/entity/Q102027,Fabio Cannavaro,Inter Milan,Serie A,2002-01-01T00:00:00Z,2004-01-01T00:00:00Z,50
http://www.wikidata.org/entity/Q102027,Fabio Cannavaro,Juventus FC,Serie A,2004-01-01T00:00:00Z,2006-01-01T00:00:00Z,74
http://www.wikidata.org/entity/Q102027,Fabio Cannavaro,Real Madrid Club de Fútbol,La Liga,2006-01-01T00:00:00Z,2009-01-01T00:00:00Z,94
http://www.wikidata.org/entity/Q102027,Fabio Cannavaro,Juventus FC,Serie A,2009-01-01T00:00:00Z,2010-01-01T00:00:00Z,27
http://www.wikidata.org/entity/Q102027,Fabio Cannavaro,Shabab AlAhli Dubai Club,UAE Pro League,2010-01-01T00:00:00Z,2011-01-01T00:00:00Z,16
http://www.wikidata.org/entity/Q1028020,Iñigo Martínez,Real Sociedad B,LaLiga 2,2009-01-01T00:00:00Z,2011-01-01T00:00:00Z,54
http://www.wikidata.org/entity/Q1028020,Iñigo Martínez,Real Sociedad,La Liga,2011-01-01T00:00:00Z,2018-01-01T00:00:00Z,205
http://www.wikidata.org/entity/Q1028020,Iñigo Martínez,Basque Country regional football team,,2011-01-01T00:00:00Z,2019-01-01T00:00:00Z,8
http://www.wikidata.org/entity/Q1028020,Iñigo Martínez,Spain national under-21 association football team,,2011-01-01T00:00:00Z,2013-01-01T00:00:00Z,15
http://www.wikidata.org/entity/Q1028020,Iñigo Martínez,Spain national under-20 football team,,2011-01-01T00:00:00Z,2011-01-01T00:00:00Z,1
http://www.wikidata.org/entity/Q1028020,Iñigo Martínez,Spain national under-23 football team,,2012-01-01T00:00:00Z,2012-01-01T00:00:00Z,4
http://www.wikidata.org/entity/Q1028020,Iñigo Martínez,Spain men's national football team,,2013-01-01T00:00:00Z,2023-01-01T00:00:00Z,21
http://www.wikidata.org/entity/Q1028020,Iñigo Martínez,Athletic Club,La Liga,2018-01-01T00:00:00Z,2023-01-01T00:00:00Z,152
http://www.wikidata.org/entity/Q1028020,Iñigo Martínez,Futbol Club Barcelona,La Liga,2023-01-01T00:00:00Z,2025-01-01T00:00:00Z,48
http://www.wikidata.org/entity/Q1028020,Iñigo Martínez,Al-Nassr,Saudi Pro League,2025-01-01T00:00:00Z,,0
http://www.wikidata.org/entity/Q104454,Mario Götze,Germany national under-15 football team,,2007-01-01T00:00:00Z,2007-01-01T00:00:00Z,2
http://www.wikidata.org/entity/Q104454,Mario Götze,Germany national under-16 football team,,2007-01-01T00:00:00Z,2008-01-01T00:00:00Z,8
http://www.wikidata.org/entity/Q104454,Mario Götze,Germany national under-17 association football team,,2008-01-01T00:00:00Z,2009-01-01T00:00:00Z,13
http://www.wikidata.org/entity/Q104454,Mario Götze,Borussia Dortmund,Bundesliga,2009-01-01T00:00:00Z,2013-01-01T00:00:00Z,83
http://www.wikidata.org/entity/Q104454,Mario Götze,Germany national under-21 football team,,2009-01-01T00:00:00Z,2009-01-01T00:00:00Z,2
http://www.wikidata.org/entity/Q104454,Mario Götze,Germany men's national association football team,,2010-01-01T00:00:00Z,2023-01-01T00:00:00Z,66
http://www.wikidata.org/entity/Q104454,Mario Götze,FC Bayern Munich,Bundesliga,2013-01-01T00:00:00Z,2016-01-01T00:00:00Z,73
http://www.wikidata.org/entity/Q104454,Mario Götze,Borussia Dortmund,Bundesliga,2016-01-01T00:00:00Z,2020-06-01T00:00:00Z,75
http://www.wikidata.org/entity/Q104454,Mario Götze,PSV Eindhoven,Eredivisie,2020-10-01T00:00:00Z,2022-06-01T00:00:00Z,47
http://www.wikidata.org/entity/Q104454,Mario Götze,Eintracht Frankfurt,Bundesliga,2022-06-01T00:00:00Z,,93
http://www.wikidata.org/entity/Q10524481,Irune Murua,Athletic Club,La Liga,2003-01-01T00:00:00Z,2017-01-01T00:00:00Z,314
http://www.wikidata.org/entity/Q10524481,Irune Murua,Basque Country women's regional association football team,,2006-01-01T00:00:00Z,2012-01-01T00:00:00Z,3
http://www.wikidata.org/entity/Q106387,Stefan Kießling,1. FC Nürnberg,2. Bundesliga,2003-01-01T00:00:00Z,2006-01-01T00:00:00Z,73
http://www.wikidata.org/entity/Q106387,Stefan Kießling,Germany national under-20 football team,,2003-01-01T00:00:00Z,2003-01-01T00:00:00Z,1
http://www.wikidata.org/entity/Q106387,Stefan Kießling,Germany national football B team,,2004-01-01T00:00:00Z,2004-01-01T00:00:00Z,1
http://www.wikidata.org/entity/Q106387,Stefan Kießling,Germany national under-21 football team,,2005-01-01T00:00:00Z,2006-01-01T00:00:00Z,15
http://www.wikidata.org/entity/Q106387,Stefan Kießling,Bayer 04 Leverkusen,Bundesliga,2006-01-01T00:00:00Z,2018-01-01T00:00:00Z,342
http://www.wikidata.org/entity/Q106387,Stefan Kießling,Germany men's national association football team,,2007-01-01T00:00:00Z,2010-01-01T00:00:00Z,6
http://www.wikidata.org/entity/Q107076,Torsten Frings,Alemannia Aachen,3. Liga,1994-01-01T00:00:00Z,1997-01-01T00:00:00Z,57
http://www.wikidata.org/entity/Q107076,Torsten Frings,SV Werder Bremen,Bundesliga,1997-01-01T00:00:00Z,2002-01-01T00:00:00Z,162
http://www.wikidata.org/entity/Q107076,Torsten Frings,Germany national under-21 football team,,1997-01-01T00:00:00Z,1998-01-01T00:00:00Z,6
http://www.wikidata.org/entity/Q107076,Torsten Frings,SV Werder Bremen II,3. Liga,1997-01-01T00:00:00Z,1997-01-01T00:00:00Z,1
http://www.wikidata.org/entity/Q107076,Torsten Frings,Germany national football B team,,1999-01-01T00:00:00Z,2000-01-01T00:00:00Z,5
http://www.wikidata.org/entity/Q107076,Torsten Frings,Germany national football Α2 team,,1999-01-01T00:00:00Z,2000-01-01T00:00:00Z,5
http://www.wikidata.org/entity/Q107076,Torsten Frings,Germany men's national association football team,,2001-01-01T00:00:00Z,2009-01-01T00:00:00Z,79
http://www.wikidata.org/entity/Q107076,Torsten Frings,Borussia Dortmund,Bundesliga,2002-01-01T00:00:00Z,2004-01-01T00:00:00Z,47
http://www.wikidata.org/entity/Q107076,Torsten Frings,FC Bayern Munich,Bundesliga,2004-01-01T00:00:00Z,2005-01-01T00:00:00Z,29
http://www.wikidata.org/entity/Q107076,Torsten Frings,SV Werder Bremen,Bundesliga,2005-01-01T00:00:00Z,2011-01-01T00:00:00Z,164
http://www.wikidata.org/entity/Q107076,Torsten Frings,Toronto FC,Major League Soccer,2011-01-01T00:00:00Z,2012-01-01T00:00:00Z,33
http://www.wikidata.org/entity/Q107365,Manuel Neuer,Germany national under-19 football team,,2004-01-01T00:00:00Z,2005-01-01T00:00:00Z,11
http://www.wikidata.org/entity/Q107365,Manuel Neuer,Germany national under-18 football team,,2004-01-01T00:00:00Z,2004-01-01T00:00:00Z,1
http://www.wikidata.org/entity/Q107365,Manuel Neuer,FC Schalke 04 II,Regionalliga West,2004-01-01T00:00:00Z,2008-01-01T00:00:00Z,26
http://www.wikidata.org/entity/Q107365,Manuel Neuer,Germany national under-20 football team,,2005-01-01T00:00:00Z,2006-01-01T00:00:00Z,4
http://www.wikidata.org/entity/Q107365,Manuel Neuer,Schalke 04,2. Bundesliga,2006-01-01T00:00:00Z,2011-01-01T00:00:00Z,156
http://www.wikidata.org/entity/Q107365,Manuel Neuer,Germany national under-21 football team,,2006-01-01T00:00:00Z,2009-01-01T00:00:00Z,20
http://www.wikidata.org/entity/Q107365,Manuel Neuer,Germany men's national association football team,,2009-01-01T00:00:00Z,2024-01-01T00:00:00Z,124
http://www.wikidata.org/entity/Q107365,Manuel Neuer,FC Bayern Munich,Bundesliga,2011-01-01T00:00:00Z,,376
http://www.wikidata.org/entity/Q1083432,Kieran Trippier,England national under-18 association football team,,2007-01-01T00:00:00Z,2007-01-01T00:00:00Z,1
http://www.wikidata.org/entity/Q1083432,Kieran Trippier,England national under-19 association football team,,2008-01-01T00:00:00Z,2009-01-01T00:00:00Z,11
http://www.wikidata.org/entity/Q1083432,Kieran Trippier,Manchester City F.C.,Premier League,2009-01-01T00:00:00Z,2012-01-01T00:00:00Z,0
http://www.wikidata.org/entity/Q1083432,Kieran Trippier,England national under-20 association football team,,2009-01-01T00:00:00Z,2009-01-01T00:00:00Z,3
http://www.wikidata.org/entity/Q1083432,Kieran Trippier,England national under-21 association football team,,2010-01-01T00:00:00Z,2011-01-01T00:00:00Z,2
http://www.wikidata.org/entity/Q1083432,Kieran Trippier,Barnsley F.C.,EFL League One,2010-02-01T00:00:00Z,2010-03-01T00:00:00Z,3
http://www.wikidata.org/entity/Q1083432,Kieran Trippier,Barnsley F.C.,EFL League One,2010-08-01T00:00:00Z,2011-01-01T00:00:00Z,39
http://www.wikidata.org/entity/Q1083432,Kieran Trippier,Burnley F.C.,Premier League,2011-01-01T00:00:00Z,2012-01-01T00:00:00Z,25
http://www.wikidata.org/entity/Q1083432,Kieran Trippier,Burnley F.C.,Premier League,2012-01-01T00:00:00Z,2015-01-01T00:00:00Z,145
http://www.wikidata.org/entity/Q1083432,Kieran Trippier,Tottenham Hotspur F.C.,Premier League,2015-01-01T00:00:00Z,2019-01-01T00:00:00Z,69
http://www.wikidata.org/entity/Q1083432,Kieran Trippier,England men's national association football team,,2017-01-01T00:00:00Z,2024-01-01T00:00:00Z,54
http://www.wikidata.org/entity/Q1083432,Kieran Trippier,Atlético Madrid,La Liga,2019-01-01T00:00:00Z,2022-01-01T00:00:00Z,68
http://www.wikidata.org/entity/Q1083432,Kieran Trippier,Newcastle United F.C.,Premier League,2022-01-01T00:00:00Z,,106
http://www.wikidata.org/entity/Q1083627,James Hayter,AFC Bournemouth,Premier League,1997-01-01T00:00:00Z,2007-01-01T00:00:00Z,359
http://www.wikidata.org/entity/Q1083627,James Hayter,Salisbury City F.C.,National League South,1998-01-01T00:00:00Z,1999-01-01T00:00:00Z,8
http://www.wikidata.org/entity/Q1083627,James Hayter,Doncaster Rovers F.C.,EFL League One,2007-01-01T00:00:00Z,2012-01-01T00:00:00Z,162
http://www.wikidata.org/entity/Q1083627,James Hayter,Yeovil Town F.C.,National League South,2012-01-01T00:00:00Z,2015-01-01T00:00:00Z,119
http://www.wikidata.org/entity/Q1083627,James Hayter,Havant & Waterlooville F.C.,National League South,2015-01-01T00:00:00Z,,
http://www.wikidata.org/entity/Q10855654,Ángel Correa,San Lorenzo de Almagro,Argentine Primera División,2012-01-01T00:00:00Z,2014-01-01T00:00:00Z,48
http://www.wikidata.org/entity/Q10855654,Ángel Correa,San Lorenzo de Almagro,Metropolitano de Hockey (men),2012-01-01T00:00:00Z,2014-01-01T00:00:00Z,48
http://www.wikidata.org/entity/Q10855654,Ángel Correa,Atlético Madrid,La Liga,2014-01-01T00:00:00Z,2025-01-01T00:00:00Z,335
http://www.wikidata.org/entity/Q10855654,Ángel Correa,Argentina men's national association football team,,2015-01-01T00:00:00Z,,28
http://www.wikidata.org/entity/Q10855654,Ángel Correa,Argentina national under-20 football team,,2015-01-01T00:00:00Z,2015-01-01T00:00:00Z,11
http://www.wikidata.org/entity/Q10855654,Ángel Correa,Argentina national under-23 football team,,2016-01-01T00:00:00Z,2016-01-01T00:00:00Z,2
http://www.wikidata.org/entity/Q10855654,Ángel Correa,Tigres UANL,Liga MX,2025-01-01T00:00:00Z,,
http://www.wikidata.org/entity/Q1087530,Fabio Pecchia,U.S. Avellino 1912,Serie B,1991-01-01T00:00:00Z,1993-01-01T00:00:00Z,33
http://www.wikidata.org/entity/Q1087530,Fabio Pecchia,SSC Napoli,Serie A,1993-01-01T00:00:00Z,1997-01-01T00:00:00Z,125
http://www.wikidata.org/entity/Q1087530,Fabio Pecchia,Italy national under-21 football team,,1993-01-01T00:00:00Z,1996-01-01T00:00:00Z,11
http://www.wikidata.org/entity/Q1087530,Fabio Pecchia,Juventus FC,Serie A,1997-01-01T00:00:00Z,1998-01-01T00:00:00Z,21
http://www.wikidata.org/entity/Q1087530,Fabio Pecchia,U.C. Sampdoria,Serie B,1998-01-01T00:00:00Z,1999-01-01T00:00:00Z,26
http://www.wikidata.org/entity/Q1087530,Fabio Pecchia,Torino FC,Serie A,1999-01-01T00:00:00Z,2001-01-01T00:00:00Z,22
http://www.wikidata.org/entity/Q1087530,Fabio Pecchia,SSC Napoli,Serie A,2000-01-01T00:00:00Z,2001-01-01T00:00:00Z,27
http://www.wikidata.org/entity/Q1087530,Fabio Pecchia,Bologna F.C. 1909,Serie A,2001-01-01T00:00:00Z,2002-01-01T00:00:00Z,33
http://www.wikidata.org/entity/Q1087530,Fabio Pecchia,Como 1907,Serie A,2002-01-01T00:00:00Z,2003-01-01T00:00:00Z,27
http://www.wikidata.org/entity/Q1087530,Fabio Pecchia,Bologna F.C. 1909,Serie A,2003-01-01T00:00:00Z,2006-01-01T00:00:00Z,59
http://www.wikidata.org/entity/Q1087530,Fabio Pecchia,Siena FC,Serie C,2004-01-01T00:00:00Z,2005-01-01T00:00:00Z,23
http://www.wikidata.org/entity/Q1087530,Fabio Pecchia,Ascoli Calcio 1898 FC,Serie C,2006-01-01T00:00:00Z,2007-01-01T00:00:00Z,6
http://www.wikidata.org/entity/Q1087530,Fabio Pecchia,Calcio Foggia 1920,Serie C,2007-01-01T00:00:00Z,2007-01-01T00:00:00Z,14
http://www.wikidata.org/entity/Q1087530,Fabio Pecchia,Frosinone Calcio,Serie B,2007-01-01T00:00:00Z,2008-01-01T00:00:00Z,26
http://www.wikidata.org/entity/Q1087530,Fabio Pecchia,Calcio Foggia 1920,Serie C,2008-01-01T00:00:00Z,2009-01-01T00:00:00Z,24
http://www.wikidata.org/entity/Q1092166,Luigi Turci,U.S. Cremonese,Serie A,1987-01-01T00:00:00Z,1990-01-01T00:00:00Z,
http://www.wikidata.org/entity/Q1092166,Luigi Turci,Treviso F.B.C. 1993,Eccellenza,1990-01-01T00:00:00Z,1991-01-01T00:00:00Z,33
http://www.wikidata.org/entity/Q1092166,Luigi Turci,US Alessandria Calcio 1912,Promozione,1991-01-01T00:00:00Z,1992-01-01T00:00:00Z,34
http://www.wikidata.org/entity/Q1092166,Luigi Turci,U.S. Cremonese,Serie A,1992-01-01T00:00:00Z,1996-01-01T00:00:00Z,134
http://www.wikidata.org/entity/Q1092166,Luigi Turci,Udinese Calcio,Serie A,1996-01-01T00:00:00Z,2002-01-01T00:00:00Z,169
http://www.wikidata.org/entity/Q1092166,Luigi Turci,U.C. Sampdoria,Serie B,2002-01-01T00:00:00Z,2005-01-01T00:00:00Z,38
http://www.wikidata.org/entity/Q1092166,Luigi Turci,AC Cesena,Serie B,2005-01-01T00:00:00Z,2007-01-01T00:00:00Z,62
http://www.wikidata.org/entity/Q1093679,Robbie Blake,Darlington F.C.,National League,1994-01-01T00:00:00Z,1997-01-01T00:00:00Z,68
http://www.wikidata.org/entity/Q1093679,Robbie Blake,Waterford United F.C.,League of Ireland Premier Division,1995-01-01T00:00:00Z,1996-01-01T00:00:00Z,2
http://www.wikidata.org/entity/Q1093679,Robbie Blake,Bradford City A.F.C.,EFL League One,1997-01-01T00:00:00Z,2002-01-01T00:00:00Z,153
http://www.wikidata.org/entity/Q1093679,Robbie Blake,Nottingham Forest F.C.,Premier League,2000-01-01T00:00:00Z,2000-01-01T00:00:00Z,11
http://www.wikidata.org/entity/Q1093679,Robbie Blake,Burnley F.C.,Premier League,2002-01-01T00:00:00Z,2005-01-01T00:00:00Z,120
http://www.wikidata.org/entity/Q1093679,Robbie Blake,Birmingham City F.C.,EFL Championship,2005-01-01T00:00:00Z,2005-01-01T00:00:00Z,11
http://www.wikidata.org/entity/Q1093679,Robbie Blake,Leeds United F.C.,Premier League,2005-01-01T00:00:00Z,2007-01-01T00:00:00Z,77
http://www.wikidata.org/entity/Q1093679,Robbie Blake,Burnley F.C.,Premier League,2007-01-01T00:00:00Z,2010-01-01T00:00:00Z,122
http://www.wikidata.org/entity/Q1093679,Robbie Blake,Bolton Wanderers F.C.,EFL League One,2010-01-01T00:00:00Z,2012-01-01T00:00:00Z,9
http://www.wikidata.org/entity/Q1093679,Robbie Blake,Doncaster Rovers F.C.,EFL League One,2012-01-01T00:00:00Z,2013-01-01T00:00:00Z,7
http://www.wikidata.org/entity/Q1093679,Robbie Blake,Team Northumbria F.C.,Northern Football League,2013-01-01T00:00:00Z,2013-01-01T00:00:00Z,
http://www.wikidata.org/entity/Q1093851,Maximilian Arnold,Germany national under-16 football team,,2009-01-01T00:00:00Z,2010-01-01T00:00:00Z,2
http://www.wikidata.org/entity/Q1093851,Maximilian Arnold,Germany national under-17 association football team,,2010-01-01T00:00:00Z,2011-01-01T00:00:00Z,10
http://www.wikidata.org/entity/Q1093851,Maximilian Arnold,VfL Wolfsburg,Bundesliga,2011-01-01T00:00:00Z,,384
http://www.wikidata.org/entity/Q1093851,Maximilian Arnold,Germany national under-18 football team,,2011-01-01T00:00:00Z,2012-01-01T00:00:00Z,8
http://www.wikidata.org/entity/Q1093851,Maximilian Arnold,Germany national under-19 football team,,2012-01-01T00:00:00Z,2012-01-01T00:00:00Z,2
http://www.wikidata.org/entity/Q1093851,Maximilian Arnold,Germany national under-21 football team,,2013-01-01T00:00:00Z,2017-01-01T00:00:00Z,23
http://www.wikidata.org/entity/Q1093851,Maximilian Arnold,Germany national under-20 football team,,2013-01-01T00:00:00Z,2013-01-01T00:00:00Z,6
http://www.wikidata.org/entity/Q1093851,Maximilian Arnold,Germany men's national association football team,,2014-01-01T00:00:00Z,2021-01-01T00:00:00Z,3
http://www.wikidata.org/entity/Q109397,Claudio Pizarro,Deportivo Wanka,Copa Perú,1996-01-01T00:00:00Z,1997-01-01T00:00:00Z,41
http://www.wikidata.org/entity/Q109397,Claudio Pizarro,Club Alianza Lima,Peruvian Primera División,1997-01-01T00:00:00Z,1999-01-01T00:00:00Z,44
http://www.wikidata.org/entity/Q109397,Claudio Pizarro,SV Werder Bremen,Bundesliga,1999-01-01T00:00:00Z,2020-01-01T00:00:00Z,56
http://www.wikidata.org/entity/Q109397,Claudio Pizarro,Peru men's national football team,,1999-01-01T00:00:00Z,2016-01-01T00:00:00Z,85
http://www.wikidata.org/entity/Q109397,Claudio Pizarro,FC Bayern Munich,Bundesliga,2001-01-01T00:00:00Z,2007-01-01T00:00:00Z,174
http://www.wikidata.org/entity/Q109397,Claudio Pizarro,Chelsea F.C.,Premier League,2007-01-01T00:00:00Z,2009-01-01T00:00:00Z,21
http://www.wikidata.org/entity/Q109397,Claudio Pizarro,SV Werder Bremen,Bundesliga,2008-01-01T00:00:00Z,2009-01-01T00:00:00Z,26
http://www.wikidata.org/entity/Q109397,Claudio Pizarro,SV Werder Bremen,Bundesliga,2009-01-01T00:00:00Z,2012-01-01T00:00:00Z,77
http://www.wikidata.org/entity/Q109397,Claudio Pizarro,FC Bayern Munich,Bundesliga,2012-01-01T00:00:00Z,2015-01-01T00:00:00Z,50
http://www.wikidata.org/entity/Q109397,Claudio Pizarro,SV Werder Bremen,Bundesliga,2015-01-01T00:00:00Z,2017-01-01T00:00:00Z,47
http://www.wikidata.org/entity/Q109397,Claudio Pizarro,1. FC Köln,Bundesliga,2017-01-01T00:00:00Z,2018-01-01T00:00:00Z,16
http://www.wikidata.org/entity/Q109397,Claudio Pizarro,SV Werder Bremen,Bundesliga,2018-01-01T00:00:00Z,2020-01-01T00:00:00Z,44
http://www.wikidata.org/entity/Q110053,Mats Hummels,FC Bayern Munich II,Regionalliga Bayern,2005-01-01T00:00:00Z,2008-01-01T00:00:00Z,42
http://www.wikidata.org/entity/Q110053,Mats Hummels,FC Bayern Munich,Bundesliga,2007-01-01T00:00:00Z,2009-01-01T00:00:00Z,1
http://www.wikidata.org/entity/Q110053,Mats Hummels,Germany national under-21 football team,,2007-01-01T00:00:00Z,2010-01-01T00:00:00Z,21
http://www.wikidata.org/entity/Q110053,Mats Hummels,Germany national under-20 football team,,2007-01-01T00:00:00Z,2007-01-01T00:00:00Z,1
http://www.wikidata.org/entity/Q110053,Mats Hummels,Borussia Dortmund,Bundesliga,2008-01-01T00:00:00Z,2009-01-01T00:00:00Z,25
http://www.wikidata.org/entity/Q110053,Mats Hummels,Borussia Dortmund,Bundesliga,2009-01-01T00:00:00Z,2016-01-01T00:00:00Z,199
http://www.wikidata.org/entity/Q110053,Mats Hummels,Germany men's national association football team,,2010-01-01T00:00:00Z,2023-01-01T00:00:00Z,78
http://www.wikidata.org/entity/Q110053,Mats Hummels,FC Bayern Munich,Bundesliga,2016-01-01T00:00:00Z,2019-06-01T00:00:00Z,74
http://www.wikidata.org/entity/Q110053,Mats Hummels,Borussia Dortmund,Bundesliga,2019-07-01T00:00:00Z,2024-06-01T00:00:00Z,142
http://www.wikidata.org/entity/Q110053,Mats Hummels,AS Roma,Serie A,2024-09-01T00:00:00Z,2025-07-01T00:00:00Z,14
http://www.wikidata.org/entity/Q110523,Manuel Friedrich,1. FSV Mainz 05 II,3. Liga,1998-01-01T00:00:00Z,2000-01-01T00:00:00Z,55
http://www.wikidata.org/entity/Q110523,Manuel Friedrich,1. FSV Mainz 05,Bundesliga,2000-01-01T00:00:00Z,2002-01-01T00:00:00Z,63
http://www.wikidata.org/entity/Q110523,Manuel Friedrich,SV Werder Bremen II,3. Liga,2002-01-01T00:00:00Z,2004-01-01T00:00:00Z,13
http://www.wikidata.org/entity/Q110523,Manuel Friedrich,SV Werder Bremen,Bundesliga,2003-01-01T00:00:00Z,2003-01-01T00:00:00Z,1
http://www.wikidata.org/entity/Q110523,Manuel Friedrich,1. FSV Mainz 05,Bundesliga,2004-01-01T00:00:00Z,2007-01-01T00:00:00Z,116
http://www.wikidata.org/entity/Q110523,Manuel Friedrich,Team 2006,,2004-01-01T00:00:00Z,2005-01-01T00:00:00Z,4
http://www.wikidata.org/entity/Q110523,Manuel Friedrich,Germany men's national association football team,,2006-01-01T00:00:00Z,2008-01-01T00:00:00Z,9
http://www.wikidata.org/entity/Q110523,Manuel Friedrich,Bayer 04 Leverkusen,Bundesliga,2007-01-01T00:00:00Z,2013-01-01T00:00:00Z,147
http://www.wikidata.org/entity/Q110523,Manuel Friedrich,Borussia Dortmund,Bundesliga,2013-01-01T00:00:00Z,2014-01-01T00:00:00Z,11
http://www.wikidata.org/entity/Q110523,Manuel Friedrich,Mumbai City FC,Indian Super League,2014-01-01T00:00:00Z,2014-01-01T00:00:00Z,14
http://www.wikidata.org/entity/Q1113283,Iñigo Larrainzar,CD Pamplona,Tercera División,,1984-01-01T00:00:00Z,
http://www.wikidata.org/entity/Q1113283,Iñigo Larrainzar,Club Atlético Osasuna,La Liga,1984-01-01T00:00:00Z,1990-01-01T00:00:00Z,
http://www.wikidata.org/entity/Q1113283,Iñigo Larrainzar,Osasuna B,Primera Federación,1989-01-01T00:00:00Z,1990-01-01T00:00:00Z,20
http://www.wikidata.org/entity/Q1113283,Iñigo Larrainzar,Club Atlético Osasuna,La Liga,1990-01-01T00:00:00Z,1993-01-01T00:00:00Z,130
http://www.wikidata.org/entity/Q1113283,Iñigo Larrainzar,Spain national under-20 football team,,1990-01-01T00:00:00Z,1990-01-01T00:00:00Z,1
http://www.wikidata.org/entity/Q1113283,Iñigo Larrainzar,Spain national under-21 association football team,,1991-01-01T00:00:00Z,1991-01-01T00:00:00Z,5
http://www.wikidata.org/entity/Q1113283,Iñigo Larrainzar,Spain national under-23 football team,,1991-01-01T00:00:00Z,1992-01-01T00:00:00Z,4
http://www.wikidata.org/entity/Q1113283,Iñigo Larrainzar,Athletic Club,La Liga,1993-01-01T00:00:00Z,2003-01-01T00:00:00Z,289
http://www.wikidata.org/entity/Q1113283,Iñigo Larrainzar,Spain men's national football team,,1994-01-01T00:00:00Z,1994-01-01T00:00:00Z,1
http://www.wikidata.org/entity/Q1113283,Iñigo Larrainzar,Basque Country regional football team,,1995-01-01T00:00:00Z,2000-01-01T00:00:00Z,4
http://www.wikidata.org/entity/Q1113283,Iñigo Larrainzar,Córdoba CF,LaLiga 2,2003-01-01T00:00:00Z,2005-01-01T00:00:00Z,40
http://www.wikidata.org/entity/Q112998,Mikel González Martínez,Real Sociedad,La Liga,,2004-01-01T00:00:00Z,
http://www.wikidata.org/entity/Q112998,Mikel González Martínez,Real Sociedad B,LaLiga 2,2004-01-01T00:00:00Z,2006-01-01T00:00:00Z,55
http://www.wikidata.org/entity/Q112998,Mikel González Martínez,Real Sociedad,La Liga,2005-01-01T00:00:00Z,2017-01-01T00:00:00Z,300
http://www.wikidata.org/entity/Q112998,Mikel González Martínez,Basque Country regional football team,,2007-01-01T00:00:00Z,,7
http://www.wikidata.org/entity/Q112998,Mikel González Martínez,Real Zaragoza,LaLiga 2,2017-01-01T00:00:00Z,2018-01-01T00:00:00Z,29
http://www.wikidata.org/entity/Q112998,Mikel González Martínez,AEK Larnaca F.C.,Cypriot First Division,2018-01-01T00:00:00Z,,113
http://www.wikidata.org/entity/Q113156,Robert Pires,Stade de Reims,Ligue 2,1991-01-01T00:00:00Z,1992-01-01T00:00:00Z,5
http://www.wikidata.org/entity/Q113156,Robert Pires,FC Metz,Ligue 1,1993-01-01T00:00:00Z,1998-01-01T00:00:00Z,162
http://www.wikidata.org/entity/Q113156,Robert Pires,France national under-20 association football team,,1993-01-01T00:00:00Z,1994-01-01T00:00:00Z,5
http://www.wikidata.org/entity/Q113156,Robert Pires,France national under-21 association football team,,1994-01-01T00:00:00Z,1996-01-01T00:00:00Z,22
http://www.wikidata.org/entity/Q113156,Robert Pires,France men's national association football team,,1996-01-01T00:00:00Z,2004-01-01T00:00:00Z,79
http://www.wikidata.org/entity/Q113156,Robert Pires,Olympique de Marseille,Ligue 1,1998-01-01T00:00:00Z,2000-01-01T00:00:00Z,66
http://www.wikidata.org/entity/Q113156,Robert Pires,Arsenal F.C.,Premier League,2000-01-01T00:00:00Z,2006-01-01T00:00:00Z,284
http://www.wikidata.org/entity/Q113156,Robert Pires,Villarreal CF,La Liga,2006-01-01T00:00:00Z,2010-01-01T00:00:00Z,103
http://www.wikidata.org/entity/Q113156,Robert Pires,Aston Villa F.C.,Premier League,2010-01-01T00:00:00Z,2011-01-01T00:00:00Z,9
http://www.wikidata.org/entity/Q113156,Robert Pires,FC Goa,Indian Super League,2014-01-01T00:00:00Z,2016-01-01T00:00:00Z,
http://www.wikidata.org/entity/Q113711,Thomas Cichon,1. FC Köln,Bundesliga,1995-01-01T00:00:00Z,2004-01-01T00:00:00Z,211
http://www.wikidata.org/entity/Q113711,Thomas Cichon,Germany national under-21 football team,,1995-01-01T00:00:00Z,1998-01-01T00:00:00Z,20
http://www.wikidata.org/entity/Q113711,Thomas Cichon,Rot-Weiß Oberhausen,Regionalliga West,2004-01-01T00:00:00Z,2005-01-01T00:00:00Z,30
http://www.wikidata.org/entity/Q113711,Thomas Cichon,Panionios F.C.,Super League Greece 2,2005-01-01T00:00:00Z,2005-01-01T00:00:00Z,6
http://www.wikidata.org/entity/Q113711,Thomas Cichon,Panionios Smyrni S.C.,,2005-01-01T00:00:00Z,2005-01-01T00:00:00Z,6
http://www.wikidata.org/entity/Q113711,Thomas Cichon,VfL Osnabrück,3. Liga,2006-01-01T00:00:00Z,2009-01-01T00:00:00Z,98
http://www.wikidata.org/entity/Q113711,Thomas Cichon,Moroka Swallows F.C.,Premier Soccer League,2009-01-01T00:00:00Z,2010-01-01T00:00:00Z,23
http://www.wikidata.org/entity/Q115453,Ivan Rakitić,FC Basel,Swiss Super League,2005-01-01T00:00:00Z,2007-01-01T00:00:00Z,34
http://www.wikidata.org/entity/Q115453,Ivan Rakitić,Switzerland national under-21 football team,,2006-01-01T00:00:00Z,2007-01-01T00:00:00Z,4
http://www.wikidata.org/entity/Q115453,Ivan Rakitić,Schalke 04,2. Bundesliga,2007-01-01T00:00:00Z,2011-01-01T00:00:00Z,97
http://www.wikidata.org/entity/Q115453,Ivan Rakitić,Croatia men's national football team,,2007-01-01T00:00:00Z,2019-01-01T00:00:00Z,106
http://www.wikidata.org/entity/Q115453,Ivan Rakitić,Croatia national under-21 football team,,2009-01-01T00:00:00Z,2010-01-01T00:00:00Z,4
http://www.wikidata.org/entity/Q115453,Ivan Rakitić,Sevilla FC,La Liga,2011-01-01T00:00:00Z,2014-01-01T00:00:00Z,117
http://www.wikidata.org/entity/Q115453,Ivan Rakitić,Futbol Club Barcelona,La Liga,2014-01-01T00:00:00Z,2020-09-01T00:00:00Z,200
http://www.wikidata.org/entity/Q115453,Ivan Rakitić,Sevilla FC,La Liga,2020-09-01T00:00:00Z,2024-01-01T00:00:00Z,121
http://www.wikidata.org/entity/Q115453,Ivan Rakitić,Al-Shabab Football Club,Saudi Pro League,2024-01-01T00:00:00Z,2024-07-01T00:00:00Z,8
http://www.wikidata.org/entity/Q115453,Ivan Rakitić,HNK Hajduk Split,Croatian Football League,2024-07-01T00:00:00Z,2025-07-01T00:00:00Z,35
http://www.wikidata.org/entity/Q1160697,Daniel Frahn,FC Energie Cottbus,3. Liga,2005-01-01T00:00:00Z,2006-01-01T00:00:00Z,12
http://www.wikidata.org/entity/Q1160697,Daniel Frahn,Germany national under-19 football team,,2006-01-01T00:00:00Z,2006-01-01T00:00:00Z,1
http://www.wikidata.org/entity/Q1160697,Daniel Frahn,Hertha BSC II,Regionalliga Nordost,2006-01-01T00:00:00Z,2007-01-01T00:00:00Z,31
http://www.wikidata.org/entity/Q1160697,Daniel Frahn,SV Babelsberg 03,,2007-01-01T00:00:00Z,2010-01-01T00:00:00Z,87
http://www.wikidata.org/entity/Q1160697,Daniel Frahn,RB Leipzig,Bundesliga,2010-01-01T00:00:00Z,2015-01-01T00:00:00Z,149
http://www.wikidata.org/entity/Q1160697,Daniel Frahn,1. FC Heidenheim 1846,Bundesliga,2015-01-01T00:00:00Z,2015-01-01T00:00:00Z,10
http://www.wikidata.org/entity/Q1160697,Daniel Frahn,1. FC Heidenheim 1846,Bundesliga,2015-01-01T00:00:00Z,2016-01-01T00:00:00Z,10
http://www.wikidata.org/entity/Q1160697,Daniel Frahn,Chemnitzer FC,Regionalliga Nordost,2016-01-01T00:00:00Z,,
http://www.wikidata.org/entity/Q116980,Gennaro Gattuso,A.C. Perugia Calcio,Serie C,1995-01-01T00:00:00Z,1997-01-01T00:00:00Z,10
http://www.wikidata.org/entity/Q116980,Gennaro Gattuso,Italy national under-19 football team,,1995-01-01T00:00:00Z,1996-01-01T00:00:00Z,14
http://www.wikidata.org/entity/Q116980,Gennaro Gattuso,Italy national under-18 football team,,1995-01-01T00:00:00Z,1996-01-01T00:00:00Z,14
http://www.wikidata.org/entity/Q116980,Gennaro Gattuso,Rangers F.C.,Scottish Premiership,1997-01-01T00:00:00Z,1998-01-01T00:00:00Z,34
http://www.wikidata.org/entity/Q116980,Gennaro Gattuso,U.S. Salernitana 1919,Serie C,1998-01-01T00:00:00Z,1999-01-01T00:00:00Z,25
http://www.wikidata.org/entity/Q116980,Gennaro Gattuso,Italy national under-21 football team,,1998-01-01T00:00:00Z,2000-01-01T00:00:00Z,21
http://www.wikidata.org/entity/Q116980,Gennaro Gattuso,AC Milan,Serie A,1999-01-01T00:00:00Z,2012-01-01T00:00:00Z,335
http://www.wikidata.org/entity/Q116980,Gennaro Gattuso,Italy men's national association football team,,2000-01-01T00:00:00Z,2010-01-01T00:00:00Z,73
http://www.wikidata.org/entity/Q116980,Gennaro Gattuso,Italy national under-23 football team,,2000-01-01T00:00:00Z,2000-01-01T00:00:00Z,3
http://www.wikidata.org/entity/Q116980,Gennaro Gattuso,FC Sion,Swiss Super League,2012-01-01T00:00:00Z,2013-01-01T00:00:00Z,27
http://www.wikidata.org/entity/Q1173951,David Castedo,RCD Mallorca,La Liga,1993-01-01T00:00:00Z,2000-01-01T00:00:00Z,119
http://www.wikidata.org/entity/Q1173951,David Castedo,Hércules CF,Primera Federación,1997-01-01T00:00:00Z,1998-01-01T00:00:00Z,23
http://www.wikidata.org/entity/Q1173951,David Castedo,CF Extremadura,,1998-01-01T00:00:00Z,1999-01-01T00:00:00Z,32
http://www.wikidata.org/entity/Q1173951,David Castedo,Sevilla FC,La Liga,2000-01-01T00:00:00Z,2007-01-01T00:00:00Z,235
http://www.wikidata.org/entity/Q1173951,David Castedo,Levante UD,La Liga,2007-01-01T00:00:00Z,2008-01-01T00:00:00Z,18
http://www.wikidata.org/entity/Q119562,Sergio Agüero,Club Atlético Independiente,Argentine Primera División,2003-01-01T00:00:00Z,2006-01-01T00:00:00Z,54
http://www.wikidata.org/entity/Q119562,Sergio Agüero,Argentina national under-17 football team,,2004-01-01T00:00:00Z,2004-01-01T00:00:00Z,5
http://www.wikidata.org/entity/Q119562,Sergio Agüero,Argentina national under-20 football team,,2005-01-01T00:00:00Z,2007-01-01T00:00:00Z,7
http://www.wikidata.org/entity/Q119562,Sergio Agüero,Atlético Madrid,La Liga,2006-01-01T00:00:00Z,2011-01-01T00:00:00Z,177
http://www.wikidata.org/entity/Q119562,Sergio Agüero,Argentina men's national association football team,,2006-01-01T00:00:00Z,2021-01-01T00:00:00Z,101
http://www.wikidata.org/entity/Q119562,Sergio Agüero,Argentina national under-23 football team,,2008-01-01T00:00:00Z,2008-01-01T00:00:00Z,5
http://www.wikidata.org/entity/Q119562,Sergio Agüero,Manchester City F.C.,Premier League,2011-01-01T00:00:00Z,2021-07-01T00:00:00Z,275
http://www.wikidata.org/entity/Q119562,Sergio Agüero,Futbol Club Barcelona,La Liga,2021-07-01T00:00:00Z,2021-12-01T00:00:00Z,4
http://www.wikidata.org/entity/Q1198439,Marco Rossi,Lucchese 1905,Serie C,1995-01-01T00:00:00Z,1998-01-01T00:00:00Z,31
http://www.wikidata.org/entity/Q1198439,Marco Rossi,Italy national under-21 football team,,1997-01-01T00:00:00Z,2000-01-01T00:00:00Z,6
http://www.wikidata.org/entity/Q1198439,Marco Rossi,U.S. Salernitana 1919,Serie C,1998-01-01T00:00:00Z,2000-01-01T00:00:00Z,45
http://www.wikidata.org/entity/Q1198439,Marco Rossi,ACF Fiorentina,Serie A,2000-01-01T00:00:00Z,2002-01-01T00:00:00Z,36
http://www.wikidata.org/entity/Q1198439,Marco Rossi,Como 1907,Serie A,2002-01-01T00:00:00Z,2004-01-01T00:00:00Z,19
http://www.wikidata.org/entity/Q1198439,Marco Rossi,Genoa CFC,Serie A,2003-01-01T00:00:00Z,2004-01-01T00:00:00Z,38
http://www.wikidata.org/entity/Q1198439,Marco Rossi,Genoa CFC,Serie A,2004-01-01T00:00:00Z,2013-01-01T00:00:00Z,230
http://www.wikidata.org/entity/Q125438,Massimo Oddo,Renato Curi Angolana,Serie D,1992-01-01T00:00:00Z,1993-01-01T00:00:00Z,3
http://www.wikidata.org/entity/Q125438,Massimo Oddo,AC Milan,Serie A,1993-01-01T00:00:00Z,1999-01-01T00:00:00Z,0
http://www.wikidata.org/entity/Q125438,Massimo Oddo,US Fiorenzuola 1922,Serie D,1995-01-01T00:00:00Z,1996-01-01T00:00:00Z,19
http://www.wikidata.org/entity/Q125438,Massimo Oddo,AC Monza,Serie B,1996-01-01T00:00:00Z,1996-01-01T00:00:00Z,4
http://www.wikidata.org/entity/Q125438,Massimo Oddo,A.C. Prato,Serie D,1996-01-01T00:00:00Z,1997-01-01T00:00:00Z,16
http://www.wikidata.org/entity/Q125438,Massimo Oddo,Calcio Lecco 1912,Serie C,1997-01-01T00:00:00Z,1998-01-01T00:00:00Z,20
http://www.wikidata.org/entity/Q125438,Massimo Oddo,AC Monza,Serie B,1998-01-01T00:00:00Z,1999-01-01T00:00:00Z,30
http://www.wikidata.org/entity/Q125438,Massimo Oddo,SSC Napoli,Serie A,1999-01-01T00:00:00Z,2000-01-01T00:00:00Z,36
http://www.wikidata.org/entity/Q125438,Massimo Oddo,Hellas Verona FC,Serie A,2000-01-01T00:00:00Z,2002-01-01T00:00:00Z,64
http://www.wikidata.org/entity/Q125438,Massimo Oddo,SS Lazio,Serie A,2002-01-01T00:00:00Z,2007-01-01T00:00:00Z,135
http://www.wikidata.org/entity/Q125438,Massimo Oddo,Italy men's national association football team,,2002-01-01T00:00:00Z,2008-01-01T00:00:00Z,34
http://www.wikidata.org/entity/Q125438,Massimo Oddo,AC Milan,Serie A,2007-01-01T00:00:00Z,2012-01-01T00:00:00Z,56
http://www.wikidata.org/entity/Q125438,Massimo Oddo,FC Bayern Munich,Bundesliga,2008-01-01T00:00:00Z,2009-01-01T00:00:00Z,18
http://www.wikidata.org/entity/Q125438,Massimo Oddo,US Lecce,Serie A,2011-01-01T00:00:00Z,2012-01-01T00:00:00Z,27
http://www.wikidata.org/entity/Q1255625,Samuel Eto'o,Real Madrid Castilla,Primera Federación,1996-01-01T00:00:00Z,1997-01-01T00:00:00Z,
http://www.wikidata.org/entity/Q1255625,Samuel Eto'o,Real Madrid Club de Fútbol,La Liga,1997-01-01T00:00:00Z,2000-01-01T00:00:00Z,3
http://www.wikidata.org/entity/Q1255625,Samuel Eto'o,Cameroon men's national football team,,1997-01-01T00:00:00Z,2014-01-01T00:00:00Z,118
http://www.wikidata.org/entity/Q1255625,Samuel Eto'o,CD Leganés,LaLiga 2,1997-01-01T00:00:00Z,1998-01-01T00:00:00Z,30
http://www.wikidata.org/entity/Q1255625,Samuel Eto'o,RCD Espanyol de Barcelona,La Liga,1999-01-01T00:00:00Z,1999-01-01T00:00:00Z,0
http://www.wikidata.org/entity/Q1255625,Samuel Eto'o,RCD Mallorca,La Liga,2000-01-01T00:00:00Z,2000-06-01T00:00:00Z,19
http://www.wikidata.org/entity/Q1255625,Samuel Eto'o,RCD Mallorca,La Liga,2000-07-01T00:00:00Z,2004-01-01T00:00:00Z,120
http://www.wikidata.org/entity/Q1255625,Samuel Eto'o,Futbol Club Barcelona,La Liga,2004-01-01T00:00:00Z,2009-01-01T00:00:00Z,144
http://www.wikidata.org/entity/Q1255625,Samuel Eto'o,Inter Milan,Serie A,2009-01-01T00:00:00Z,2011-01-01T00:00:00Z,67
http://www.wikidata.org/entity/Q1255625,Samuel Eto'o,FC Anzhi Makhachkala,Russian Amateur Football League Competition,2011-01-01T00:00:00Z,2013-01-01T00:00:00Z,53
http://www.wikidata.org/entity/Q1255625,Samuel Eto'o,Chelsea F.C.,Premier League,2013-01-01T00:00:00Z,2014-01-01T00:00:00Z,21
http://www.wikidata.org/entity/Q1255625,Samuel Eto'o,Everton F.C.,Premier League,2014-01-01T00:00:00Z,2015-01-01T00:00:00Z,14
http://www.wikidata.org/entity/Q1255625,Samuel Eto'o,U.C. Sampdoria,Serie B,2015-01-01T00:00:00Z,2015-01-01T00:00:00Z,18
http://www.wikidata.org/entity/Q1255625,Samuel Eto'o,Antalyaspor,Süper Lig,2015-01-01T00:00:00Z,2018-01-01T00:00:00Z,73
http://www.wikidata.org/entity/Q1255625,Samuel Eto'o,Konyaspor,Süper Lig,2018-01-01T00:00:00Z,2018-08-01T00:00:00Z,13
http://www.wikidata.org/entity/Q1255625,Samuel Eto'o,Qatar SC,Qatar Stars League,2018-08-01T00:00:00Z,2019-09-01T00:00:00Z,17
http://www.wikidata.org/entity/Q126503,Filippo Inzaghi,AS Reggina 1914,Serie B,,,
http://www.wikidata.org/entity/Q126503,Filippo Inzaghi,Piacenza Calcio,Serie D,1991-01-01T00:00:00Z,1995-01-01T00:00:00Z,39
http://www.wikidata.org/entity/Q126503,Filippo Inzaghi,Società Calcio Leffe,,1992-01-01T00:00:00Z,1993-01-01T00:00:00Z,21
http://www.wikidata.org/entity/Q126503,Filippo Inzaghi,Hellas Verona FC,Serie A,1993-01-01T00:00:00Z,1994-01-01T00:00:00Z,36
http://www.wikidata.org/entity/Q126503,Filippo Inzaghi,Italy national under-21 football team,,1993-01-01T00:00:00Z,1996-01-01T00:00:00Z,14
http://www.wikidata.org/entity/Q126503,Filippo Inzaghi,Parma Calcio 1913,Serie A,1995-01-01T00:00:00Z,1996-01-01T00:00:00Z,15
http://www.wikidata.org/entity/Q126503,Filippo Inzaghi,Atalanta BC,Serie A,1996-01-01T00:00:00Z,1997-01-01T00:00:00Z,33
http://www.wikidata.org/entity/Q126503,Filippo Inzaghi,Juventus FC,Serie A,1997-01-01T00:00:00Z,2001-01-01T00:00:00Z,120
http://www.wikidata.org/entity/Q126503,Filippo Inzaghi,Italy men's national association football team,,1997-01-01T00:00:00Z,2007-01-01T00:00:00Z,57
http://www.wikidata.org/entity/Q126503,Filippo Inzaghi,AC Milan,Serie A,2001-01-01T00:00:00Z,2012-01-01T00:00:00Z,202
http://www.wikidata.org/entity/Q127452,Dani Carvajal,Real Madrid Castilla,Primera Federación,2010-01-01T00:00:00Z,2012-01-01T00:00:00Z,68
http://www.wikidata.org/entity/Q127452,Dani Carvajal,Spain national under-19 football team,,2010-01-01T00:00:00Z,2011-01-01T00:00:00Z,11
http://www.wikidata.org/entity/Q127452,Dani Carvajal,Spain national under-18 football team,,2010-01-01T00:00:00Z,2010-01-01T00:00:00Z,1
http://www.wikidata.org/entity/Q127452,Dani Carvajal,Bayer 04 Leverkusen,Bundesliga,2012-01-01T00:00:00Z,2013-01-01T00:00:00Z,32
http://www.wikidata.org/entity/Q127452,Dani Carvajal,Spain national under-21 association football team,,2012-01-01T00:00:00Z,2014-01-01T00:00:00Z,10
http://www.wikidata.org/entity/Q127452,Dani Carvajal,Real Madrid Club de Fútbol,La Liga,2013-01-01T00:00:00Z,,293
http://www.wikidata.org/entity/Q127452,Dani Carvajal,Spain men's national football team,,2014-01-01T00:00:00Z,,52
http://www.wikidata.org/entity/Q127499,Asier Illarramendi,Real Sociedad,La Liga,,2008-01-01T00:00:00Z,
http://www.wikidata.org/entity/Q127499,Asier Illarramendi,Spain national under-17 association football team,,2006-01-01T00:00:00Z,2007-01-01T00:00:00Z,12
http://www.wikidata.org/entity/Q127499,Asier Illarramendi,Real Sociedad B,LaLiga 2,2007-01-01T00:00:00Z,2011-01-01T00:00:00Z,73
http://www.wikidata.org/entity/Q127499,Asier Illarramendi,Real Sociedad,La Liga,2009-01-01T00:00:00Z,2013-01-01T00:00:00Z,56
http://www.wikidata.org/entity/Q127499,Asier Illarramendi,Spain national under-19 football team,,2009-01-01T00:00:00Z,2009-01-01T00:00:00Z,1
http://www.wikidata.org/entity/Q127499,Asier Illarramendi,Spain national under-21 association football team,,2011-01-01T00:00:00Z,2013-01-01T00:00:00Z,16
http://www.wikidata.org/entity/Q127499,Asier Illarramendi,Spain national under-23 football team,,2012-01-01T00:00:00Z,2012-01-01T00:00:00Z,2
http://www.wikidata.org/entity/Q127499,Asier Illarramendi,Real Madrid Club de Fútbol,La Liga,2013-01-01T00:00:00Z,2015-01-01T00:00:00Z,90
http://www.wikidata.org/entity/Q127499,Asier Illarramendi,Basque Country regional football team,,2013-01-01T00:00:00Z,,4
http://www.wikidata.org/entity/Q127499,Asier Illarramendi,Real Sociedad,La Liga,2015-01-01T00:00:00Z,2023-01-01T00:00:00Z,197
http://www.wikidata.org/entity/Q127499,Asier Illarramendi,Spain men's national football team,,2017-01-01T00:00:00Z,,3
http://www.wikidata.org/entity/Q127499,Asier Illarramendi,FC Dallas,Major League Soccer,2023-01-01T00:00:00Z,2024-01-01T00:00:00Z,42
http://www.wikidata.org/entity/Q127499,Asier Illarramendi,Kitchee SC,Hong Kong Premier League,2025-01-01T00:00:00Z,,
http://www.wikidata.org/entity/Q128829,Michael Owen,England national under-18 association football team,,,,
http://www.wikidata.org/entity/Q128829,Michael Owen,England national under-16 association football team,,,,
http://www.wikidata.org/entity/Q128829,Michael Owen,Liverpool F.C.,Premier League,1995-01-01T00:00:00Z,2004-01-01T00:00:00Z,216
http://www.wikidata.org/entity/Q128829,Michael Owen,England national under-21 association football team,,1997-01-01T00:00:00Z,1997-01-01T00:00:00Z,1
http://www.wikidata.org/entity/Q128829,Michael Owen,England national under-20 association football team,,1997-01-01T00:00:00Z,1997-01-01T00:00:00Z,4
http://www.wikidata.org/entity/Q128829,Michael Owen,England men's national association football team,,1998-01-01T00:00:00Z,2016-01-01T00:00:00Z,89
http://www.wikidata.org/entity/Q128829,Michael Owen,Real Madrid Club de Fútbol,La Liga,2004-01-01T00:00:00Z,2005-01-01T00:00:00Z,36
http://www.wikidata.org/entity/Q128829,Michael Owen,Newcastle United F.C.,Premier League,2005-01-01T00:00:00Z,2009-01-01T00:00:00Z,71
http://www.wikidata.org/entity/Q128829,Michael Owen,England national association football B team,,2006-01-01T00:00:00Z,2007-01-01T00:00:00Z,2
http://www.wikidata.org/entity/Q128829,Michael Owen,Manchester United F.C.,Premier League,2009-01-01T00:00:00Z,2012-01-01T00:00:00Z,31
http://www.wikidata.org/entity/Q128829,Michael Owen,Stoke City F.C.,EFL Championship,2012-01-01T00:00:00Z,2013-01-01T00:00:00Z,8
http://www.wikidata.org/entity/Q129013,Max Kruse,Germany national under-19 football team,,2006-01-01T00:00:00Z,2007-01-01T00:00:00Z,17
http://www.wikidata.org/entity/Q129013,Max Kruse,SV Werder Bremen II,3. Liga,2006-01-01T00:00:00Z,2009-01-01T00:00:00Z,68
http://www.wikidata.org/entity/Q129013,Max Kruse,SV Werder Bremen,Bundesliga,2007-01-01T00:00:00Z,2009-01-01T00:00:00Z,1
http://www.wikidata.org/entity/Q129013,Max Kruse,Germany national under-20 football team,,2007-01-01T00:00:00Z,2008-01-01T00:00:00Z,6
http://www.wikidata.org/entity/Q129013,Max Kruse,Germany national under-21 football team,,2008-01-01T00:00:00Z,2008-01-01T00:00:00Z,1
http://www.wikidata.org/entity/Q129013,Max Kruse,FC St. Pauli,Bundesliga,2009-01-01T00:00:00Z,2012-01-01T00:00:00Z,96
http://www.wikidata.org/entity/Q129013,Max Kruse,FC St. Pauli II,Oberliga Hamburg,2009-01-01T00:00:00Z,2009-01-01T00:00:00Z,1
http://www.wikidata.org/entity/Q129013,Max Kruse,SC Freiburg,Bundesliga,2012-01-01T00:00:00Z,2013-01-01T00:00:00Z,34
http://www.wikidata.org/entity/Q129013,Max Kruse,Germany men's national association football team,,2013-01-01T00:00:00Z,2015-01-01T00:00:00Z,14
http://www.wikidata.org/entity/Q129013,Max Kruse,Borussia Mönchengladbach,Bundesliga,2013-01-01T00:00:00Z,2015-01-01T00:00:00Z,66
http://www.wikidata.org/entity/Q129013,Max Kruse,VfL Wolfsburg,Bundesliga,2015-01-01T00:00:00Z,2016-01-01T00:00:00Z,32
http://www.wikidata.org/entity/Q129013,Max Kruse,SV Werder Bremen,Bundesliga,2016-01-01T00:00:00Z,2019-06-01T00:00:00Z,84
http://www.wikidata.org/entity/Q129013,Max Kruse,Fenerbahçe Istanbul,Süper Lig,2019-07-01T00:00:00Z,2020-06-01T00:00:00Z,20
http://www.wikidata.org/entity/Q129013,Max Kruse,1. FC Union Berlin,Bundesliga,2020-08-01T00:00:00Z,2022-01-01T00:00:00Z,38
http://www.wikidata.org/entity/Q129013,Max Kruse,VfL Wolfsburg,Bundesliga,2022-01-01T00:00:00Z,2022-11-28T00:00:00Z,19
http://www.wikidata.org/entity/Q129013,Max Kruse,SC Paderborn 07,2. Bundesliga,2023-06-30T00:00:00Z,2023-11-01T00:00:00Z,5
http://www.wikidata.org/entity/Q129109,Matthias Ginter,Germany national under-18 football team,,2011-01-01T00:00:00Z,2012-01-01T00:00:00Z,6
http://www.wikidata.org/entity/Q129109,Matthias Ginter,SC Freiburg,Bundesliga,2012-01-01T00:00:00Z,2014-01-01T00:00:00Z,70
http://www.wikidata.org/entity/Q129109,Matthias Ginter,Germany national under-19 football team,,2012-01-01T00:00:00Z,2013-01-01T00:00:00Z,5
http://www.wikidata.org/entity/Q129109,Matthias Ginter,Germany national under-21 football team,,2013-01-01T00:00:00Z,2015-01-01T00:00:00Z,14
http://www.wikidata.org/entity/Q129109,Matthias Ginter,Borussia Dortmund,Bundesliga,2014-01-01T00:00:00Z,2017-01-01T00:00:00Z,67
http://www.wikidata.org/entity/Q129109,Matthias Ginter,Germany men's national association football team,,2014-01-01T00:00:00Z,,51
http://www.wikidata.org/entity/Q129109,Matthias Ginter,Borussia Dortmund II,Regionalliga West,2015-01-01T00:00:00Z,2015-01-01T00:00:00Z,2
http://www.wikidata.org/entity/Q129109,Matthias Ginter,Borussia Mönchengladbach,Bundesliga,2017-01-01T00:00:00Z,2022-06-01T00:00:00Z,154
http://www.wikidata.org/entity/Q129109,Matthias Ginter,SC Freiburg,Bundesliga,2022-07-01T00:00:00Z,,99
http://www.wikidata.org/entity/Q129655,Dougie Freedman,Barnet F.C.,EFL League Two,1994-01-01T00:00:00Z,1995-01-01T00:00:00Z,47
http://www.wikidata.org/entity/Q129655,Dougie Freedman,Scotland national under-21 football team,,1994-01-01T00:00:00Z,1995-01-01T00:00:00Z,8
http://www.wikidata.org/entity/Q129655,Dougie Freedman,Crystal Palace F.C.,Premier League,1995-01-01T00:00:00Z,1997-01-01T00:00:00Z,93
http://www.wikidata.org/entity/Q129655,Dougie Freedman,Wolverhampton Wanderers F.C.,Premier League,1997-01-01T00:00:00Z,1998-01-01T00:00:00Z,29
http://www.wikidata.org/entity/Q129655,Dougie Freedman,Nottingham Forest F.C.,Premier League,1998-01-01T00:00:00Z,2000-01-01T00:00:00Z,70
http://www.wikidata.org/entity/Q129655,Dougie Freedman,Crystal Palace F.C.,Premier League,2000-01-01T00:00:00Z,2008-01-01T00:00:00Z,237
http://www.wikidata.org/entity/Q129655,Dougie Freedman,Scotland men's national football team,,2001-01-01T00:00:00Z,2002-01-01T00:00:00Z,2
http://www.wikidata.org/entity/Q129655,Dougie Freedman,Southend United F.C.,National League,2008-01-01T00:00:00Z,2010-01-01T00:00:00Z,37
http://www.wikidata.org/entity/Q129655,Dougie Freedman,Leeds United F.C.,Premier League,2008-01-01T00:00:00Z,2008-01-01T00:00:00Z,11
http://www.wikidata.org/entity/Q13014035,Jordan Pickford,England national under-16 association football team,,2009-01-01T00:00:00Z,2010-01-01T00:00:00Z,5
http://www.wikidata.org/entity/Q13014035,Jordan Pickford,England national under-18 association football team,,2010-01-01T00:00:00Z,2012-01-01T00:00:00Z,3
http://www.wikidata.org/entity/Q13014035,Jordan Pickford,England national under-17 association football team,,2010-01-01T00:00:00Z,2011-01-01T00:00:00Z,17
http://www.wikidata.org/entity/Q13014035,Jordan Pickford,Sunderland A.F.C.,Premier League,2011-01-01T00:00:00Z,2017-01-01T00:00:00Z,31
http://www.wikidata.org/entity/Q13014035,Jordan Pickford,Darlington F.C.,National League,2012-01-01T00:00:00Z,2012-01-01T00:00:00Z,17
http://www.wikidata.org/entity/Q13014035,Jordan Pickford,England national under-19 association football team,,2012-01-01T00:00:00Z,2013-01-01T00:00:00Z,8
http://www.wikidata.org/entity/Q13014035,Jordan Pickford,Alfreton Town F.C.,National League North,2013-01-01T00:00:00Z,2013-01-01T00:00:00Z,12
http://www.wikidata.org/entity/Q13014035,Jordan Pickford,Burton Albion F.C.,EFL Championship,2013-01-01T00:00:00Z,2013-01-01T00:00:00Z,12
http://www.wikidata.org/entity/Q13014035,Jordan Pickford,Carlisle United F.C.,National League,2014-01-01T00:00:00Z,2014-01-01T00:00:00Z,18
http://www.wikidata.org/entity/Q13014035,Jordan Pickford,Bradford City A.F.C.,EFL League One,2014-01-01T00:00:00Z,2015-01-01T00:00:00Z,33
http://www.wikidata.org/entity/Q13014035,Jordan Pickford,Preston North End F.C.,EFL Championship,2015-01-01T00:00:00Z,2016-01-01T00:00:00Z,24
http://www.wikidata.org/entity/Q13014035,Jordan Pickford,England national under-21 association football team,,2015-01-01T00:00:00Z,2017-01-01T00:00:00Z,14
http://www.wikidata.org/entity/Q13014035,Jordan Pickford,England national under-20 association football team,,2015-01-01T00:00:00Z,2015-01-01T00:00:00Z,3
http://www.wikidata.org/entity/Q13014035,Jordan Pickford,Everton F.C.,Premier League,2017-01-01T00:00:00Z,,304
http://www.wikidata.org/entity/Q13014035,Jordan Pickford,England men's national association football team,,2017-01-01T00:00:00Z,,81
http://www.wikidata.org/entity/Q131234,Toni Kroos,FC Bayern Munich,Bundesliga,2007-01-01T00:00:00Z,2014-01-01T00:00:00Z,130
http://www.wikidata.org/entity/Q131234,Toni Kroos,Germany national under-21 football team,,2008-01-01T00:00:00Z,2009-01-01T00:00:00Z,10
http://www.wikidata.org/entity/Q131234,Toni Kroos,Bayer 04 Leverkusen,Bundesliga,2009-01-01T00:00:00Z,2010-01-01T00:00:00Z,43
http://www.wikidata.org/entity/Q131234,Toni Kroos,Germany men's national association football team,,2010-01-01T00:00:00Z,2024-01-01T00:00:00Z,108
http://www.wikidata.org/entity/Q131234,Toni Kroos,Real Madrid Club de Fútbol,La Liga,2014-01-01T00:00:00Z,2024-01-01T00:00:00Z,306
http://www.wikidata.org/entity/Q1320117,Scot Gemmill,Nottingham Forest F.C.,Premier League,1990-01-01T00:00:00Z,1999-01-01T00:00:00Z,245
http://www.wikidata.org/entity/Q1320117,Scot Gemmill,Scotland men's national football team,,1995-01-01T00:00:00Z,2003-01-01T00:00:00Z,26
http://www.wikidata.org/entity/Q1320117,Scot Gemmill,Everton F.C.,Premier League,1999-01-01T00:00:00Z,2004-01-01T00:00:00Z,97
http://www.wikidata.org/entity/Q1320117,Scot Gemmill,Leicester City F.C.,EFL Championship,2004-01-01T00:00:00Z,2006-01-01T00:00:00Z,17
http://www.wikidata.org/entity/Q1320117,Scot Gemmill,Preston North End F.C.,EFL Championship,2004-01-01T00:00:00Z,2004-01-01T00:00:00Z,7
http://www.wikidata.org/entity/Q1320117,Scot Gemmill,Oxford United F.C.,EFL Championship,2006-01-01T00:00:00Z,2006-01-01T00:00:00Z,1
http://www.wikidata.org/entity/Q1320117,Scot Gemmill,New Zealand Knights FC,A-League Men,2006-01-01T00:00:00Z,2007-01-01T00:00:00Z,20
http://www.wikidata.org/entity/Q1333991,Sebastiano Siviglia,AS Reggina 1914,Serie B,,,
http://www.wikidata.org/entity/Q1333991,Sebastiano Siviglia,Parma Calcio 1913,Serie A,1993-01-01T00:00:00Z,1993-01-01T00:00:00Z,0
http://www.wikidata.org/entity/Q1333991,Sebastiano Siviglia,Nocerina 1910,,1993-01-01T00:00:00Z,1996-01-01T00:00:00Z,87
http://www.wikidata.org/entity/Q1333991,Sebastiano Siviglia,Hellas Verona FC,Serie A,1996-01-01T00:00:00Z,1998-01-01T00:00:00Z,58
http://www.wikidata.org/entity/Q1333991,Sebastiano Siviglia,Atalanta BC,Serie A,1998-01-01T00:00:00Z,2001-01-01T00:00:00Z,88
http://www.wikidata.org/entity/Q1333991,Sebastiano Siviglia,AS Roma,Serie A,2001-01-01T00:00:00Z,2002-01-01T00:00:00Z,5
http://www.wikidata.org/entity/Q1333991,Sebastiano Siviglia,Parma Calcio 1913,Serie A,2002-01-01T00:00:00Z,2005-01-01T00:00:00Z,2
http://www.wikidata.org/entity/Q1333991,Sebastiano Siviglia,Atalanta BC,Serie A,2003-01-01T00:00:00Z,2003-01-01T00:00:00Z,17
http://www.wikidata.org/entity/Q1333991,Sebastiano Siviglia,US Lecce,Serie A,2003-01-01T00:00:00Z,2004-01-01T00:00:00Z,31
http://www.wikidata.org/entity/Q1333991,Sebastiano Siviglia,SS Lazio,Serie A,2004-01-01T00:00:00Z,2005-01-01T00:00:00Z,29
http://www.wikidata.org/entity/Q1333991,Sebastiano Siviglia,SS Lazio,Serie A,2005-01-01T00:00:00Z,2010-01-01T00:00:00Z,129
http://www.wikidata.org/entity/Q133556,Ashley Cole,Arsenal F.C.,Premier League,1998-01-01T00:00:00Z,2006-01-01T00:00:00Z,156
http://www.wikidata.org/entity/Q133556,Ashley Cole,Crystal Palace F.C.,Premier League,1999-01-01T00:00:00Z,2000-01-01T00:00:00Z,14
http://www.wikidata.org/entity/Q133556,Ashley Cole,England national under-20 association football team,,1999-01-01T00:00:00Z,1999-01-01T00:00:00Z,2
http://www.wikidata.org/entity/Q133556,Ashley Cole,England men's national association football team,,2001-01-01T00:00:00Z,2014-01-01T00:00:00Z,107
http://www.wikidata.org/entity/Q133556,Ashley Cole,England national under-21 association football team,,2002-01-01T00:00:00Z,2002-01-01T00:00:00Z,5
http://www.wikidata.org/entity/Q133556,Ashley Cole,Chelsea F.C.,Premier League,2006-01-01T00:00:00Z,2014-01-01T00:00:00Z,229
http://www.wikidata.org/entity/Q133556,Ashley Cole,AS Roma,Serie A,2014-01-01T00:00:00Z,2016-01-01T00:00:00Z,11
http://www.wikidata.org/entity/Q133556,Ashley Cole,LA Galaxy,Major League Soccer,2016-01-01T00:00:00Z,2018-12-01T00:00:00Z,86
http://www.wikidata.org/entity/Q133556,Ashley Cole,Derby County F.C.,EFL Championship,2019-01-01T00:00:00Z,2019-06-01T00:00:00Z,9
http://www.wikidata.org/entity/Q134729,Joselu,RC Celta B,Segunda División B,2008-01-01T00:00:00Z,2009-01-01T00:00:00Z,21
http://www.wikidata.org/entity/Q134729,Joselu,Spain national under-19 football team,,2008-01-01T00:00:00Z,2009-01-01T00:00:00Z,11
http://www.wikidata.org/entity/Q134729,Joselu,RC Celta de Vigo,La Liga,2009-01-01T00:00:00Z,2010-01-01T00:00:00Z,24
http://www.wikidata.org/entity/Q134729,Joselu,RC Celta de Vigo,La Liga,2009-01-01T00:00:00Z,2009-01-01T00:00:00Z,2
http://www.wikidata.org/entity/Q134729,Joselu,Real Madrid Castilla,Primera Federación,2009-01-01T00:00:00Z,2012-01-01T00:00:00Z,72
http://www.wikidata.org/entity/Q134729,Joselu,Spain national under-21 association football team,,2009-01-01T00:00:00Z,2010-01-01T00:00:00Z,4
http://www.wikidata.org/entity/Q134729,Joselu,Spain national under-20 football team,,2009-01-01T00:00:00Z,2009-01-01T00:00:00Z,1
http://www.wikidata.org/entity/Q134729,Joselu,Real Madrid Club de Fútbol,La Liga,2011-01-01T00:00:00Z,2011-01-01T00:00:00Z,1
http://www.wikidata.org/entity/Q134729,Joselu,TSG 1899 Hoffenheim,Bundesliga,2012-01-01T00:00:00Z,2014-01-01T00:00:00Z,25
http://www.wikidata.org/entity/Q134729,Joselu,Eintracht Frankfurt,Bundesliga,2013-01-01T00:00:00Z,2014-01-01T00:00:00Z,24
http://www.wikidata.org/entity/Q134729,Joselu,Hannover 96,2. Bundesliga,2014-01-01T00:00:00Z,2015-01-01T00:00:00Z,30
http://www.wikidata.org/entity/Q134729,Joselu,Stoke City F.C.,EFL Championship,2015-01-01T00:00:00Z,2016-01-01T00:00:00Z,22
http://www.wikidata.org/entity/Q134729,Joselu,Deportivo de La Coruña,LaLiga 2,2016-01-01T00:00:00Z,2017-01-01T00:00:00Z,20
http://www.wikidata.org/entity/Q134729,Joselu,Galicia national football team,,2016-01-01T00:00:00Z,,1
http://www.wikidata.org/entity/Q134729,Joselu,Newcastle United F.C.,Premier League,2017-01-01T00:00:00Z,2019-01-01T00:00:00Z,46
http://www.wikidata.org/entity/Q134729,Joselu,Deportivo Alavés,La Liga,2019-01-01T00:00:00Z,2022-01-01T00:00:00Z,110
http://www.wikidata.org/entity/Q134729,Joselu,RCD Espanyol de Barcelona,La Liga,2022-01-01T00:00:00Z,2024-01-01T00:00:00Z,34
http://www.wikidata.org/entity/Q134729,Joselu,Real Madrid Club de Fútbol,La Liga,2023-01-01T00:00:00Z,2024-06-01T00:00:00Z,34
http://www.wikidata.org/entity/Q134729,Joselu,Spain men's national football team,,2023-01-01T00:00:00Z,,9
http://www.wikidata.org/entity/Q134729,Joselu,Al-Gharafa SC,Qatar Stars League,2024-06-01T00:00:00Z,,
http://www.wikidata.org/entity/Q134976,Lukas Podolski,Germany national under-17 association football team,,2001-01-01T00:00:00Z,2002-01-01T00:00:00Z,6
http://www.wikidata.org/entity/Q134976,Lukas Podolski,Germany national under-18 football team,,2002-01-01T00:00:00Z,2003-01-01T00:00:00Z,7
http://www.wikidata.org/entity/Q134976,Lukas Podolski,1. FC Köln,Bundesliga,2003-01-01T00:00:00Z,2006-01-01T00:00:00Z,81
http://www.wikidata.org/entity/Q134976,Lukas Podolski,Germany national under-19 football team,,2003-01-01T00:00:00Z,2003-01-01T00:00:00Z,3
http://www.wikidata.org/entity/Q134976,Lukas Podolski,1. FC Köln II,Regionalliga West,2003-01-01T00:00:00Z,2003-01-01T00:00:00Z,2
http://www.wikidata.org/entity/Q134976,Lukas Podolski,Germany men's national association football team,,2004-01-01T00:00:00Z,2017-01-01T00:00:00Z,130
http://www.wikidata.org/entity/Q134976,Lukas Podolski,Germany national under-21 football team,,2004-01-01T00:00:00Z,2004-01-01T00:00:00Z,5
http://www.wikidata.org/entity/Q134976,Lukas Podolski,FC Bayern Munich,Bundesliga,2006-01-01T00:00:00Z,2009-01-01T00:00:00Z,71
http://www.wikidata.org/entity/Q134976,Lukas Podolski,FC Bayern Munich II,Regionalliga Bayern,2007-01-01T00:00:00Z,2008-01-01T00:00:00Z,2
http://www.wikidata.org/entity/Q134976,Lukas Podolski,1. FC Köln,Bundesliga,2009-01-01T00:00:00Z,2012-01-01T00:00:00Z,88
http://www.wikidata.org/entity/Q134976,Lukas Podolski,Arsenal F.C.,Premier League,2012-01-01T00:00:00Z,2015-01-01T00:00:00Z,60
http://www.wikidata.org/entity/Q134976,Lukas Podolski,Inter Milan,Serie A,2015-01-01T00:00:00Z,2015-01-01T00:00:00Z,17
http://www.wikidata.org/entity/Q134976,Lukas Podolski,Galatasaray S.K.,Süper Lig,2015-01-01T00:00:00Z,2017-06-01T00:00:00Z,56
http://www.wikidata.org/entity/Q134976,Lukas Podolski,Vissel Kobe,J1 League,2017-06-01T00:00:00Z,2020-01-01T00:00:00Z,52
http://www.wikidata.org/entity/Q134976,Lukas Podolski,Antalyaspor,Süper Lig,2020-01-01T00:00:00Z,2021-06-01T00:00:00Z,40
http://www.wikidata.org/entity/Q134976,Lukas Podolski,Górnik Zabrze,Ekstraklasa,2021-07-01T00:00:00Z,,118
http://www.wikidata.org/entity/Q135314,Gabriel Agbonlahor,Watford F.C.,EFL Championship,2005-01-01T00:00:00Z,2005-01-01T00:00:00Z,2
http://www.wikidata.org/entity/Q135314,Gabriel Agbonlahor,Aston Villa F.C.,Premier League,2005-01-01T00:00:00Z,2018-01-01T00:00:00Z,341
http://www.wikidata.org/entity/Q135314,Gabriel Agbonlahor,Sheffield Wednesday F.C.,EFL Championship,2005-01-01T00:00:00Z,2005-01-01T00:00:00Z,8
http://www.wikidata.org/entity/Q135314,Gabriel Agbonlahor,England national under-21 association football team,,2006-01-01T00:00:00Z,2009-01-01T00:00:00Z,13
http://www.wikidata.org/entity/Q135314,Gabriel Agbonlahor,England men's national association football team,,2008-01-01T00:00:00Z,2009-01-01T00:00:00Z,3
http://www.wikidata.org/entity/Q1354960,Mohamed Salah,Al Mokawloon Al Arab SC,Egyptian Premier League,2010-01-01T00:00:00Z,2012-01-01T00:00:00Z,37
http://www.wikidata.org/entity/Q1354960,Mohamed Salah,Egypt men's national football team,,2011-01-01T00:00:00Z,http://www.wikidata.org/.well-known/genid/3efce5a43a2ce43cd0bfa3a9bf354f3e,109
http://www.wikidata.org/entity/Q1354960,Mohamed Salah,FC Basel,Swiss Super League,2012-01-01T00:00:00Z,2014-01-01T00:00:00Z,47
http://www.wikidata.org/entity/Q1354960,Mohamed Salah,Chelsea F.C.,Premier League,2014-01-01T00:00:00Z,2015-01-01T00:00:00Z,13
http://www.wikidata.org/entity/Q1354960,Mohamed Salah,ACF Fiorentina,Serie A,2015-02-02T00:00:00Z,2015-06-30T00:00:00Z,16
http://www.wikidata.org/entity/Q1354960,Mohamed Salah,AS Roma,Serie A,2015-08-06T00:00:00Z,2016-01-01T00:00:00Z,34
http://www.wikidata.org/entity/Q1354960,Mohamed Salah,AS Roma,Serie A,2016-01-01T00:00:00Z,2017-01-01T00:00:00Z,31
http://www.wikidata.org/entity/Q1354960,Mohamed Salah,Liverpool F.C.,Premier League,2017-01-01T00:00:00Z,http://www.wikidata.org/.well-known/genid/08d057f571814dba994af668cf696e45,300
http://www.wikidata.org/entity/Q136940,Marco Di Vaio,AC ChievoVerona,Serie B,,,
http://www.wikidata.org/entity/Q136940,Marco Di Vaio,SS Lazio,Serie A,1993-01-01T00:00:00Z,1995-01-01T00:00:00Z,8
http://www.wikidata.org/entity/Q136940,Marco Di Vaio,Italy national under-18 football team,,1993-01-01T00:00:00Z,1994-01-01T00:00:00Z,3
http://www.wikidata.org/entity/Q136940,Marco Di Vaio,Hellas Verona FC,Serie A,1995-01-01T00:00:00Z,1996-01-01T00:00:00Z,7
http://www.wikidata.org/entity/Q136940,Marco Di Vaio,SSC Bari,Serie B,1996-01-01T00:00:00Z,1997-01-01T00:00:00Z,27
http://www.wikidata.org/entity/Q136940,Marco Di Vaio,Hellas Verona FC,Serie A,1996-01-01T00:00:00Z,1996-01-01T00:00:00Z,7
http://www.wikidata.org/entity/Q136940,Marco Di Vaio,U.S. Salernitana 1919,Serie C,1997-01-01T00:00:00Z,1999-01-01T00:00:00Z,67
http://www.wikidata.org/entity/Q136940,Marco Di Vaio,Parma Calcio 1913,Serie A,1999-01-01T00:00:00Z,2002-01-01T00:00:00Z,83
http://www.wikidata.org/entity/Q136940,Marco Di Vaio,Italy men's national association football team,,2001-01-01T00:00:00Z,2005-01-01T00:00:00Z,
http://www.wikidata.org/entity/Q136940,Marco Di Vaio,Juventus FC,Serie A,2002-01-01T00:00:00Z,2004-01-01T00:00:00Z,55
http://www.wikidata.org/entity/Q136940,Marco Di Vaio,Valencia CF,La Liga,2004-01-01T00:00:00Z,2006-01-01T00:00:00Z,35
http://www.wikidata.org/entity/Q136940,Marco Di Vaio,AS Monaco FC,Ligue 1,2006-01-01T00:00:00Z,2007-01-01T00:00:00Z,29
http://www.wikidata.org/entity/Q136940,Marco Di Vaio,Genoa CFC,Serie A,2007-01-01T00:00:00Z,2008-01-01T00:00:00Z,44
http://www.wikidata.org/entity/Q136940,Marco Di Vaio,Bologna F.C. 1909,Serie A,2008-01-01T00:00:00Z,2012-01-01T00:00:00Z,143
http://www.wikidata.org/entity/Q136940,Marco Di Vaio,CF Montréal,Major League Soccer,2012-01-01T00:00:00Z,2014-01-01T00:00:00Z,76
http://www.wikidata.org/entity/Q1378148,Félix Dja Ettien,Levante UD,La Liga,1997-01-01T00:00:00Z,2008-01-01T00:00:00Z,303
http://www.wikidata.org/entity/Q1378148,Félix Dja Ettien,Côte d'Ivoire national under-20 football team,,1997-01-01T00:00:00Z,1997-01-01T00:00:00Z,2
http://www.wikidata.org/entity/Q1378148,Félix Dja Ettien,Ivory Coast men's national football team,,2001-01-01T00:00:00Z,2008-01-01T00:00:00Z,6
http://www.wikidata.org/entity/Q1378148,Félix Dja Ettien,UD Alzira,Primera Federación,2011-01-01T00:00:00Z,2011-01-01T00:00:00Z,5
http://www.wikidata.org/entity/Q1378371,Alessandro Florenzi,Italy national under-20 football team,,2010-01-01T00:00:00Z,2011-01-01T00:00:00Z,4
http://www.wikidata.org/entity/Q1378371,Alessandro Florenzi,AS Roma,Serie A,2011-01-01T00:00:00Z,2022-06-01T00:00:00Z,227
http://www.wikidata.org/entity/Q1378371,Alessandro Florenzi,F.C. Crotone,Serie C,2011-01-01T00:00:00Z,2012-01-01T00:00:00Z,35
http://www.wikidata.org/entity/Q1378371,Alessandro Florenzi,Italy national under-21 football team,,2011-01-01T00:00:00Z,2013-01-01T00:00:00Z,18
http://www.wikidata.org/entity/Q1378371,Alessandro Florenzi,Italy men's national association football team,,2012-01-01T00:00:00Z,2022-01-01T00:00:00Z,49
http://www.wikidata.org/entity/Q1378371,Alessandro Florenzi,Valencia CF,La Liga,2020-01-01T00:00:00Z,2020-07-01T00:00:00Z,12
http://www.wikidata.org/entity/Q1378371,Alessandro Florenzi,Paris Saint-Germain FC,Ligue 1,2020-09-01T00:00:00Z,2021-06-01T00:00:00Z,21
http://www.wikidata.org/entity/Q1378371,Alessandro Florenzi,AC Milan,Serie A,2021-08-01T00:00:00Z,2022-06-01T00:00:00Z,24
http://www.wikidata.org/entity/Q1378371,Alessandro Florenzi,AC Milan,Serie A,2022-07-01T00:00:00Z,2025-01-01T00:00:00Z,38
http://www.wikidata.org/entity/Q13865408,Joshua Kimmich,RB Leipzig,Bundesliga,2013-01-01T00:00:00Z,2015-01-01T00:00:00Z,53
http://www.wikidata.org/entity/Q13865408,Joshua Kimmich,Germany national under-21 football team,,2014-01-01T00:00:00Z,2015-01-01T00:00:00Z,14
http://www.wikidata.org/entity/Q13865408,Joshua Kimmich,FC Bayern Munich,Bundesliga,2015-01-01T00:00:00Z,,305
http://www.wikidata.org/entity/Q13865408,Joshua Kimmich,Germany men's national association football team,,2016-01-01T00:00:00Z,,105
http://www.wikidata.org/entity/Q1392500,Wes Morgan,Kidderminster Harriers F.C.,National League North,2002-01-01T00:00:00Z,2002-01-01T00:00:00Z,5
http://www.wikidata.org/entity/Q1392500,Wes Morgan,Nottingham Forest F.C.,Premier League,2002-01-01T00:00:00Z,2012-01-01T00:00:00Z,352
http://www.wikidata.org/entity/Q1392500,Wes Morgan,Kidderminster Harriers F.C.,National League North,2003-01-01T00:00:00Z,2003-01-01T00:00:00Z,5
http://www.wikidata.org/entity/Q1392500,Wes Morgan,Leicester City F.C.,EFL Championship,2012-01-01T00:00:00Z,2021-01-01T00:00:00Z,
http://www.wikidata.org/entity/Q1392500,Wes Morgan,Jamaica men's national association football team,,2013-01-01T00:00:00Z,,
http://www.wikidata.org/entity/Q1396445,Roberto Muzzi,Italy national under-18 football team,,1989-01-01T00:00:00Z,1989-01-01T00:00:00Z,5
http://www.wikidata.org/entity/Q1396445,Roberto Muzzi,AS Roma,Serie A,1990-01-01T00:00:00Z,1993-01-01T00:00:00Z,55
http://www.wikidata.org/entity/Q1396445,Roberto Muzzi,Italy national under-21 football team,,1990-01-01T00:00:00Z,1994-01-01T00:00:00Z,19
http://www.wikidata.org/entity/Q1396445,Roberto Muzzi,AS Roma,Serie A,1994-01-01T00:00:00Z,1994-01-01T00:00:00Z,2
http://www.wikidata.org/entity/Q1396445,Roberto Muzzi,Pisa SC,Serie A,1994-01-01T00:00:00Z,1994-01-01T00:00:00Z,23
http://www.wikidata.org/entity/Q1396445,Roberto Muzzi,Cagliari Calcio,Serie A,1995-01-01T00:00:00Z,1999-01-01T00:00:00Z,144
http://www.wikidata.org/entity/Q1396445,Roberto Muzzi,Udinese Calcio,Serie A,1999-01-01T00:00:00Z,2003-01-01T00:00:00Z,102
http://www.wikidata.org/entity/Q1396445,Roberto Muzzi,SS Lazio,Serie A,2003-01-01T00:00:00Z,2005-01-01T00:00:00Z,39
http://www.wikidata.org/entity/Q1396445,Roberto Muzzi,Torino FC,Serie A,2005-01-01T00:00:00Z,2007-01-01T00:00:00Z,61
http://www.wikidata.org/entity/Q1396445,Roberto Muzzi,Calcio Padova,Serie B,2007-01-01T00:00:00Z,2008-01-01T00:00:00Z,23
http://www.wikidata.org/entity/Q1408854,Valerio Bertotto,US Alessandria Calcio 1912,Promozione,1990-01-01T00:00:00Z,1993-01-01T00:00:00Z,26
http://www.wikidata.org/entity/Q1408854,Valerio Bertotto,Udinese Calcio,Serie A,1993-01-01T00:00:00Z,2006-01-01T00:00:00Z,334
http://www.wikidata.org/entity/Q1408854,Valerio Bertotto,Italy men's national association football team,,2000-01-01T00:00:00Z,2001-01-01T00:00:00Z,4
http://www.wikidata.org/entity/Q1408854,Valerio Bertotto,Siena FC,Serie C,2006-01-01T00:00:00Z,2008-01-01T00:00:00Z,43
http://www.wikidata.org/entity/Q1408854,Valerio Bertotto,Venezia F.C.,Serie B,2009-01-01T00:00:00Z,2009-01-01T00:00:00Z,19
http://www.wikidata.org/entity/Q141354,Sebastian Kehl,Germany national under-18 football team,,1996-01-01T00:00:00Z,1999-01-01T00:00:00Z,19
http://www.wikidata.org/entity/Q141354,Sebastian Kehl,Hannover 96,2. Bundesliga,1998-01-01T00:00:00Z,2000-01-01T00:00:00Z,32
http://www.wikidata.org/entity/Q141354,Sebastian Kehl,Germany national under-19 football team,,1998-01-01T00:00:00Z,1998-01-01T00:00:00Z,1
http://www.wikidata.org/entity/Q141354,Sebastian Kehl,Germany national under-21 football team,,1999-01-01T00:00:00Z,2001-01-01T00:00:00Z,11
http://www.wikidata.org/entity/Q141354,Sebastian Kehl,SC Freiburg,Bundesliga,2000-01-01T00:00:00Z,2001-01-01T00:00:00Z,40
http://www.wikidata.org/entity/Q141354,Sebastian Kehl,Germany men's national association football team,,2001-01-01T00:00:00Z,2006-01-01T00:00:00Z,31
http://www.wikidata.org/entity/Q141354,Sebastian Kehl,Borussia Dortmund,Bundesliga,2002-01-01T00:00:00Z,2015-01-01T00:00:00Z,274
http://www.wikidata.org/entity/Q141354,Sebastian Kehl,Borussia Dortmund II,Regionalliga West,2004-01-01T00:00:00Z,2011-01-01T00:00:00Z,7
http://www.wikidata.org/entity/Q1428765,Rubén Navarro,Catalonia national football team,,,,
http://www.wikidata.org/entity/Q1428765,Rubén Navarro,Valencia CF,La Liga,1997-01-01T00:00:00Z,1999-01-01T00:00:00Z,6
http://www.wikidata.org/entity/Q1428765,Rubén Navarro,Club Deportivo Numancia de Soria,Primera Federación,1999-01-01T00:00:00Z,2001-01-01T00:00:00Z,55
http://www.wikidata.org/entity/Q1428765,Rubén Navarro,Deportivo Alavés,La Liga,2001-01-01T00:00:00Z,2007-01-01T00:00:00Z,178
http://www.wikidata.org/entity/Q1428765,Rubén Navarro,Hércules CF,Primera Federación,2007-01-01T00:00:00Z,2009-01-01T00:00:00Z,55
http://www.wikidata.org/entity/Q1428765,Rubén Navarro,Gimnàstic de Tarragona,Primera Federación,2009-01-01T00:00:00Z,2011-01-01T00:00:00Z,40
http://www.wikidata.org/entity/Q1428765,Rubén Navarro,CD Leganés,LaLiga 2,2011-01-01T00:00:00Z,2012-01-01T00:00:00Z,32
http://www.wikidata.org/entity/Q1439915,Eric Dier,England national under-18 association football team,,2011-01-01T00:00:00Z,2011-01-01T00:00:00Z,1
http://www.wikidata.org/entity/Q1439915,Eric Dier,Sporting CP,Liga Portugal,2012-01-01T00:00:00Z,2014-01-01T00:00:00Z,27
http://www.wikidata.org/entity/Q1439915,Eric Dier,England national under-19 association football team,,2012-01-01T00:00:00Z,2013-01-01T00:00:00Z,8
http://www.wikidata.org/entity/Q1439915,Eric Dier,Sporting CP B,Liga Portugal 2,2012-01-01T00:00:00Z,2014-01-01T00:00:00Z,16
http://www.wikidata.org/entity/Q1439915,Eric Dier,England national under-21 association football team,,2013-01-01T00:00:00Z,2015-01-01T00:00:00Z,9
http://www.wikidata.org/entity/Q1439915,Eric Dier,England national under-20 association football team,,2013-01-01T00:00:00Z,2014-01-01T00:00:00Z,6
http://www.wikidata.org/entity/Q1439915,Eric Dier,Tottenham Hotspur F.C.,Premier League,2014-01-01T00:00:00Z,2024-01-01T00:00:00Z,274
http://www.wikidata.org/entity/Q1439915,Eric Dier,England men's national association football team,,2015-01-01T00:00:00Z,2022-01-01T00:00:00Z,49
http://www.wikidata.org/entity/Q1439915,Eric Dier,FC Bayern Munich,Bundesliga,2024-01-11T00:00:00Z,2024-06-01T00:00:00Z,15
http://www.wikidata.org/entity/Q1439915,Eric Dier,FC Bayern Munich,Bundesliga,2024-07-01T00:00:00Z,2025-01-01T00:00:00Z,21
http://www.wikidata.org/entity/Q1439915,Eric Dier,AS Monaco FC,Ligue 1,2025-01-01T00:00:00Z,,6
http://www.wikidata.org/entity/Q1460525,Mauro Bonomi,Italy national under-18 football team,,1989-01-01T00:00:00Z,1989-01-01T00:00:00Z,8
http://www.wikidata.org/entity/Q1460525,Mauro Bonomi,U.S. Cremonese,Serie A,1990-01-01T00:00:00Z,1992-01-01T00:00:00Z,49
http://www.wikidata.org/entity/Q1460525,Mauro Bonomi,Italy national under-21 football team,,1991-01-01T00:00:00Z,1992-01-01T00:00:00Z,12
http://www.wikidata.org/entity/Q1460525,Mauro Bonomi,SS Lazio,Serie A,1992-01-01T00:00:00Z,1995-01-01T00:00:00Z,38
http://www.wikidata.org/entity/Q1460525,Mauro Bonomi,Cagliari Calcio,Serie A,1995-01-01T00:00:00Z,1996-01-01T00:00:00Z,12
http://www.wikidata.org/entity/Q1460525,Mauro Bonomi,AC Cesena,Serie B,1996-01-01T00:00:00Z,1997-01-01T00:00:00Z,34
http://www.wikidata.org/entity/Q1460525,Mauro Bonomi,Bologna F.C. 1909,Serie A,1997-01-01T00:00:00Z,1997-01-01T00:00:00Z,1
http://www.wikidata.org/entity/Q1460525,Mauro Bonomi,Torino FC,Serie A,1997-01-01T00:00:00Z,2001-01-01T00:00:00Z,103
http://www.wikidata.org/entity/Q1460525,Mauro Bonomi,SSC Napoli,Serie A,2001-01-01T00:00:00Z,2004-01-01T00:00:00Z,97
http://www.wikidata.org/entity/Q1460525,Mauro Bonomi,Unione Sportiva Catanzaro,Serie B,2004-01-01T00:00:00Z,2005-01-01T00:00:00Z,18
http://www.wikidata.org/entity/Q1460525,Mauro Bonomi,S.C. Ravenna Sport,Serie C1,2005-01-01T00:00:00Z,2006-01-01T00:00:00Z,20
http://www.wikidata.org/entity/Q14640027,Jonathan Tah,Germany national under-16 football team,,2011-01-01T00:00:00Z,2012-01-01T00:00:00Z,5
http://www.wikidata.org/entity/Q14640027,Jonathan Tah,Germany national under-17 association football team,,2012-01-01T00:00:00Z,2013-01-01T00:00:00Z,13
http://www.wikidata.org/entity/Q14640027,Jonathan Tah,Hamburger SV,Bundesliga,2013-01-01T00:00:00Z,2015-01-01T00:00:00Z,16
http://www.wikidata.org/entity/Q14640027,Jonathan Tah,Hamburger SV II,Regionalliga Nord,2013-01-01T00:00:00Z,2014-01-01T00:00:00Z,8
http://www.wikidata.org/entity/Q14640027,Jonathan Tah,Fortuna Düsseldorf,2. Bundesliga,2014-01-01T00:00:00Z,2015-01-01T00:00:00Z,23
http://www.wikidata.org/entity/Q14640027,Jonathan Tah,Germany national under-19 football team,,2014-01-01T00:00:00Z,2015-01-01T00:00:00Z,6
http://www.wikidata.org/entity/Q14640027,Jonathan Tah,Bayer 04 Leverkusen,Bundesliga,2015-01-01T00:00:00Z,2025-01-01T00:00:00Z,291
http://www.wikidata.org/entity/Q14640027,Jonathan Tah,Germany national under-21 football team,,2015-01-01T00:00:00Z,2019-01-01T00:00:00Z,14
http://www.wikidata.org/entity/Q14640027,Jonathan Tah,Germany men's national association football team,,2016-03-26T00:00:00Z,,41
http://www.wikidata.org/entity/Q14640027,Jonathan Tah,FC Bayern Munich,Bundesliga,2025-06-01T00:00:00Z,,9
http://www.wikidata.org/entity/Q146907,Miralem Pjanić,Luxembourg national under-17 football team,,2006-01-01T00:00:00Z,2006-01-01T00:00:00Z,4
http://www.wikidata.org/entity/Q146907,Miralem Pjanić,Luxembourg national under-19 football team,,2006-01-01T00:00:00Z,2007-01-01T00:00:00Z,3
http://www.wikidata.org/entity/Q146907,Miralem Pjanić,FC Metz,Ligue 1,2007-01-01T00:00:00Z,2008-01-01T00:00:00Z,32
http://www.wikidata.org/entity/Q146907,Miralem Pjanić,Bosnia and Herzegovina national under-21 football team,,2007-01-01T00:00:00Z,2008-01-01T00:00:00Z,3
http://www.wikidata.org/entity/Q146907,Miralem Pjanić,Olympique Lyonnais,Ligue 1,2008-01-01T00:00:00Z,2011-01-01T00:00:00Z,90
http://www.wikidata.org/entity/Q146907,Miralem Pjanić,Bosnia and Herzegovina men's national football team,,2008-01-01T00:00:00Z,2024-01-01T00:00:00Z,115
http://www.wikidata.org/entity/Q146907,Miralem Pjanić,AS Roma,Serie A,2011-01-01T00:00:00Z,2016-01-01T00:00:00Z,159
http://www.wikidata.org/entity/Q146907,Miralem Pjanić,Juventus FC,Serie A,2016-01-01T00:00:00Z,2020-08-01T00:00:00Z,122
http://www.wikidata.org/entity/Q146907,Miralem Pjanić,Futbol Club Barcelona,La Liga,2020-09-01T00:00:00Z,2022-09-01T00:00:00Z,19
http://www.wikidata.org/entity/Q146907,Miralem Pjanić,Beşiktaş J.K.,Süper Lig,2021-09-01T00:00:00Z,2022-06-01T00:00:00Z,20
http://www.wikidata.org/entity/Q146907,Miralem Pjanić,Sharjah FC,UAE Division 1 Group A,2022-09-01T00:00:00Z,2024-01-01T00:00:00Z,41
http://www.wikidata.org/entity/Q146907,Miralem Pjanić,PFC CSKA Moscow,Russian Premier League,2024-09-01T00:00:00Z,2025-01-01T00:00:00Z,16
http://www.wikidata.org/entity/Q147589,Kolo Touré,ASEC Mimosas,Ligue 1,1999-01-01T00:00:00Z,2002-01-01T00:00:00Z,
http://www.wikidata.org/entity/Q147589,Kolo Touré,Ivory Coast men's national football team,,2000-01-01T00:00:00Z,2015-01-01T00:00:00Z,118
http://www.wikidata.org/entity/Q147589,Kolo Touré,Arsenal F.C.,Premier League,2002-01-01T00:00:00Z,2009-01-01T00:00:00Z,225
http://www.wikidata.org/entity/Q147589,Kolo Touré,Manchester City F.C.,Premier League,2009-01-01T00:00:00Z,2013-01-01T00:00:00Z,82
http://www.wikidata.org/entity/Q147589,Kolo Touré,Liverpool F.C.,Premier League,2013-01-01T00:00:00Z,2016-01-01T00:00:00Z,71
http://www.wikidata.org/entity/Q147589,Kolo Touré,Celtic F.C.,Scottish Premiership,2016-01-01T00:00:00Z,2017-01-01T00:00:00Z,9
http://www.wikidata.org/entity/Q150161,George McCartney,Sunderland A.F.C.,Premier League,1998-01-01T00:00:00Z,2006-01-01T00:00:00Z,134
http://www.wikidata.org/entity/Q150161,George McCartney,Northern Ireland national under-21 association football team,,2000-01-01T00:00:00Z,2001-01-01T00:00:00Z,5
http://www.wikidata.org/entity/Q150161,George McCartney,Northern Ireland national under-19 association football team,,2000-01-01T00:00:00Z,2000-01-01T00:00:00Z,4
http://www.wikidata.org/entity/Q150161,George McCartney,Northern Ireland men's national association football team,,2001-01-01T00:00:00Z,2010-01-01T00:00:00Z,34
http://www.wikidata.org/entity/Q150161,George McCartney,West Ham United F.C.,Premier League,2006-01-01T00:00:00Z,2008-01-01T00:00:00Z,61
http://www.wikidata.org/entity/Q150161,George McCartney,Sunderland A.F.C.,Premier League,2008-01-01T00:00:00Z,2012-01-01T00:00:00Z,41
http://www.wikidata.org/entity/Q150161,George McCartney,Leeds United F.C.,Premier League,2010-01-01T00:00:00Z,2011-01-01T00:00:00Z,17
http://www.wikidata.org/entity/Q150161,George McCartney,West Ham United F.C.,Premier League,2011-01-01T00:00:00Z,2012-01-01T00:00:00Z,38
http://www.wikidata.org/entity/Q150161,George McCartney,Leeds United F.C.,Premier League,2011-01-01T00:00:00Z,2011-01-01T00:00:00Z,15
http://www.wikidata.org/entity/Q150161,George McCartney,West Ham United F.C.,Premier League,2012-01-01T00:00:00Z,2014-01-01T00:00:00Z,34
http://www.wikidata.org/entity/Q150268,David de Gea,Atlético Madrid Juvenil,,2003-01-01T00:00:00Z,2008-01-01T00:00:00Z,
http://www.wikidata.org/entity/Q150268,David de Gea,Spain national under-15 association football team,,2004-01-01T00:00:00Z,2004-01-01T00:00:00Z,12
http://www.wikidata.org/entity/Q150268,David de Gea,Spain national under-17 association football team,,2007-01-01T00:00:00Z,2007-01-01T00:00:00Z,15
http://www.wikidata.org/entity/Q150268,David de Gea,Spain national under-19 football team,,2007-01-01T00:00:00Z,2009-01-01T00:00:00Z,15
http://www.wikidata.org/entity/Q150268,David de Gea,Atlético Madrid B,Segunda División B,2008-01-01T00:00:00Z,2009-01-01T00:00:00Z,35
http://www.wikidata.org/entity/Q150268,David de Gea,Atlético Madrid,La Liga,2009-01-01T00:00:00Z,2011-01-01T00:00:00Z,57
http://www.wikidata.org/entity/Q150268,David de Gea,Spain national under-21 association football team,,2009-01-01T00:00:00Z,2013-01-01T00:00:00Z,27
http://www.wikidata.org/entity/Q150268,David de Gea,Spain national under-20 football team,,2009-01-01T00:00:00Z,2009-01-01T00:00:00Z,1
http://www.wikidata.org/entity/Q150268,David de Gea,Manchester United F.C.,Premier League,2011-01-01T00:00:00Z,2023-06-30T00:00:00Z,415
http://www.wikidata.org/entity/Q150268,David de Gea,Spain national under-23 football team,,2012-01-01T00:00:00Z,2012-01-01T00:00:00Z,5
http://www.wikidata.org/entity/Q150268,David de Gea,Spain men's national football team,,2014-01-01T00:00:00Z,2020-01-01T00:00:00Z,45
http://www.wikidata.org/entity/Q150268,David de Gea,ACF Fiorentina,Serie A,2024-08-01T00:00:00Z,,46
http://www.wikidata.org/entity/Q151260,Jérôme Boateng,Germany national under-17 association football team,,2004-01-01T00:00:00Z,2005-01-01T00:00:00Z,4
http://www.wikidata.org/entity/Q151260,Jérôme Boateng,Germany national under-17 association football team,,2005-01-01T00:00:00Z,2005-01-01T00:00:00Z,4
http://www.wikidata.org/entity/Q151260,Jérôme Boateng,Germany national under-19 football team,,2005-01-01T00:00:00Z,2007-01-01T00:00:00Z,17
http://www.wikidata.org/entity/Q151260,Jérôme Boateng,Germany national under-17 association football team,,2006-01-01T00:00:00Z,2006-01-01T00:00:00Z,4
http://www.wikidata.org/entity/Q151260,Jérôme Boateng,Hertha BSC II,Regionalliga Nordost,2006-01-01T00:00:00Z,2007-01-01T00:00:00Z,24
http://www.wikidata.org/entity/Q151260,Jérôme Boateng,Hamburger SV,Bundesliga,2007-01-01T00:00:00Z,2010-01-01T00:00:00Z,75
http://www.wikidata.org/entity/Q151260,Jérôme Boateng,Hertha BSC,2. Bundesliga,2007-01-01T00:00:00Z,2007-01-01T00:00:00Z,10
http://www.wikidata.org/entity/Q151260,Jérôme Boateng,Germany national under-21 football team,,2007-01-01T00:00:00Z,2009-01-01T00:00:00Z,15
http://www.wikidata.org/entity/Q151260,Jérôme Boateng,Germany men's national association football team,,2009-01-01T00:00:00Z,2018-01-01T00:00:00Z,76
http://www.wikidata.org/entity/Q151260,Jérôme Boateng,Manchester City F.C.,Premier League,2010-01-01T00:00:00Z,2011-01-01T00:00:00Z,16
http://www.wikidata.org/entity/Q151260,Jérôme Boateng,FC Bayern Munich,Bundesliga,2011-01-01T00:00:00Z,2021-06-01T00:00:00Z,229
http://www.wikidata.org/entity/Q151260,Jérôme Boateng,Olympique Lyonnais,Ligue 1,2021-09-01T00:00:00Z,2023-06-01T00:00:00Z,32
http://www.wikidata.org/entity/Q151260,Jérôme Boateng,U.S. Salernitana 1919,Serie C,2024-02-02T00:00:00Z,2024-05-30T00:00:00Z,7
http://www.wikidata.org/entity/Q151260,Jérôme Boateng,LASK Linz,Bundesliga,2024-05-31T00:00:00Z,2025-08-19T00:00:00Z,9
http://www.wikidata.org/entity/Q151269,Robert Lewandowski,Znicz Pruszków,II liga,2006-01-01T00:00:00Z,2008-01-01T00:00:00Z,59
http://www.wikidata.org/entity/Q151269,Robert Lewandowski,Lech Poznań,Ekstraklasa,2008-01-01T00:00:00Z,2010-01-01T00:00:00Z,58
http://www.wikidata.org/entity/Q151269,Robert Lewandowski,Poland men's national football team,,2008-01-01T00:00:00Z,,163
http://www.wikidata.org/entity/Q151269,Robert Lewandowski,Poland national under-21 football team,,2008-01-01T00:00:00Z,2008-01-01T00:00:00Z,3
http://www.wikidata.org/entity/Q151269,Robert Lewandowski,Borussia Dortmund,Bundesliga,2010-01-01T00:00:00Z,2014-01-01T00:00:00Z,131
http://www.wikidata.org/entity/Q151269,Robert Lewandowski,FC Bayern Munich,Bundesliga,2014-01-01T00:00:00Z,2022-07-01T00:00:00Z,253
http://www.wikidata.org/entity/Q151269,Robert Lewandowski,Futbol Club Barcelona,La Liga,2022-07-20T00:00:00Z,,112
http://www.wikidata.org/entity/Q152286,Bobby Zamora,Bristol Rovers F.C.,EFL League Two,1999-07-01T00:00:00Z,2000-08-01T00:00:00Z,4
http://www.wikidata.org/entity/Q152286,Bobby Zamora,Bath City F.C.,National League South,2000-01-01T00:00:00Z,2000-02-01T00:00:00Z,5
http://www.wikidata.org/entity/Q152286,Bobby Zamora,Brighton & Hove Albion F.C.,Premier League,2000-03-01T00:00:00Z,2000-05-01T00:00:00Z,6
http://www.wikidata.org/entity/Q152286,Bobby Zamora,Brighton & Hove Albion F.C.,Premier League,2000-08-01T00:00:00Z,2003-01-01T00:00:00Z,119
http://www.wikidata.org/entity/Q152286,Bobby Zamora,England national under-21 association football team,,2002-01-01T00:00:00Z,2003-01-01T00:00:00Z,6
http://www.wikidata.org/entity/Q152286,Bobby Zamora,Tottenham Hotspur F.C.,Premier League,2003-07-01T00:00:00Z,2004-01-01T00:00:00Z,16
http://www.wikidata.org/entity/Q152286,Bobby Zamora,West Ham United F.C.,Premier League,2004-01-01T00:00:00Z,2008-07-01T00:00:00Z,130
http://www.wikidata.org/entity/Q152286,Bobby Zamora,Fulham F.C.,Premier League,2008-07-01T00:00:00Z,2012-01-31T00:00:00Z,91
http://www.wikidata.org/entity/Q152286,Bobby Zamora,England men's national association football team,,2010-01-01T00:00:00Z,2011-01-01T00:00:00Z,2
http://www.wikidata.org/entity/Q152286,Bobby Zamora,Queens Park Rangers F.C.,EFL Championship,2012-01-31T00:00:00Z,2015-08-03T00:00:00Z,83
http://www.wikidata.org/entity/Q152286,Bobby Zamora,Brighton & Hove Albion F.C.,Premier League,2015-08-03T00:00:00Z,2016-07-01T00:00:00Z,26
http://www.wikidata.org/entity/Q152354,Hans-Jörg Butt,VfB Oldenburg,Regionalliga,1994-01-01T00:00:00Z,1997-01-01T00:00:00Z,87
http://www.wikidata.org/entity/Q152354,Hans-Jörg Butt,Hamburger SV,Bundesliga,1997-01-01T00:00:00Z,2001-01-01T00:00:00Z,133
http://www.wikidata.org/entity/Q152354,Hans-Jörg Butt,Germany national football Α2 team,,1999-01-01T00:00:00Z,2000-01-01T00:00:00Z,3
http://www.wikidata.org/entity/Q152354,Hans-Jörg Butt,Germany men's national association football team,,2000-01-01T00:00:00Z,2010-01-01T00:00:00Z,4
http://www.wikidata.org/entity/Q152354,Hans-Jörg Butt,Bayer 04 Leverkusen,Bundesliga,2001-01-01T00:00:00Z,2007-01-01T00:00:00Z,191
http://www.wikidata.org/entity/Q152354,Hans-Jörg Butt,S.L. Benfica,Liga Portugal,2007-01-01T00:00:00Z,2008-01-01T00:00:00Z,1
http://www.wikidata.org/entity/Q152354,Hans-Jörg Butt,FC Bayern Munich,Bundesliga,2008-01-01T00:00:00Z,2012-01-01T00:00:00Z,62
http://www.wikidata.org/entity/Q152354,Hans-Jörg Butt,FC Bayern Munich II,Regionalliga Bayern,2009-01-01T00:00:00Z,2009-01-01T00:00:00Z,
http://www.wikidata.org/entity/Q152377,Marco Reus,Rot Weiss Ahlen,Oberliga Westfalen,2007-01-01T00:00:00Z,2009-01-01T00:00:00Z,43
http://www.wikidata.org/entity/Q152377,Marco Reus,Borussia Mönchengladbach,Bundesliga,2009-01-01T00:00:00Z,2012-01-01T00:00:00Z,97
http://www.wikidata.org/entity/Q152377,Marco Reus,Germany national under-21 football team,,2009-01-01T00:00:00Z,2009-01-01T00:00:00Z,2
http://www.wikidata.org/entity/Q152377,Marco Reus,Germany men's national association football team,,2011-01-01T00:00:00Z,2021-01-01T00:00:00Z,48
http://www.wikidata.org/entity/Q152377,Marco Reus,Borussia Dortmund,Bundesliga,2012-01-01T00:00:00Z,2024-01-01T00:00:00Z,294
http://www.wikidata.org/entity/Q152377,Marco Reus,LA Galaxy,Major League Soccer,2024-08-01T00:00:00Z,,14
http://www.wikidata.org/entity/Q152458,Bernd Schneider,Germany national under-18 football team,,,,
http://www.wikidata.org/entity/Q152458,Bernd Schneider,FC Carl Zeiss Jena,Regionalliga Nordost,1991-01-01T00:00:00Z,1998-01-01T00:00:00Z,158
http://www.wikidata.org/entity/Q152458,Bernd Schneider,Eintracht Frankfurt,Bundesliga,1998-01-01T00:00:00Z,1999-01-01T00:00:00Z,33
http://www.wikidata.org/entity/Q152458,Bernd Schneider,Germany men's national association football team,,1999-01-01T00:00:00Z,2008-01-01T00:00:00Z,81
http://www.wikidata.org/entity/Q152458,Bernd Schneider,Bayer 04 Leverkusen,Bundesliga,1999-01-01T00:00:00Z,2009-01-01T00:00:00Z,263
http://www.wikidata.org/entity/Q152458,Bernd Schneider,Germany national football B team,,1999-01-01T00:00:00Z,2001-01-01T00:00:00Z,4
http://www.wikidata.org/entity/Q152458,Bernd Schneider,Germany national football Α2 team,,1999-01-01T00:00:00Z,2001-01-01T00:00:00Z,4
http://www.wikidata.org/entity/Q152458,Bernd Schneider,Bayer 04 Leverkusen,Bundesliga,2009-01-01T00:00:00Z,2009-01-01T00:00:00Z,8
http://www.wikidata.org/entity/Q152972,Oliver Neuville,FC Locarno,Challenge League,1991-01-01T00:00:00Z,1992-01-01T00:00:00Z,15
http://www.wikidata.org/entity/Q152972,Oliver Neuville,Servette FC,Swiss Super League,1992-01-01T00:00:00Z,1996-01-01T00:00:00Z,108
http://www.wikidata.org/entity/Q152972,Oliver Neuville,C.D. Tenerife,Primera Federación,1996-01-01T00:00:00Z,1997-01-01T00:00:00Z,33
http://www.wikidata.org/entity/Q152972,Oliver Neuville,F.C. Hansa Rostock,3. Liga,1997-01-01T00:00:00Z,1999-01-01T00:00:00Z,50
http://www.wikidata.org/entity/Q152972,Oliver Neuville,Germany men's national association football team,,1998-01-01T00:00:00Z,2008-01-01T00:00:00Z,69
http://www.wikidata.org/entity/Q152972,Oliver Neuville,Bayer 04 Leverkusen,Bundesliga,1999-01-01T00:00:00Z,2004-01-01T00:00:00Z,165
http://www.wikidata.org/entity/Q152972,Oliver Neuville,Borussia Mönchengladbach,Bundesliga,2004-01-01T00:00:00Z,2010-01-01T00:00:00Z,151
http://www.wikidata.org/entity/Q152972,Oliver Neuville,Arminia Bielefeld,2. Bundesliga,2010-01-01T00:00:00Z,2011-01-01T00:00:00Z,12
http://www.wikidata.org/entity/Q152972,Oliver Neuville,Arminia Bielefeld,2. Bundesliga,2010-01-01T00:00:00Z,2010-01-01T00:00:00Z,12
http://www.wikidata.org/entity/Q153002,Riccardo Montolivo,Italy national under-15 football team,,2001-01-01T00:00:00Z,2001-01-01T00:00:00Z,8
http://www.wikidata.org/entity/Q153002,Riccardo Montolivo,Atalanta BC,Serie A,2003-01-01T00:00:00Z,2005-01-01T00:00:00Z,73
http://www.wikidata.org/entity/Q153002,Riccardo Montolivo,Italy national under-18 football team,,2003-01-01T00:00:00Z,2003-01-01T00:00:00Z,2
http://www.wikidata.org/entity/Q153002,Riccardo Montolivo,Italy national under-21 football team,,2004-01-01T00:00:00Z,2006-01-01T00:00:00Z,20
http://www.wikidata.org/entity/Q153002,Riccardo Montolivo,Italy national under-19 football team,,2004-01-01T00:00:00Z,2004-01-01T00:00:00Z,4
http://www.wikidata.org/entity/Q153002,Riccardo Montolivo,ACF Fiorentina,Serie A,2005-01-01T00:00:00Z,2012-01-01T00:00:00Z,219
http://www.wikidata.org/entity/Q153002,Riccardo Montolivo,Italy men's national association football team,,2007-01-01T00:00:00Z,2017-01-01T00:00:00Z,66
http://www.wikidata.org/entity/Q153002,Riccardo Montolivo,AC Milan,Serie A,2012-01-01T00:00:00Z,2019-01-01T00:00:00Z,129
http://www.wikidata.org/entity/Q153387,Hasan Salihamidžić,Bosnia and Herzegovina national under-21 football team,,,,
http://www.wikidata.org/entity/Q153387,Hasan Salihamidžić,Hamburger SV,Bundesliga,1995-01-01T00:00:00Z,1998-01-01T00:00:00Z,72
http://www.wikidata.org/entity/Q153387,Hasan Salihamidžić,Bosnia and Herzegovina men's national football team,,1996-01-01T00:00:00Z,2006-01-01T00:00:00Z,43
http://www.wikidata.org/entity/Q153387,Hasan Salihamidžić,FC Bayern Munich,Bundesliga,1998-01-01T00:00:00Z,2007-01-01T00:00:00Z,234
http://www.wikidata.org/entity/Q153387,Hasan Salihamidžić,Juventus FC,Serie A,2007-01-01T00:00:00Z,2011-01-01T00:00:00Z,61
http://www.wikidata.org/entity/Q153387,Hasan Salihamidžić,VfL Wolfsburg,Bundesliga,2011-01-01T00:00:00Z,2012-01-01T00:00:00Z,15
http://www.wikidata.org/entity/Q153786,Edin Džeko,F.K. Željezničar Sarajevo,Premier League of Bosnia and Herzegovina,2003-07-01T00:00:00Z,2005-07-01T00:00:00Z,40
http://www.wikidata.org/entity/Q153786,Edin Džeko,Bosnia and Herzegovina national under-19 football team,,2003-09-01T00:00:00Z,2004-10-01T00:00:00Z,5
http://www.wikidata.org/entity/Q153786,Edin Džeko,FK Teplice,Czech First League,2005-07-01T00:00:00Z,2007-07-01T00:00:00Z,43
http://www.wikidata.org/entity/Q153786,Edin Džeko,FK Ústí nad Labem,Czech First League,2005-08-01T00:00:00Z,2005-12-01T00:00:00Z,15
http://www.wikidata.org/entity/Q153786,Edin Džeko,Bosnia and Herzegovina national under-21 football team,,2006-08-01T00:00:00Z,2006-10-01T00:00:00Z,4
http://www.wikidata.org/entity/Q153786,Edin Džeko,Bosnia and Herzegovina men's national football team,,2007-06-01T00:00:00Z,,146
http://www.wikidata.org/entity/Q153786,Edin Džeko,VfL Wolfsburg,Bundesliga,2007-07-01T00:00:00Z,2011-01-01T00:00:00Z,111
http://www.wikidata.org/entity/Q153786,Edin Džeko,Manchester City F.C.,Premier League,2011-01-01T00:00:00Z,2016-07-01T00:00:00Z,130
http://www.wikidata.org/entity/Q153786,Edin Džeko,AS Roma,Serie A,2015-08-12T00:00:00Z,2016-06-30T00:00:00Z,31
http://www.wikidata.org/entity/Q153786,Edin Džeko,AS Roma,Serie A,2016-07-01T00:00:00Z,2021-08-01T00:00:00Z,168
http://www.wikidata.org/entity/Q153786,Edin Džeko,Inter Milan,Serie A,2021-08-01T00:00:00Z,2023-06-01T00:00:00Z,69
http://www.wikidata.org/entity/Q153786,Edin Džeko,Fenerbahçe Istanbul,Süper Lig,2023-06-01T00:00:00Z,2025-07-01T00:00:00Z,71
http://www.wikidata.org/entity/Q153786,Edin Džeko,ACF Fiorentina,Serie A,2025-07-01T00:00:00Z,2026-01-01T00:00:00Z,11
http://www.wikidata.org/entity/Q153786,Edin Džeko,Schalke 04,2. Bundesliga,2026-01-01T00:00:00Z,,1
http://www.wikidata.org/entity/Q15396247,José Luis Gayà,Spain national under-17 association football team,,2012-01-01T00:00:00Z,2012-01-01T00:00:00Z,2
http://www.wikidata.org/entity/Q15396247,José Luis Gayà,Valencia CF Mestalla,Segunda División B,2012-01-29T00:00:00Z,2014-01-01T00:00:00Z,65
http://www.wikidata.org/entity/Q15396247,José Luis Gayà,Valencia CF,La Liga,2012-10-30T00:00:00Z,,321
http://www.wikidata.org/entity/Q15396247,José Luis Gayà,Spain national under-20 football team,,2013-01-01T00:00:00Z,2013-01-01T00:00:00Z,4
http://www.wikidata.org/entity/Q15396247,José Luis Gayà,Spain national under-19 football team,,2013-01-01T00:00:00Z,2014-01-01T00:00:00Z,11
http://www.wikidata.org/entity/Q15396247,José Luis Gayà,Spain national under-18 football team,,2013-01-01T00:00:00Z,2013-01-01T00:00:00Z,2
http://www.wikidata.org/entity/Q15396247,José Luis Gayà,Spain national under-21 association football team,,2014-01-01T00:00:00Z,2017-01-01T00:00:00Z,15
http://www.wikidata.org/entity/Q15396247,José Luis Gayà,Spain men's national football team,,2018-01-01T00:00:00Z,,22
http://www.wikidata.org/entity/Q1539715,Ciro Capuano,Portici 1906,,1997-01-01T00:00:00Z,1998-01-01T00:00:00Z,
http://www.wikidata.org/entity/Q1539715,Ciro Capuano,Associazione Sportiva Dilettantistica Stasia Calcio,,1998-01-01T00:00:00Z,1999-01-01T00:00:00Z,27
http://www.wikidata.org/entity/Q1539715,Ciro Capuano,Empoli FC,Serie B,1999-01-01T00:00:00Z,2000-01-01T00:00:00Z,0
http://www.wikidata.org/entity/Q1539715,Ciro Capuano,Pisa SC,Serie A,2000-01-01T00:00:00Z,2004-01-01T00:00:00Z,99
http://www.wikidata.org/entity/Q1539715,Ciro Capuano,Italy national under-20 football team,,2002-01-01T00:00:00Z,2002-01-01T00:00:00Z,1
http://www.wikidata.org/entity/Q1539715,Ciro Capuano,Bologna F.C. 1909,Serie A,2004-01-01T00:00:00Z,2006-01-01T00:00:00Z,51
http://www.wikidata.org/entity/Q1539715,Ciro Capuano,Palermo F.C.,Serie B,2006-01-01T00:00:00Z,2009-01-01T00:00:00Z,19
http://www.wikidata.org/entity/Q1539715,Ciro Capuano,Catania FC,Serie C,2009-01-01T00:00:00Z,2015-01-01T00:00:00Z,113
http://www.wikidata.org/entity/Q1539715,Ciro Capuano,Catania FC,Serie C,2009-01-01T00:00:00Z,2009-01-01T00:00:00Z,18
http://www.wikidata.org/entity/Q1539715,Ciro Capuano,ASD Akragas 2018,Serie C1,2015-01-01T00:00:00Z,,
http://www.wikidata.org/entity/Q154156,Mehmet Scholl,Karlsruher SC,2. Bundesliga,1989-01-01T00:00:00Z,1992-01-01T00:00:00Z,58
http://www.wikidata.org/entity/Q154156,Mehmet Scholl,Karlsruher SC,3. Liga,1989-01-01T00:00:00Z,1992-01-01T00:00:00Z,58
http://www.wikidata.org/entity/Q154156,Mehmet Scholl,Karlsruher SC II,Oberliga Baden-Württemberg,1989-01-01T00:00:00Z,1991-01-01T00:00:00Z,28
http://www.wikidata.org/entity/Q154156,Mehmet Scholl,Germany national under-21 football team,,1991-01-01T00:00:00Z,1992-01-01T00:00:00Z,5
http://www.wikidata.org/entity/Q154156,Mehmet Scholl,FC Bayern Munich,Bundesliga,1992-01-01T00:00:00Z,2007-01-01T00:00:00Z,334
http://www.wikidata.org/entity/Q154156,Mehmet Scholl,Germany Olympic football team,,1992-01-01T00:00:00Z,1992-01-01T00:00:00Z,1
http://www.wikidata.org/entity/Q154156,Mehmet Scholl,Germany men's national association football team,,1995-01-01T00:00:00Z,2002-01-01T00:00:00Z,36
http://www.wikidata.org/entity/Q154397,Roman Weidenfeller,Germany national under-17 association football team,,1997-01-01T00:00:00Z,1997-01-01T00:00:00Z,6
http://www.wikidata.org/entity/Q154397,Roman Weidenfeller,Germany national under-16 football team,,1997-01-01T00:00:00Z,1997-01-01T00:00:00Z,1
http://www.wikidata.org/entity/Q154397,Roman Weidenfeller,1. FC Kaiserslautern,2. Bundesliga,1998-01-01T00:00:00Z,2002-01-01T00:00:00Z,6
http://www.wikidata.org/entity/Q154397,Roman Weidenfeller,Germany national under-21 football team,,1999-01-01T00:00:00Z,2001-01-01T00:00:00Z,3
http://www.wikidata.org/entity/Q154397,Roman Weidenfeller,Borussia Dortmund,Bundesliga,2002-01-01T00:00:00Z,2018-01-01T00:00:00Z,349
http://www.wikidata.org/entity/Q154397,Roman Weidenfeller,Borussia Dortmund II,Regionalliga West,2002-01-01T00:00:00Z,2004-01-01T00:00:00Z,13
http://www.wikidata.org/entity/Q154397,Roman Weidenfeller,Germany national football B team,,2005-01-01T00:00:00Z,2005-01-01T00:00:00Z,1
http://www.wikidata.org/entity/Q154397,Roman Weidenfeller,Team 2006,,2005-01-01T00:00:00Z,2005-01-01T00:00:00Z,1
http://www.wikidata.org/entity/Q154397,Roman Weidenfeller,Germany men's national association football team,,2013-01-01T00:00:00Z,2014-01-01T00:00:00Z,5
http://www.wikidata.org/entity/Q155884,Christian Ziege,FC Bayern Munich,Bundesliga,1990-07-01T00:00:00Z,1997-07-01T00:00:00Z,185
http://www.wikidata.org/entity/Q155884,Christian Ziege,Germany national under-21 football team,,1991-01-01T00:00:00Z,1993-01-01T00:00:00Z,12
http://www.wikidata.org/entity/Q155884,Christian Ziege,Germany Olympic football team,,1992-01-01T00:00:00Z,1992-01-01T00:00:00Z,1
http://www.wikidata.org/entity/Q155884,Christian Ziege,Germany men's national association football team,,1993-01-01T00:00:00Z,2004-01-01T00:00:00Z,72
http://www.wikidata.org/entity/Q155884,Christian Ziege,AC Milan,Serie A,1997-07-01T00:00:00Z,1999-07-01T00:00:00Z,39
http://www.wikidata.org/entity/Q155884,Christian Ziege,Middlesbrough F.C.,EFL Championship,1999-07-01T00:00:00Z,2000-07-01T00:00:00Z,29
http://www.wikidata.org/entity/Q155884,Christian Ziege,Liverpool F.C.,Premier League,2000-07-01T00:00:00Z,2001-07-01T00:00:00Z,16
http://www.wikidata.org/entity/Q155884,Christian Ziege,Tottenham Hotspur F.C.,Premier League,2001-07-01T00:00:00Z,2004-07-01T00:00:00Z,47
http://www.wikidata.org/entity/Q155884,Christian Ziege,Borussia Mönchengladbach,Bundesliga,2004-07-01T00:00:00Z,2006-01-01T00:00:00Z,13
http://www.wikidata.org/entity/Q155903,Dietmar Hamann,FC Bayern Munich II,Regionalliga Bayern,1992-01-01T00:00:00Z,1994-01-01T00:00:00Z,24
http://www.wikidata.org/entity/Q155903,Dietmar Hamann,FC Bayern Munich,Bundesliga,1993-01-01T00:00:00Z,1998-01-01T00:00:00Z,105
http://www.wikidata.org/entity/Q155903,Dietmar Hamann,Germany national under-21 football team,,1993-01-01T00:00:00Z,1995-01-01T00:00:00Z,10
http://www.wikidata.org/entity/Q155903,Dietmar Hamann,Germany national under-20 football team,,1993-01-01T00:00:00Z,1993-01-01T00:00:00Z,3
http://www.wikidata.org/entity/Q155903,Dietmar Hamann,Germany men's national association football team,,1997-01-01T00:00:00Z,2005-01-01T00:00:00Z,59
http://www.wikidata.org/entity/Q155903,Dietmar Hamann,Newcastle United F.C.,Premier League,1998-01-01T00:00:00Z,1999-01-01T00:00:00Z,23
http://www.wikidata.org/entity/Q155903,Dietmar Hamann,Liverpool F.C.,Premier League,1999-01-01T00:00:00Z,2006-01-01T00:00:00Z,191
http://www.wikidata.org/entity/Q155903,Dietmar Hamann,Bolton Wanderers F.C.,EFL League One,2006-01-01T00:00:00Z,2006-01-01T00:00:00Z,0
http://www.wikidata.org/entity/Q155903,Dietmar Hamann,Manchester City F.C.,Premier League,2006-01-01T00:00:00Z,2009-01-01T00:00:00Z,54
http://www.wikidata.org/entity/Q155903,Dietmar Hamann,Milton Keynes Dons F.C.,EFL League Two,2010-01-01T00:00:00Z,2011-01-01T00:00:00Z,12
http://www.wikidata.org/entity/Q155903,Dietmar Hamann,TuS Haltern,Oberliga Westfalen,2015-01-01T00:00:00Z,,
http://www.wikidata.org/entity/Q156822,Lúcio,Clube de Regatas Guará,,1997-01-01T00:00:00Z,1997-01-01T00:00:00Z,0
http://www.wikidata.org/entity/Q156822,Lúcio,S.C. Internacional,Campeonato Brasileiro Série A,1998-01-01T00:00:00Z,2000-01-01T00:00:00Z,50
http://www.wikidata.org/entity/Q156822,Lúcio,S.C. Internacional,Copa do Brasil,1998-01-01T00:00:00Z,2000-01-01T00:00:00Z,50
http://www.wikidata.org/entity/Q156822,Lúcio,S.C. Internacional,Campeonato Gaúcho,1998-01-01T00:00:00Z,2000-01-01T00:00:00Z,50
http://www.wikidata.org/entity/Q156822,Lúcio,Brazil men's national football team,,2000-01-01T00:00:00Z,2011-01-01T00:00:00Z,105
http://www.wikidata.org/entity/Q156822,Lúcio,Bayer 04 Leverkusen,Bundesliga,2001-01-01T00:00:00Z,2004-01-01T00:00:00Z,92
http://www.wikidata.org/entity/Q156822,Lúcio,Bayer 04 Leverkusen II,Regionalliga West,2003-01-01T00:00:00Z,2003-01-01T00:00:00Z,
http://www.wikidata.org/entity/Q156822,Lúcio,FC Bayern Munich,Bundesliga,2004-01-01T00:00:00Z,2009-01-01T00:00:00Z,144
http://www.wikidata.org/entity/Q156822,Lúcio,Inter Milan,Serie A,2009-01-01T00:00:00Z,2012-01-01T00:00:00Z,96
http://www.wikidata.org/entity/Q156822,Lúcio,Juventus FC,Serie A,2012-01-01T00:00:00Z,2012-01-01T00:00:00Z,1
http://www.wikidata.org/entity/Q156822,Lúcio,São Paulo FC,Campeonato Brasileiro Série A,2013-01-01T00:00:00Z,2013-01-01T00:00:00Z,10
http://www.wikidata.org/entity/Q156822,Lúcio,Sociedade Esportiva Palmeiras,Campeonato Brasileiro Série A,2014-01-01T00:00:00Z,2015-01-01T00:00:00Z,25
http://www.wikidata.org/entity/Q156822,Lúcio,FC Goa,Indian Super League,2015-01-01T00:00:00Z,2016-01-01T00:00:00Z,19
http://www.wikidata.org/entity/Q156822,Lúcio,Sociedade Esportiva do Gama,Campeonato Brasiliense,2018-01-01T00:00:00Z,2018-04-01T00:00:00Z,7
http://www.wikidata.org/entity/Q156822,Lúcio,Brasiliense Futebol Clube,Campeonato Brasileiro Série C,2018-04-01T00:00:00Z,2019-10-01T00:00:00Z,17
http://www.wikidata.org/entity/Q158618,Carlton Cole,England national under-19 association football team,,,,
http://www.wikidata.org/entity/Q158618,Carlton Cole,Chelsea F.C.,Premier League,2001-01-01T00:00:00Z,2006-01-01T00:00:00Z,25
http://www.wikidata.org/entity/Q158618,Carlton Cole,Wolverhampton Wanderers F.C.,Premier League,2002-01-01T00:00:00Z,2003-01-01T00:00:00Z,7
http://www.wikidata.org/entity/Q158618,Carlton Cole,England national under-20 association football team,,2002-01-01T00:00:00Z,2003-01-01T00:00:00Z,2
http://www.wikidata.org/entity/Q158618,Carlton Cole,Charlton Athletic F.C.,EFL Championship,2003-01-01T00:00:00Z,2004-01-01T00:00:00Z,21
http://www.wikidata.org/entity/Q158618,Carlton Cole,England national under-21 association football team,,2003-01-01T00:00:00Z,2005-01-01T00:00:00Z,19
http://www.wikidata.org/entity/Q158618,Carlton Cole,Aston Villa F.C.,Premier League,2004-01-01T00:00:00Z,2005-01-01T00:00:00Z,27
http://www.wikidata.org/entity/Q158618,Carlton Cole,West Ham United F.C.,Premier League,2006-01-01T00:00:00Z,2013-01-01T00:00:00Z,210
http://www.wikidata.org/entity/Q158618,Carlton Cole,England men's national association football team,,2009-01-01T00:00:00Z,2010-01-01T00:00:00Z,7
http://www.wikidata.org/entity/Q158618,Carlton Cole,West Ham United F.C.,Premier League,2013-01-01T00:00:00Z,2015-01-01T00:00:00Z,49
http://www.wikidata.org/entity/Q158618,Carlton Cole,Celtic F.C.,Scottish Premiership,2015-01-01T00:00:00Z,2016-01-01T00:00:00Z,4
http://www.wikidata.org/entity/Q158618,Carlton Cole,Sacramento Republic FC,USL Championship,2016-01-01T00:00:00Z,2016-01-01T00:00:00Z,4
http://www.wikidata.org/entity/Q158618,Carlton Cole,Persib Bandung,Super League,2017-01-01T00:00:00Z,2017-01-01T00:00:00Z,5
http://www.wikidata.org/entity/Q158618,Carlton Cole,Persib Bandung,Liga 1,2017-01-01T00:00:00Z,2017-01-01T00:00:00Z,5
http://www.wikidata.org/entity/Q158814,Mark Noble,England national under-16 association football team,,2002-01-01T00:00:00Z,2002-01-01T00:00:00Z,7
http://www.wikidata.org/entity/Q158814,Mark Noble,England national under-17 association football team,,2003-01-01T00:00:00Z,2004-01-01T00:00:00Z,12
http://www.wikidata.org/entity/Q158814,Mark Noble,West Ham United F.C.,Premier League,2004-01-01T00:00:00Z,2022-01-01T00:00:00Z,472
http://www.wikidata.org/entity/Q158814,Mark Noble,England national under-18 association football team,,2004-01-01T00:00:00Z,2004-01-01T00:00:00Z,1
http://www.wikidata.org/entity/Q158814,Mark Noble,England national under-19 association football team,,2005-01-01T00:00:00Z,2005-01-01T00:00:00Z,7
http://www.wikidata.org/entity/Q158814,Mark Noble,Ipswich Town F.C.,EFL Championship,2006-01-01T00:00:00Z,2006-01-01T00:00:00Z,13
http://www.wikidata.org/entity/Q158814,Mark Noble,Hull City A.F.C.,EFL Championship,2006-01-01T00:00:00Z,2006-01-01T00:00:00Z,5
http://www.wikidata.org/entity/Q158814,Mark Noble,England national under-21 association football team,,2007-01-01T00:00:00Z,2009-01-01T00:00:00Z,20
http://www.wikidata.org/entity/Q158980,James Collins,Cardiff City F.C.,EFL League One,2000-01-01T00:00:00Z,2005-01-01T00:00:00Z,76
http://www.wikidata.org/entity/Q158980,James Collins,Wales national under-19 football team,,2001-01-01T00:00:00Z,2001-01-01T00:00:00Z,3
http://www.wikidata.org/entity/Q158980,James Collins,Wales national under-21 football team,,2002-01-01T00:00:00Z,2004-01-01T00:00:00Z,8
http://www.wikidata.org/entity/Q158980,James Collins,Wales men's national association football team,,2004-01-01T00:00:00Z,2016-01-01T00:00:00Z,51
http://www.wikidata.org/entity/Q158980,James Collins,West Ham United F.C.,Premier League,2005-01-01T00:00:00Z,2009-01-01T00:00:00Z,65
http://www.wikidata.org/entity/Q158980,James Collins,Aston Villa F.C.,Premier League,2009-01-01T00:00:00Z,2012-01-01T00:00:00Z,108
http://www.wikidata.org/entity/Q158980,James Collins,West Ham United F.C.,Premier League,2012-01-01T00:00:00Z,2018-01-01T00:00:00Z,149
http://www.wikidata.org/entity/Q158980,James Collins,Ipswich Town F.C.,EFL Championship,2019-01-01T00:00:00Z,2019-01-01T00:00:00Z,6
http://www.wikidata.org/entity/Q15963873,Thomas Partey,Atlético Madrid B,Segunda División B,2012-01-01T00:00:00Z,2013-01-01T00:00:00Z,33
http://www.wikidata.org/entity/Q15963873,Thomas Partey,Atlético Madrid,La Liga,2013-01-01T00:00:00Z,2020-01-01T00:00:00Z,132
http://www.wikidata.org/entity/Q15963873,Thomas Partey,RCD Mallorca,La Liga,2013-01-01T00:00:00Z,2014-01-01T00:00:00Z,37
http://www.wikidata.org/entity/Q15963873,Thomas Partey,Unión Deportiva Almería,LaLiga 2,2014-01-01T00:00:00Z,2015-01-01T00:00:00Z,31
http://www.wikidata.org/entity/Q15963873,Thomas Partey,Ghana men's national football team,,2016-01-01T00:00:00Z,,56
http://www.wikidata.org/entity/Q15963873,Thomas Partey,Arsenal F.C.,Premier League,2020-10-05T00:00:00Z,2025-07-01T00:00:00Z,130
http://www.wikidata.org/entity/Q15963873,Thomas Partey,Villarreal CF,La Liga,2025-08-01T00:00:00Z,,11
http://www.wikidata.org/entity/Q160206,Hernán Crespo,Club Atlético River Plate,Argentine Primera División,1993-01-01T00:00:00Z,1996-01-01T00:00:00Z,62
http://www.wikidata.org/entity/Q160206,Hernán Crespo,Club Atlético River Plate,Liga de Voleibol Argentina – Serie A1,1993-01-01T00:00:00Z,1996-01-01T00:00:00Z,62
http://www.wikidata.org/entity/Q160206,Hernán Crespo,Argentina men's national association football team,,1995-01-01T00:00:00Z,2007-01-01T00:00:00Z,64
http://www.wikidata.org/entity/Q160206,Hernán Crespo,Parma Calcio 1913,Serie A,1996-01-01T00:00:00Z,2000-01-01T00:00:00Z,116
http://www.wikidata.org/entity/Q160206,Hernán Crespo,Argentina national under-23 football team,,1996-01-01T00:00:00Z,1996-01-01T00:00:00Z,6
http://www.wikidata.org/entity/Q160206,Hernán Crespo,SS Lazio,Serie A,2000-01-01T00:00:00Z,2002-01-01T00:00:00Z,54
http://www.wikidata.org/entity/Q160206,Hernán Crespo,Inter Milan,Serie A,2002-01-01T00:00:00Z,2003-01-01T00:00:00Z,18
http://www.wikidata.org/entity/Q160206,Hernán Crespo,Chelsea F.C.,Premier League,2003-01-01T00:00:00Z,2008-01-01T00:00:00Z,49
http://www.wikidata.org/entity/Q160206,Hernán Crespo,AC Milan,Serie A,2004-01-01T00:00:00Z,2005-01-01T00:00:00Z,28
http://www.wikidata.org/entity/Q160206,Hernán Crespo,Inter Milan,Serie A,2006-01-01T00:00:00Z,2008-01-01T00:00:00Z,49
http://www.wikidata.org/entity/Q160206,Hernán Crespo,Inter Milan,Serie A,2008-01-01T00:00:00Z,2009-01-01T00:00:00Z,14
http://www.wikidata.org/entity/Q160206,Hernán Crespo,Genoa CFC,Serie A,2009-01-01T00:00:00Z,2010-01-01T00:00:00Z,16
http://www.wikidata.org/entity/Q160206,Hernán Crespo,Parma Calcio 1913,Serie A,2010-01-01T00:00:00Z,2012-01-01T00:00:00Z,46
http://www.wikidata.org/entity/Q160472,Marc-André ter Stegen,Borussia Mönchengladbach,Bundesliga,1996-01-01T00:00:00Z,2010-01-01T00:00:00Z,
http://www.wikidata.org/entity/Q160472,Marc-André ter Stegen,Germany national under-16 football team,,2007-01-01T00:00:00Z,2008-01-01T00:00:00Z,7
http://www.wikidata.org/entity/Q160472,Marc-André ter Stegen,Germany national under-17 association football team,,2008-01-01T00:00:00Z,2009-01-01T00:00:00Z,16
http://www.wikidata.org/entity/Q160472,Marc-André ter Stegen,Germany national under-18 football team,,2009-01-01T00:00:00Z,2010-01-01T00:00:00Z,8
http://www.wikidata.org/entity/Q160472,Marc-André ter Stegen,Borussia Mönchengladbach II,Regionalliga West,2009-01-01T00:00:00Z,2011-01-01T00:00:00Z,18
http://www.wikidata.org/entity/Q160472,Marc-André ter Stegen,Germany national under-19 football team,,2010-01-01T00:00:00Z,2011-01-01T00:00:00Z,5
http://www.wikidata.org/entity/Q160472,Marc-André ter Stegen,Borussia Mönchengladbach,Bundesliga,2011-01-01T00:00:00Z,2014-01-01T00:00:00Z,108
http://www.wikidata.org/entity/Q160472,Marc-André ter Stegen,Germany national under-21 football team,,2012-01-01T00:00:00Z,2015-01-01T00:00:00Z,13
http://www.wikidata.org/entity/Q160472,Marc-André ter Stegen,Germany men's national association football team,,2012-05-26T00:00:00Z,,44
http://www.wikidata.org/entity/Q160472,Marc-André ter Stegen,Futbol Club Barcelona,La Liga,2014-01-01T00:00:00Z,,291
http://www.wikidata.org/entity/Q160472,Marc-André ter Stegen,Girona FC,La Liga,2026-01-20T00:00:00Z,,0
http://www.wikidata.org/entity/Q160808,Clemens Fritz,FC Rot-Weiß Erfurt,3. Liga,1999-01-01T00:00:00Z,2001-01-01T00:00:00Z,57
http://www.wikidata.org/entity/Q160808,Clemens Fritz,Karlsruher SC,2. Bundesliga,2001-01-01T00:00:00Z,2003-01-01T00:00:00Z,61
http://www.wikidata.org/entity/Q160808,Clemens Fritz,Karlsruher SC,3. Liga,2001-01-01T00:00:00Z,2003-01-01T00:00:00Z,61
http://www.wikidata.org/entity/Q160808,Clemens Fritz,Germany national under-21 football team,,2001-01-01T00:00:00Z,2001-01-01T00:00:00Z,1
http://www.wikidata.org/entity/Q160808,Clemens Fritz,Germany national football B team,,2002-01-01T00:00:00Z,2002-01-01T00:00:00Z,1
http://www.wikidata.org/entity/Q160808,Clemens Fritz,Team 2006,,2002-01-01T00:00:00Z,2002-01-01T00:00:00Z,1
http://www.wikidata.org/entity/Q160808,Clemens Fritz,Bayer 04 Leverkusen,Bundesliga,2003-01-01T00:00:00Z,2006-01-01T00:00:00Z,43
http://www.wikidata.org/entity/Q160808,Clemens Fritz,Germany men's national association football team,,2006-01-01T00:00:00Z,2008-01-01T00:00:00Z,22
http://www.wikidata.org/entity/Q160808,Clemens Fritz,SV Werder Bremen,Bundesliga,2006-01-01T00:00:00Z,2017-05-01T00:00:00Z,288
http://www.wikidata.org/entity/Q1608309,Paolo Castellini,U.S. Cremonese,Serie A,1996-01-01T00:00:00Z,2000-01-01T00:00:00Z,64
http://www.wikidata.org/entity/Q1608309,Paolo Castellini,Italy national under-20 football team,,1998-01-01T00:00:00Z,2000-01-01T00:00:00Z,8
http://www.wikidata.org/entity/Q1608309,Paolo Castellini,Torino FC,Serie A,2000-01-01T00:00:00Z,2004-01-01T00:00:00Z,114
http://www.wikidata.org/entity/Q1608309,Paolo Castellini,Italy national under-21 football team,,2001-01-01T00:00:00Z,2002-01-01T00:00:00Z,9
http://www.wikidata.org/entity/Q1608309,Paolo Castellini,Brescia Calcio,Serie B,2004-01-01T00:00:00Z,2004-01-01T00:00:00Z,16
http://www.wikidata.org/entity/Q1608309,Paolo Castellini,Real Betis Balompié,La Liga,2004-01-01T00:00:00Z,2006-01-01T00:00:00Z,13
http://www.wikidata.org/entity/Q1608309,Paolo Castellini,Parma Calcio 1913,Serie A,2006-01-01T00:00:00Z,2012-01-01T00:00:00Z,136
http://www.wikidata.org/entity/Q1608309,Paolo Castellini,AS Roma,Serie A,2010-01-01T00:00:00Z,2011-01-01T00:00:00Z,8
http://www.wikidata.org/entity/Q1608309,Paolo Castellini,U.C. Sampdoria,Serie B,2011-01-01T00:00:00Z,2012-01-01T00:00:00Z,20
http://www.wikidata.org/entity/Q1608309,Paolo Castellini,U.C. Sampdoria,Serie B,2012-01-01T00:00:00Z,2014-01-01T00:00:00Z,8
http://www.wikidata.org/entity/Q1608309,Paolo Castellini,US Livorno 1915,Eccellenza Tuscany,2014-01-01T00:00:00Z,2014-01-01T00:00:00Z,15
http://www.wikidata.org/entity/Q1608309,Paolo Castellini,U.S. Cremonese,Serie A,2014-01-01T00:00:00Z,2015-01-01T00:00:00Z,23
http://www.wikidata.org/entity/Q1608309,Paolo Castellini,Brescia Calcio,Serie B,2015-01-01T00:00:00Z,2016-01-01T00:00:00Z,20
http://www.wikidata.org/entity/Q161054,Ivan Perišić,Croatia national under-17 football team,,2005-01-01T00:00:00Z,2005-01-01T00:00:00Z,7
http://www.wikidata.org/entity/Q161054,Ivan Perišić,FC Sochaux-Montbéliard,Championnat National,2007-01-01T00:00:00Z,2009-01-01T00:00:00Z,36
http://www.wikidata.org/entity/Q161054,Ivan Perišić,Croatia national under-19 football team,,2007-01-01T00:00:00Z,2007-01-01T00:00:00Z,2
http://www.wikidata.org/entity/Q161054,Ivan Perišić,K.S.V. Roeselare,Challenger Pro League,2009-01-01T00:00:00Z,2009-06-01T00:00:00Z,17
http://www.wikidata.org/entity/Q161054,Ivan Perišić,Croatia national under-21 football team,,2009-01-01T00:00:00Z,2010-01-01T00:00:00Z,8
http://www.wikidata.org/entity/Q161054,Ivan Perišić,Club Brugge K.V.,Belgian Pro League,2009-08-01T00:00:00Z,2011-01-01T00:00:00Z,70
http://www.wikidata.org/entity/Q161054,Ivan Perišić,Borussia Dortmund,Bundesliga,2011-01-01T00:00:00Z,2013-01-01T00:00:00Z,42
http://www.wikidata.org/entity/Q161054,Ivan Perišić,Croatia men's national football team,,2011-01-01T00:00:00Z,,150
http://www.wikidata.org/entity/Q161054,Ivan Perišić,VfL Wolfsburg,Bundesliga,2013-01-01T00:00:00Z,2015-01-01T00:00:00Z,70
http://www.wikidata.org/entity/Q161054,Ivan Perišić,Inter Milan,Serie A,2015-01-01T00:00:00Z,2022-06-01T00:00:00Z,208
http://www.wikidata.org/entity/Q161054,Ivan Perišić,FC Bayern Munich,Bundesliga,2019-08-01T00:00:00Z,2020-08-01T00:00:00Z,22
http://www.wikidata.org/entity/Q161054,Ivan Perišić,Tottenham Hotspur F.C.,Premier League,2022-06-01T00:00:00Z,2024-07-01T00:00:00Z,39
http://www.wikidata.org/entity/Q161054,Ivan Perišić,HNK Hajduk Split,Croatian Football League,2024-01-19T00:00:00Z,2024-06-30T00:00:00Z,7
http://www.wikidata.org/entity/Q161054,Ivan Perišić,HNK Hajduk Split,Croatian Football League,2024-07-01T00:00:00Z,2024-09-01T00:00:00Z,1
http://www.wikidata.org/entity/Q161054,Ivan Perišić,PSV Eindhoven,Eredivisie,2024-09-01T00:00:00Z,,38
http://www.wikidata.org/entity/Q161069,David Silva,Valencia CF Mestalla,Segunda División B,2003-01-01T00:00:00Z,2004-01-01T00:00:00Z,14
http://www.wikidata.org/entity/Q161069,David Silva,Valencia CF,La Liga,2004-01-01T00:00:00Z,2010-01-01T00:00:00Z,119
http://www.wikidata.org/entity/Q161069,David Silva,SD Eibar,LaLiga 2,2004-01-01T00:00:00Z,2005-01-01T00:00:00Z,35
http://www.wikidata.org/entity/Q161069,David Silva,RC Celta de Vigo,La Liga,2005-01-01T00:00:00Z,2006-01-01T00:00:00Z,34
http://www.wikidata.org/entity/Q161069,David Silva,Spain men's national football team,,2006-01-01T00:00:00Z,2018-01-01T00:00:00Z,125
http://www.wikidata.org/entity/Q161069,David Silva,Manchester City F.C.,Premier League,2010-01-01T00:00:00Z,2020-01-01T00:00:00Z,309
http://www.wikidata.org/entity/Q161069,David Silva,Real Sociedad,La Liga,2020-01-01T00:00:00Z,2023-07-01T00:00:00Z,74
http://www.wikidata.org/entity/Q161089,İlkay Gündoğan,Germany national under-19 football team,,2008-01-01T00:00:00Z,2009-01-01T00:00:00Z,6
http://www.wikidata.org/entity/Q161089,İlkay Gündoğan,Germany national under-18 football team,,2008-01-01T00:00:00Z,2008-01-01T00:00:00Z,7
http://www.wikidata.org/entity/Q161089,İlkay Gündoğan,VfL Bochum II,Regionalliga,2008-01-01T00:00:00Z,2009-01-01T00:00:00Z,2
http://www.wikidata.org/entity/Q161089,İlkay Gündoğan,1. FC Nürnberg,2. Bundesliga,2009-01-01T00:00:00Z,2011-01-01T00:00:00Z,48
http://www.wikidata.org/entity/Q161089,İlkay Gündoğan,Germany national under-20 football team,,2009-01-01T00:00:00Z,2010-01-01T00:00:00Z,2
http://www.wikidata.org/entity/Q161089,İlkay Gündoğan,Germany national under-21 football team,,2010-01-01T00:00:00Z,2012-01-01T00:00:00Z,8
http://www.wikidata.org/entity/Q161089,İlkay Gündoğan,Borussia Dortmund,Bundesliga,2011-01-01T00:00:00Z,2016-01-01T00:00:00Z,105
http://www.wikidata.org/entity/Q161089,İlkay Gündoğan,Germany men's national association football team,,2011-01-01T00:00:00Z,2024-01-01T00:00:00Z,82
http://www.wikidata.org/entity/Q161089,İlkay Gündoğan,Borussia Dortmund II,Regionalliga West,2012-01-01T00:00:00Z,2012-01-01T00:00:00Z,1
http://www.wikidata.org/entity/Q161089,İlkay Gündoğan,Manchester City F.C.,Premier League,2016-01-01T00:00:00Z,2023-06-01T00:00:00Z,188
http://www.wikidata.org/entity/Q161089,İlkay Gündoğan,Futbol Club Barcelona,La Liga,2023-07-01T00:00:00Z,2024-08-01T00:00:00Z,36
http://www.wikidata.org/entity/Q161089,İlkay Gündoğan,Manchester City F.C.,Premier League,2024-08-01T00:00:00Z,2025-09-02T00:00:00Z,33
http://www.wikidata.org/entity/Q161089,İlkay Gündoğan,Galatasaray S.K.,Süper Lig,2025-09-02T00:00:00Z,,6
http://www.wikidata.org/entity/Q161571,Javier Mascherano,Argentina national under-17 football team,,2000-01-01T00:00:00Z,2001-01-01T00:00:00Z,6
http://www.wikidata.org/entity/Q161571,Javier Mascherano,Club Atlético River Plate,Argentine Primera División,2003-01-01T00:00:00Z,2005-01-01T00:00:00Z,46
http://www.wikidata.org/entity/Q161571,Javier Mascherano,Club Atlético River Plate,Liga de Voleibol Argentina – Serie A1,2003-01-01T00:00:00Z,2005-01-01T00:00:00Z,46
http://www.wikidata.org/entity/Q161571,Javier Mascherano,Argentina national under-20 football team,,2003-01-01T00:00:00Z,2004-01-01T00:00:00Z,22
http://www.wikidata.org/entity/Q161571,Javier Mascherano,Argentina men's national association football team,,2003-07-16T00:00:00Z,2016-01-01T00:00:00Z,141
http://www.wikidata.org/entity/Q161571,Javier Mascherano,Argentina national under-23 football team,,2004-01-01T00:00:00Z,2008-01-01T00:00:00Z,18
http://www.wikidata.org/entity/Q161571,Javier Mascherano,S.C. Corinthians Paulista,Campeonato Brasileiro Série A,2005-01-01T00:00:00Z,2006-01-01T00:00:00Z,25
http://www.wikidata.org/entity/Q161571,Javier Mascherano,S.C. Corinthians Paulista,Campeonato Paulista de Futebol,2005-01-01T00:00:00Z,2006-01-01T00:00:00Z,25
http://www.wikidata.org/entity/Q161571,Javier Mascherano,West Ham United F.C.,Premier League,2006-01-01T00:00:00Z,2007-01-01T00:00:00Z,5
http://www.wikidata.org/entity/Q161571,Javier Mascherano,Liverpool F.C.,Premier League,2007-01-01T00:00:00Z,2010-01-01T00:00:00Z,94
http://www.wikidata.org/entity/Q161571,Javier Mascherano,Futbol Club Barcelona,La Liga,2010-01-01T00:00:00Z,2018-01-01T00:00:00Z,203
http://www.wikidata.org/entity/Q161571,Javier Mascherano,Hebei F.C.,Chinese Super League,2018-01-01T00:00:00Z,2019-01-01T00:00:00Z,53
http://www.wikidata.org/entity/Q161571,Javier Mascherano,Estudiantes de La Plata,Argentine Primera División,2019-01-01T00:00:00Z,2020-01-01T00:00:00Z,10
http://www.wikidata.org/entity/Q16300824,Jefferson Lerma,Atlético Huila,Categoría Primera A,2013-01-01T00:00:00Z,2016-01-01T00:00:00Z,84
http://www.wikidata.org/entity/Q16300824,Jefferson Lerma,Levante UD,La Liga,2015-01-01T00:00:00Z,2016-01-01T00:00:00Z,33
http://www.wikidata.org/entity/Q16300824,Jefferson Lerma,Levante UD,La Liga,2016-01-01T00:00:00Z,2018-01-01T00:00:00Z,56
http://www.wikidata.org/entity/Q16300824,Jefferson Lerma,Colombia men's national football team,,2017-01-01T00:00:00Z,,62
http://www.wikidata.org/entity/Q16300824,Jefferson Lerma,AFC Bournemouth,Premier League,2018-01-01T00:00:00Z,2023-01-01T00:00:00Z,176
http://www.wikidata.org/entity/Q16300824,Jefferson Lerma,Crystal Palace F.C.,Premier League,2023-01-01T00:00:00Z,,72
http://www.wikidata.org/entity/Q163666,Pepe Reina,Spain national under-16 association football team,,1998-01-01T00:00:00Z,1999-01-01T00:00:00Z,9
http://www.wikidata.org/entity/Q163666,Pepe Reina,FC Barcelona Atlètic,Primera Federación,1999-01-01T00:00:00Z,2000-01-01T00:00:00Z,41
http://www.wikidata.org/entity/Q163666,Pepe Reina,Spain national under-17 association football team,,1999-01-01T00:00:00Z,1999-01-01T00:00:00Z,2
http://www.wikidata.org/entity/Q163666,Pepe Reina,FC Barcelona C,Tercera División,1999-01-01T00:00:00Z,1999-01-01T00:00:00Z,3
http://www.wikidata.org/entity/Q163666,Pepe Reina,Futbol Club Barcelona,La Liga,2000-01-01T00:00:00Z,2002-01-01T00:00:00Z,30
http://www.wikidata.org/entity/Q163666,Pepe Reina,Catalonia national football team,,2000-01-01T00:00:00Z,2000-01-01T00:00:00Z,1
http://www.wikidata.org/entity/Q163666,Pepe Reina,Spain national under-21 association football team,,2000-01-01T00:00:00Z,2003-01-01T00:00:00Z,20
http://www.wikidata.org/entity/Q163666,Pepe Reina,Spain national under-18 football team,,2000-01-01T00:00:00Z,2000-01-01T00:00:00Z,1
http://www.wikidata.org/entity/Q163666,Pepe Reina,Villarreal CF,La Liga,2002-01-01T00:00:00Z,2005-01-01T00:00:00Z,109
http://www.wikidata.org/entity/Q163666,Pepe Reina,Spain men's national football team,,2005-01-01T00:00:00Z,2014-01-01T00:00:00Z,36
http://www.wikidata.org/entity/Q163666,Pepe Reina,Liverpool F.C.,Premier League,2005-01-01T00:00:00Z,2014-01-01T00:00:00Z,285
http://www.wikidata.org/entity/Q163666,Pepe Reina,SSC Napoli,Serie A,2013-01-01T00:00:00Z,2014-01-01T00:00:00Z,30
http://www.wikidata.org/entity/Q163666,Pepe Reina,FC Bayern Munich,Bundesliga,2014-01-01T00:00:00Z,2015-01-01T00:00:00Z,3
http://www.wikidata.org/entity/Q163666,Pepe Reina,SSC Napoli,Serie A,2015-01-01T00:00:00Z,2018-01-01T00:00:00Z,111
http://www.wikidata.org/entity/Q163666,Pepe Reina,AC Milan,Serie A,2018-01-01T00:00:00Z,2020-01-01T00:00:00Z,5
http://www.wikidata.org/entity/Q163666,Pepe Reina,Aston Villa F.C.,Premier League,2020-01-13T00:00:00Z,2020-06-30T00:00:00Z,12
http://www.wikidata.org/entity/Q163666,Pepe Reina,SS Lazio,Serie A,2020-08-27T00:00:00Z,2022-01-01T00:00:00Z,44
http://www.wikidata.org/entity/Q163666,Pepe Reina,Villarreal CF,La Liga,2022-01-01T00:00:00Z,2024-01-01T00:00:00Z,24
http://www.wikidata.org/entity/Q163666,Pepe Reina,Como 1907,Serie A,2024-07-01T00:00:00Z,2025-01-01T00:00:00Z,12
http://www.wikidata.org/entity/Q164676,Makoto Hasebe,Urawa Red Diamonds,J1 League,2002-01-01T00:00:00Z,2007-01-01T00:00:00Z,149
http://www.wikidata.org/entity/Q164676,Makoto Hasebe,Japan men's national football team,,2006-01-01T00:00:00Z,,
http://www.wikidata.org/entity/Q164676,Makoto Hasebe,Japan national under-23 football team,,2006-01-01T00:00:00Z,2006-01-01T00:00:00Z,6
http://www.wikidata.org/entity/Q164676,Makoto Hasebe,VfL Wolfsburg,Bundesliga,2008-01-01T00:00:00Z,2013-01-01T00:00:00Z,135
http://www.wikidata.org/entity/Q164676,Makoto Hasebe,1. FC Nürnberg,2. Bundesliga,2013-01-01T00:00:00Z,2014-01-01T00:00:00Z,14
http://www.wikidata.org/entity/Q164676,Makoto Hasebe,Eintracht Frankfurt,Bundesliga,2014-01-01T00:00:00Z,,209
http://www.wikidata.org/entity/Q16595441,Remo Freuler,FC Winterthur,Swiss Super League,2009-01-01T00:00:00Z,2010-01-01T00:00:00Z,2
http://www.wikidata.org/entity/Q16595441,Remo Freuler,Grasshopper Club Zürich,Swiss Super League,2010-01-01T00:00:00Z,2011-01-01T00:00:00Z,12
http://www.wikidata.org/entity/Q16595441,Remo Freuler,Switzerland national under-19 association football team,,2010-01-01T00:00:00Z,2011-01-01T00:00:00Z,4
http://www.wikidata.org/entity/Q16595441,Remo Freuler,FC Winterthur,Swiss Super League,2011-01-01T00:00:00Z,2014-01-01T00:00:00Z,70
http://www.wikidata.org/entity/Q16595441,Remo Freuler,Switzerland national under-20 association football team,,2011-01-01T00:00:00Z,2012-01-01T00:00:00Z,7
http://www.wikidata.org/entity/Q16595441,Remo Freuler,Switzerland national under-21 football team,,2013-01-01T00:00:00Z,2014-01-01T00:00:00Z,8
http://www.wikidata.org/entity/Q16595441,Remo Freuler,FC Luzern,Swiss Super League,2014-01-01T00:00:00Z,2016-01-01T00:00:00Z,63
http://www.wikidata.org/entity/Q16595441,Remo Freuler,Atalanta BC,Serie A,2016-01-01T00:00:00Z,2022-01-01T00:00:00Z,203
http://www.wikidata.org/entity/Q16595441,Remo Freuler,Switzerland men's national football team,,2017-01-01T00:00:00Z,,84
http://www.wikidata.org/entity/Q16595441,Remo Freuler,Nottingham Forest F.C.,Premier League,2022-01-01T00:00:00Z,2024-01-01T00:00:00Z,28
http://www.wikidata.org/entity/Q16595441,Remo Freuler,Bologna F.C. 1909,Serie A,2023-01-01T00:00:00Z,2024-01-01T00:00:00Z,32
http://www.wikidata.org/entity/Q16595441,Remo Freuler,Bologna F.C. 1909,Serie A,2024-01-01T00:00:00Z,,46
http://www.wikidata.org/entity/Q167241,Christian Wörns,SV Waldhof Mannheim,3. Liga,1989-01-01T00:00:00Z,1991-01-01T00:00:00Z,52
http://www.wikidata.org/entity/Q167241,Christian Wörns,Germany national under-21 football team,,1990-01-01T00:00:00Z,1993-01-01T00:00:00Z,16
http://www.wikidata.org/entity/Q167241,Christian Wörns,Germany Olympic football team,,1990-01-01T00:00:00Z,1992-01-01T00:00:00Z,5
http://www.wikidata.org/entity/Q167241,Christian Wörns,Bayer 04 Leverkusen,Bundesliga,1991-01-01T00:00:00Z,1998-01-01T00:00:00Z,211
http://www.wikidata.org/entity/Q167241,Christian Wörns,Germany men's national association football team,,1992-01-01T00:00:00Z,2005-01-01T00:00:00Z,66
http://www.wikidata.org/entity/Q167241,Christian Wörns,Paris Saint-Germain FC,Ligue 1,1998-01-01T00:00:00Z,1999-01-01T00:00:00Z,28
http://www.wikidata.org/entity/Q167241,Christian Wörns,Borussia Dortmund,Bundesliga,1999-01-01T00:00:00Z,2008-01-01T00:00:00Z,240
http://www.wikidata.org/entity/Q167281,Antonio Di Natale,Empoli FC,Serie B,1996-01-01T00:00:00Z,2004-01-01T00:00:00Z,158
http://www.wikidata.org/entity/Q167281,Antonio Di Natale,A.S.D. Boca Pietri,,1997-01-01T00:00:00Z,1998-01-01T00:00:00Z,33
http://www.wikidata.org/entity/Q167281,Antonio Di Natale,Varese Calcio,,1998-01-01T00:00:00Z,1998-01-01T00:00:00Z,5
http://www.wikidata.org/entity/Q167281,Antonio Di Natale,Viareggio Calcio,Serie C1,1998-01-01T00:00:00Z,1999-01-01T00:00:00Z,25
http://www.wikidata.org/entity/Q167281,Antonio Di Natale,Italy men's national association football team,,2002-01-01T00:00:00Z,2012-01-01T00:00:00Z,42
http://www.wikidata.org/entity/Q167281,Antonio Di Natale,Udinese Calcio,Serie A,2004-01-01T00:00:00Z,2016-01-01T00:00:00Z,385
http://www.wikidata.org/entity/Q1681210,James Tomkins,England national under-17 association football team,,2004-01-01T00:00:00Z,2006-01-01T00:00:00Z,13
http://www.wikidata.org/entity/Q1681210,James Tomkins,England national under-16 association football team,,2004-01-01T00:00:00Z,2005-01-01T00:00:00Z,4
http://www.wikidata.org/entity/Q1681210,James Tomkins,England national under-18 association football team,,2006-01-01T00:00:00Z,2006-01-01T00:00:00Z,1
http://www.wikidata.org/entity/Q1681210,James Tomkins,England national under-19 association football team,,2007-01-01T00:00:00Z,2008-01-01T00:00:00Z,8
http://www.wikidata.org/entity/Q1681210,James Tomkins,West Ham United F.C.,Premier League,2008-01-01T00:00:00Z,2016-01-01T00:00:00Z,208
http://www.wikidata.org/entity/Q1681210,James Tomkins,Derby County F.C.,EFL Championship,2008-01-01T00:00:00Z,2008-01-01T00:00:00Z,7
http://www.wikidata.org/entity/Q1681210,James Tomkins,England national under-21 association football team,,2009-01-01T00:00:00Z,2011-01-01T00:00:00Z,10
http://www.wikidata.org/entity/Q1681210,James Tomkins,England national under-20 association football team,,2009-01-01T00:00:00Z,2009-01-01T00:00:00Z,1
http://www.wikidata.org/entity/Q1681210,James Tomkins,Great Britain olympic football team,,2012-01-01T00:00:00Z,2012-01-01T00:00:00Z,2
http://www.wikidata.org/entity/Q1681210,James Tomkins,Crystal Palace F.C.,Premier League,2016-01-01T00:00:00Z,2024-01-01T00:00:00Z,125
http://www.wikidata.org/entity/Q168287,Christian Panucci,Genoa CFC,Serie A,1991-01-01T00:00:00Z,1993-01-01T00:00:00Z,31
http://www.wikidata.org/entity/Q168287,Christian Panucci,Italy national under-21 football team,,1992-01-01T00:00:00Z,1996-01-01T00:00:00Z,19
http://www.wikidata.org/entity/Q168287,Christian Panucci,AC Milan,Serie A,1993-01-01T00:00:00Z,1997-01-01T00:00:00Z,89
http://www.wikidata.org/entity/Q168287,Christian Panucci,Italy national under-23 football team,,1993-01-01T00:00:00Z,1993-01-01T00:00:00Z,3
http://www.wikidata.org/entity/Q168287,Christian Panucci,Italy men's national association football team,,1994-01-01T00:00:00Z,2008-01-01T00:00:00Z,57
http://www.wikidata.org/entity/Q168287,Christian Panucci,Real Madrid Club de Fútbol,La Liga,1997-01-01T00:00:00Z,1999-01-01T00:00:00Z,73
http://www.wikidata.org/entity/Q168287,Christian Panucci,Inter Milan,Serie A,1999-01-01T00:00:00Z,2001-01-01T00:00:00Z,26
http://www.wikidata.org/entity/Q168287,Christian Panucci,Chelsea F.C.,Premier League,2000-01-01T00:00:00Z,2001-01-01T00:00:00Z,8
http://www.wikidata.org/entity/Q168287,Christian Panucci,AS Roma,Serie A,2001-01-01T00:00:00Z,2009-01-01T00:00:00Z,229
http://www.wikidata.org/entity/Q168287,Christian Panucci,AS Monaco FC,Ligue 1,2001-01-01T00:00:00Z,2001-01-01T00:00:00Z,14
http://www.wikidata.org/entity/Q168287,Christian Panucci,Parma Calcio 1913,Serie A,2009-01-01T00:00:00Z,2010-01-01T00:00:00Z,19
http://www.wikidata.org/entity/Q168497,Daniele De Rossi,AS Roma,Serie A,2001-01-01T00:00:00Z,2019-01-01T00:00:00Z,459
http://www.wikidata.org/entity/Q168497,Daniele De Rossi,Italy national under-19 football team,,2001-01-01T00:00:00Z,2001-01-01T00:00:00Z,3
http://www.wikidata.org/entity/Q168497,Daniele De Rossi,Italy national under-20 football team,,2002-01-01T00:00:00Z,2002-01-01T00:00:00Z,4
http://www.wikidata.org/entity/Q168497,Daniele De Rossi,Italy national under-21 football team,,2003-01-01T00:00:00Z,2004-01-01T00:00:00Z,16
http://www.wikidata.org/entity/Q168497,Daniele De Rossi,Italy men's national association football team,,2004-01-01T00:00:00Z,2017-01-01T00:00:00Z,117
http://www.wikidata.org/entity/Q168497,Daniele De Rossi,Boca Juniors,Argentine Primera División,2019-07-01T00:00:00Z,2020-01-01T00:00:00Z,5
http://www.wikidata.org/entity/Q168497,Daniele De Rossi,Boca Juniors,Liga Nacional de Básquet,2019-07-01T00:00:00Z,2020-01-01T00:00:00Z,5
http://www.wikidata.org/entity/Q168497,Daniele De Rossi,Boca Juniors,Liga de Voleibol Argentina – Serie A1,2019-07-01T00:00:00Z,2020-01-01T00:00:00Z,5
http://www.wikidata.org/entity/Q168740,Juan Mata,Spain national under-17 association football team,,2004-01-01T00:00:00Z,2004-01-01T00:00:00Z,2
http://www.wikidata.org/entity/Q168740,Juan Mata,Spain national under-16 association football team,,2005-01-01T00:00:00Z,2006-01-01T00:00:00Z,3
http://www.wikidata.org/entity/Q168740,Juan Mata,Real Madrid Castilla,Primera Federación,2006-01-01T00:00:00Z,2007-01-01T00:00:00Z,39
http://www.wikidata.org/entity/Q168740,Juan Mata,Spain national under-19 football team,,2006-01-01T00:00:00Z,2007-01-01T00:00:00Z,13
http://www.wikidata.org/entity/Q168740,Juan Mata,Valencia CF,La Liga,2007-01-01T00:00:00Z,2011-01-01T00:00:00Z,129
http://www.wikidata.org/entity/Q168740,Juan Mata,Spain national under-21 association football team,,2007-01-01T00:00:00Z,2011-01-01T00:00:00Z,20
http://www.wikidata.org/entity/Q168740,Juan Mata,Spain national under-20 football team,,2007-01-01T00:00:00Z,2007-01-01T00:00:00Z,5
http://www.wikidata.org/entity/Q168740,Juan Mata,Spain men's national football team,,2009-01-01T00:00:00Z,2016-01-01T00:00:00Z,41
http://www.wikidata.org/entity/Q168740,Juan Mata,Chelsea F.C.,Premier League,2011-01-01T00:00:00Z,2014-01-01T00:00:00Z,82
http://www.wikidata.org/entity/Q168740,Juan Mata,Spain national under-23 football team,,2012-01-01T00:00:00Z,2012-01-01T00:00:00Z,4
http://www.wikidata.org/entity/Q168740,Juan Mata,Manchester United F.C.,Premier League,2014-01-01T00:00:00Z,2022-06-01T00:00:00Z,196
http://www.wikidata.org/entity/Q168740,Juan Mata,Galatasaray S.K.,Süper Lig,2022-09-01T00:00:00Z,2023-07-01T00:00:00Z,16
http://www.wikidata.org/entity/Q168740,Juan Mata,Vissel Kobe,J1 League,2023-09-01T00:00:00Z,2024-01-06T00:00:00Z,1
http://www.wikidata.org/entity/Q168740,Juan Mata,Western Sydney Wanderers FC,A-League Men,2024-09-01T00:00:00Z,2025-01-01T00:00:00Z,23
http://www.wikidata.org/entity/Q168740,Juan Mata,Melbourne Victory FC,A-League Men,2025-09-01T00:00:00Z,,0
http://www.wikidata.org/entity/Q16911979,Ollie Watkins,Exeter City F.C.,EFL League One,2014-01-01T00:00:00Z,2017-01-01T00:00:00Z,68
http://www.wikidata.org/entity/Q16911979,Ollie Watkins,Weston-super-Mare A.F.C.,National League South,2014-01-01T00:00:00Z,2015-01-01T00:00:00Z,24
http://www.wikidata.org/entity/Q16911979,Ollie Watkins,Brentford F.C.,Premier League,2017-01-01T00:00:00Z,2020-01-01T00:00:00Z,132
http://www.wikidata.org/entity/Q16911979,Ollie Watkins,Aston Villa F.C.,Premier League,2020-01-01T00:00:00Z,http://www.wikidata.org/.well-known/genid/5cc912b00f2dfc18f37f51b66fa596fb,197
http://www.wikidata.org/entity/Q16911979,Ollie Watkins,England men's national association football team,,2021-01-01T00:00:00Z,http://www.wikidata.org/.well-known/genid/94252856959c9f32a6bcaca35c1a16ea,20
http://www.wikidata.org/entity/Q170235,Dimitar Berbatov,PFC CSKA Sofia,First Professional Football League,1998-01-01T00:00:00Z,2001-01-01T00:00:00Z,49
http://www.wikidata.org/entity/Q170235,Dimitar Berbatov,PFC Pirin Blagoevgrad,First Professional Football League,1998-01-01T00:00:00Z,1998-01-01T00:00:00Z,9
http://www.wikidata.org/entity/Q170235,Dimitar Berbatov,Bulgaria men's national football team,,1999-01-01T00:00:00Z,2010-01-01T00:00:00Z,78
http://www.wikidata.org/entity/Q170235,Dimitar Berbatov,Bulgaria national under-21 football team,,1999-01-01T00:00:00Z,2000-01-01T00:00:00Z,3
http://www.wikidata.org/entity/Q170235,Dimitar Berbatov,Bayer 04 Leverkusen,Bundesliga,2001-01-01T00:00:00Z,2001-01-01T00:00:00Z,7
http://www.wikidata.org/entity/Q170235,Dimitar Berbatov,Bayer 04 Leverkusen,Bundesliga,2001-01-01T00:00:00Z,2006-01-01T00:00:00Z,154
http://www.wikidata.org/entity/Q170235,Dimitar Berbatov,Tottenham Hotspur F.C.,Premier League,2006-01-01T00:00:00Z,2008-01-01T00:00:00Z,70
http://www.wikidata.org/entity/Q170235,Dimitar Berbatov,Manchester United F.C.,Premier League,2008-01-01T00:00:00Z,2012-01-01T00:00:00Z,108
http://www.wikidata.org/entity/Q170235,Dimitar Berbatov,Fulham F.C.,Premier League,2012-01-01T00:00:00Z,2014-01-01T00:00:00Z,51
http://www.wikidata.org/entity/Q170235,Dimitar Berbatov,AS Monaco FC,Ligue 1,2014-01-01T00:00:00Z,2015-01-01T00:00:00Z,38
http://www.wikidata.org/entity/Q170235,Dimitar Berbatov,PAOK FC,Super League Greece,2015-01-01T00:00:00Z,2016-01-01T00:00:00Z,17
http://www.wikidata.org/entity/Q170235,Dimitar Berbatov,Kerala Blasters FC,Indian Super League,2017-08-01T00:00:00Z,2018-03-01T00:00:00Z,9
http://www.wikidata.org/entity/Q1708466,Josetxo,Osasuna B,Primera Federación,1995-01-01T00:00:00Z,2001-01-01T00:00:00Z,88
http://www.wikidata.org/entity/Q1708466,Josetxo,Club Atlético Osasuna,La Liga,1996-01-01T00:00:00Z,2011-01-01T00:00:00Z,315
http://www.wikidata.org/entity/Q1708466,Josetxo,Spain national under-20 football team,,1997-01-01T00:00:00Z,1997-01-01T00:00:00Z,1
http://www.wikidata.org/entity/Q1708466,Josetxo,SD Eibar,LaLiga 2,1999-01-01T00:00:00Z,2000-01-01T00:00:00Z,8
http://www.wikidata.org/entity/Q1708466,Josetxo,Sociedad Deportiva Huesca,LaLiga 2,2011-01-01T00:00:00Z,2012-01-01T00:00:00Z,24
http://www.wikidata.org/entity/Q171295,Pavel Nedvěd,Dukla Prague,Czech First League,1989-01-01T00:00:00Z,1992-01-01T00:00:00Z,19
http://www.wikidata.org/entity/Q171295,Pavel Nedvěd,Dukla Prague,Czech First League,1991-01-01T00:00:00Z,1992-01-01T00:00:00Z,19
http://www.wikidata.org/entity/Q171295,Pavel Nedvěd,AC Sparta Prague,Czech First League,1992-01-01T00:00:00Z,1995-01-01T00:00:00Z,97
http://www.wikidata.org/entity/Q171295,Pavel Nedvěd,Czechoslovakia national under-21 football team,,1992-01-01T00:00:00Z,1993-01-01T00:00:00Z,7
http://www.wikidata.org/entity/Q171295,Pavel Nedvěd,Czechia men's national football team,,1994-01-01T00:00:00Z,2006-01-01T00:00:00Z,91
http://www.wikidata.org/entity/Q171295,Pavel Nedvěd,SS Lazio,Serie A,1995-01-01T00:00:00Z,1999-01-01T00:00:00Z,138
http://www.wikidata.org/entity/Q171295,Pavel Nedvěd,Juventus FC,Serie A,1999-01-01T00:00:00Z,2009-01-01T00:00:00Z,247
http://www.wikidata.org/entity/Q171534,Ștefan Radu,Romania national under-17 football team,,2002-01-01T00:00:00Z,2002-01-01T00:00:00Z,1
http://www.wikidata.org/entity/Q171534,Ștefan Radu,FC Dinamo Bucharest,Liga I,2004-01-01T00:00:00Z,2005-01-01T00:00:00Z,61
http://www.wikidata.org/entity/Q171534,Ștefan Radu,Romania men's national association football team,,2006-01-01T00:00:00Z,2013-01-01T00:00:00Z,13
http://www.wikidata.org/entity/Q171534,Ștefan Radu,Romania national under-21 football team,,2006-01-01T00:00:00Z,2008-01-01T00:00:00Z,13
http://www.wikidata.org/entity/Q171534,Ștefan Radu,SS Lazio,Serie A,2008-01-01T00:00:00Z,2023-01-01T00:00:00Z,338
http://www.wikidata.org/entity/Q172211,Jamie Carragher,England national under-21 association football team,,1996-01-01T00:00:00Z,2000-01-01T00:00:00Z,27
http://www.wikidata.org/entity/Q172211,Jamie Carragher,England national under-20 association football team,,1996-01-01T00:00:00Z,1997-01-01T00:00:00Z,4
http://www.wikidata.org/entity/Q172211,Jamie Carragher,Liverpool F.C.,Premier League,1996-01-01T00:00:00Z,2013-01-01T00:00:00Z,508
http://www.wikidata.org/entity/Q172211,Jamie Carragher,England men's national association football team,,1999-01-01T00:00:00Z,2010-01-01T00:00:00Z,38
http://www.wikidata.org/entity/Q172720,Daniel Alves,Esporte Clube Bahia,Campeonato Brasileiro Série A,2001-01-01T00:00:00Z,2002-01-01T00:00:00Z,25
http://www.wikidata.org/entity/Q172720,Daniel Alves,Sevilla FC,La Liga,2002-01-01T00:00:00Z,2008-01-01T00:00:00Z,175
http://www.wikidata.org/entity/Q172720,Daniel Alves,Brazil national under-20 football team,,2003-01-01T00:00:00Z,2003-01-01T00:00:00Z,7
http://www.wikidata.org/entity/Q172720,Daniel Alves,Brazil men's national football team,,2006-01-01T00:00:00Z,2019-01-01T00:00:00Z,118
http://www.wikidata.org/entity/Q172720,Daniel Alves,Futbol Club Barcelona,La Liga,2008-01-01T00:00:00Z,2016-01-01T00:00:00Z,247
http://www.wikidata.org/entity/Q172720,Daniel Alves,Juventus FC,Serie A,2016-01-01T00:00:00Z,2017-06-01T00:00:00Z,33
http://www.wikidata.org/entity/Q172720,Daniel Alves,Paris Saint-Germain FC,Ligue 1,2017-07-01T00:00:00Z,2019-06-01T00:00:00Z,48
http://www.wikidata.org/entity/Q172720,Daniel Alves,São Paulo FC,Campeonato Brasileiro Série A,2019-08-01T00:00:00Z,2021-09-01T00:00:00Z,76
http://www.wikidata.org/entity/Q172720,Daniel Alves,Futbol Club Barcelona,La Liga,2022-01-01T00:00:00Z,2022-06-01T00:00:00Z,14
http://www.wikidata.org/entity/Q172720,Daniel Alves,Pumas UNAM,Liga MX,2022-07-01T00:00:00Z,2023-01-01T00:00:00Z,13
http://www.wikidata.org/entity/Q175303,Aaron Lennon,Leeds United F.C.,Premier League,2003-01-01T00:00:00Z,2005-01-01T00:00:00Z,38
http://www.wikidata.org/entity/Q175303,Aaron Lennon,England national under-17 association football team,,2003-01-01T00:00:00Z,2003-01-01T00:00:00Z,1
http://www.wikidata.org/entity/Q175303,Aaron Lennon,England national under-19 association football team,,2004-01-01T00:00:00Z,2006-01-01T00:00:00Z,15
http://www.wikidata.org/entity/Q175303,Aaron Lennon,Tottenham Hotspur F.C.,Premier League,2005-01-01T00:00:00Z,2015-01-01T00:00:00Z,266
http://www.wikidata.org/entity/Q175303,Aaron Lennon,England national under-21 association football team,,2005-01-01T00:00:00Z,2008-01-01T00:00:00Z,5
http://www.wikidata.org/entity/Q175303,Aaron Lennon,England men's national association football team,,2006-01-01T00:00:00Z,2013-01-01T00:00:00Z,21
http://www.wikidata.org/entity/Q175303,Aaron Lennon,England national association football B team,,2006-01-01T00:00:00Z,2007-01-01T00:00:00Z,2
http://www.wikidata.org/entity/Q175303,Aaron Lennon,Everton F.C.,Premier League,2015-02-01T00:00:00Z,2015-05-01T00:00:00Z,14
http://www.wikidata.org/entity/Q175303,Aaron Lennon,Everton F.C.,Premier League,2015-09-01T00:00:00Z,2018-01-01T00:00:00Z,51
http://www.wikidata.org/entity/Q175303,Aaron Lennon,Burnley F.C.,Premier League,2018-01-01T00:00:00Z,2020-01-01T00:00:00Z,46
http://www.wikidata.org/entity/Q175303,Aaron Lennon,Kayserispor,Süper Lig,2020-01-01T00:00:00Z,2021-01-01T00:00:00Z,36
http://www.wikidata.org/entity/Q175303,Aaron Lennon,Burnley F.C.,Premier League,2021-01-01T00:00:00Z,2022-01-01T00:00:00Z,28
http://www.wikidata.org/entity/Q175316,Andree Wiedener,SV Werder Bremen II,3. Liga,1988-01-01T00:00:00Z,1993-01-01T00:00:00Z,155
http://www.wikidata.org/entity/Q175316,Andree Wiedener,SV Werder Bremen,Bundesliga,1989-01-01T00:00:00Z,2002-01-01T00:00:00Z,164
http://www.wikidata.org/entity/Q175316,Andree Wiedener,Eintracht Frankfurt,Bundesliga,2002-01-01T00:00:00Z,2006-01-01T00:00:00Z,76
http://www.wikidata.org/entity/Q1756086,Lorenzo Insigne,SSC Napoli,Serie A,2009-01-01T00:00:00Z,2022-06-01T00:00:00Z,337
http://www.wikidata.org/entity/Q1756086,Lorenzo Insigne,Calcio Foggia 1920,Serie C,2010-01-01T00:00:00Z,2011-01-01T00:00:00Z,33
http://www.wikidata.org/entity/Q1756086,Lorenzo Insigne,Cavese 1919,Serie C,2010-01-01T00:00:00Z,2010-01-01T00:00:00Z,10
http://www.wikidata.org/entity/Q1756086,Lorenzo Insigne,Italy national under-20 football team,,2010-01-01T00:00:00Z,2011-01-01T00:00:00Z,5
http://www.wikidata.org/entity/Q1756086,Lorenzo Insigne,Delfino Pescara 1936,Serie B,2011-01-01T00:00:00Z,2012-01-01T00:00:00Z,37
http://www.wikidata.org/entity/Q1756086,Lorenzo Insigne,Italy national under-21 football team,,2011-01-01T00:00:00Z,2013-01-01T00:00:00Z,15
http://www.wikidata.org/entity/Q1756086,Lorenzo Insigne,Italy men's national association football team,,2012-01-01T00:00:00Z,2022-01-01T00:00:00Z,54
http://www.wikidata.org/entity/Q1756086,Lorenzo Insigne,Toronto FC,Major League Soccer,2022-07-01T00:00:00Z,2025-07-01T00:00:00Z,66
http://www.wikidata.org/entity/Q1756086,Lorenzo Insigne,Delfino Pescara 1936,Serie B,2026-01-01T00:00:00Z,,0
http://www.wikidata.org/entity/Q17612631,Mikel Merino,Osasuna B,Primera Federación,2013-01-01T00:00:00Z,2014-01-01T00:00:00Z,5
http://www.wikidata.org/entity/Q17612631,Mikel Merino,Club Atlético Osasuna,La Liga,2014-01-01T00:00:00Z,2016-01-01T00:00:00Z,63
http://www.wikidata.org/entity/Q17612631,Mikel Merino,Spain national under-19 football team,,2014-01-01T00:00:00Z,2015-01-01T00:00:00Z,12
http://www.wikidata.org/entity/Q17612631,Mikel Merino,Borussia Dortmund,Bundesliga,2016-01-01T00:00:00Z,2017-01-01T00:00:00Z,8
http://www.wikidata.org/entity/Q17612631,Mikel Merino,Spain national under-21 association football team,,2016-01-01T00:00:00Z,2019-01-01T00:00:00Z,20
http://www.wikidata.org/entity/Q17612631,Mikel Merino,Newcastle United F.C.,Premier League,2017-07-01T00:00:00Z,2017-10-01T00:00:00Z,7
http://www.wikidata.org/entity/Q17612631,Mikel Merino,Newcastle United F.C.,Premier League,2017-10-01T00:00:00Z,2018-01-01T00:00:00Z,17
http://www.wikidata.org/entity/Q17612631,Mikel Merino,Real Sociedad,La Liga,2018-01-01T00:00:00Z,2024-01-01T00:00:00Z,190
http://www.wikidata.org/entity/Q17612631,Mikel Merino,Spain men's national football team,,2020-01-01T00:00:00Z,,41
http://www.wikidata.org/entity/Q17612631,Mikel Merino,Spain national under-23 football team,,2021-01-01T00:00:00Z,2021-01-01T00:00:00Z,6
http://www.wikidata.org/entity/Q17612631,Mikel Merino,Arsenal F.C.,Premier League,2024-01-01T00:00:00Z,,40
http://www.wikidata.org/entity/Q177343,Mikaël Silvestre,France national under-21 association football team,,,,
http://www.wikidata.org/entity/Q177343,Mikaël Silvestre,Stade Rennais F.C.,Ligue 1,1995-01-01T00:00:00Z,1998-01-01T00:00:00Z,49
http://www.wikidata.org/entity/Q177343,Mikaël Silvestre,France national under-20 association football team,,1997-01-01T00:00:00Z,1997-01-01T00:00:00Z,5
http://www.wikidata.org/entity/Q177343,Mikaël Silvestre,Inter Milan,Serie A,1998-01-01T00:00:00Z,1999-01-01T00:00:00Z,18
http://www.wikidata.org/entity/Q177343,Mikaël Silvestre,Manchester United F.C.,Premier League,1999-01-01T00:00:00Z,2008-01-01T00:00:00Z,249
http://www.wikidata.org/entity/Q177343,Mikaël Silvestre,France men's national association football team,,2001-01-01T00:00:00Z,2006-01-01T00:00:00Z,40
http://www.wikidata.org/entity/Q177343,Mikaël Silvestre,Arsenal F.C.,Premier League,2008-01-01T00:00:00Z,2010-01-01T00:00:00Z,26
http://www.wikidata.org/entity/Q177343,Mikaël Silvestre,SV Werder Bremen,Bundesliga,2010-01-01T00:00:00Z,2012-01-01T00:00:00Z,27
http://www.wikidata.org/entity/Q177343,Mikaël Silvestre,Portland Timbers,Major League Soccer,2013-01-01T00:00:00Z,2014-01-01T00:00:00Z,8
http://www.wikidata.org/entity/Q177343,Mikaël Silvestre,Chennaiyin FC,Indian Super League,2014-01-01T00:00:00Z,2014-01-01T00:00:00Z,14
http://www.wikidata.org/entity/Q1783639,Antonio Prats Cervera,RCD Mallorca,La Liga,,,
http://www.wikidata.org/entity/Q1783639,Antonio Prats Cervera,RCD Mallorca B,Tercera Federación,1990-01-01T00:00:00Z,1992-01-01T00:00:00Z,12
http://www.wikidata.org/entity/Q1783639,Antonio Prats Cervera,RCD Mallorca,La Liga,1991-01-01T00:00:00Z,1995-01-01T00:00:00Z,85
http://www.wikidata.org/entity/Q1783639,Antonio Prats Cervera,RC Celta de Vigo,La Liga,1995-01-01T00:00:00Z,1996-01-01T00:00:00Z,41
http://www.wikidata.org/entity/Q1783639,Antonio Prats Cervera,Real Betis Balompié,La Liga,1996-01-01T00:00:00Z,2005-01-01T00:00:00Z,244
http://www.wikidata.org/entity/Q1783639,Antonio Prats Cervera,RCD Mallorca,La Liga,2005-01-01T00:00:00Z,2007-01-01T00:00:00Z,52
http://www.wikidata.org/entity/Q1783639,Antonio Prats Cervera,Hércules CF,Primera Federación,2007-01-01T00:00:00Z,2008-01-01T00:00:00Z,7
http://www.wikidata.org/entity/Q179773,Pedro,FC Barcelona C,Tercera División,2005-01-01T00:00:00Z,2007-01-01T00:00:00Z,71
http://www.wikidata.org/entity/Q179773,Pedro,FC Barcelona Atlètic,Primera Federación,2007-01-01T00:00:00Z,2009-01-01T00:00:00Z,51
http://www.wikidata.org/entity/Q179773,Pedro,Futbol Club Barcelona,La Liga,2008-01-01T00:00:00Z,2015-01-01T00:00:00Z,204
http://www.wikidata.org/entity/Q179773,Pedro,Spain national under-21 association football team,,2008-01-01T00:00:00Z,2008-01-01T00:00:00Z,2
http://www.wikidata.org/entity/Q179773,Pedro,Spain men's national football team,,2010-01-01T00:00:00Z,2017-01-01T00:00:00Z,65
http://www.wikidata.org/entity/Q179773,Pedro,Chelsea F.C.,Premier League,2015-01-01T00:00:00Z,2020-01-01T00:00:00Z,137
http://www.wikidata.org/entity/Q179773,Pedro,AS Roma,Serie A,2020-01-01T00:00:00Z,2021-01-01T00:00:00Z,27
http://www.wikidata.org/entity/Q179773,Pedro,SS Lazio,Serie A,2021-01-01T00:00:00Z,,142
http://www.wikidata.org/entity/Q18022026,Alejandro Berenguer Remiro,SD Lagunak,Tercera División,,2005-01-01T00:00:00Z,
http://www.wikidata.org/entity/Q18022026,Alejandro Berenguer Remiro,Club Atlético Osasuna,La Liga,2005-01-01T00:00:00Z,2014-01-01T00:00:00Z,
http://www.wikidata.org/entity/Q18022026,Alejandro Berenguer Remiro,Osasuna B,Primera Federación,2013-01-01T00:00:00Z,2015-01-01T00:00:00Z,33
http://www.wikidata.org/entity/Q18022026,Alejandro Berenguer Remiro,Club Atlético Osasuna,La Liga,2014-01-01T00:00:00Z,2017-01-01T00:00:00Z,84
http://www.wikidata.org/entity/Q18022026,Alejandro Berenguer Remiro,Torino FC,Serie A,2017-01-01T00:00:00Z,2020-01-01T00:00:00Z,97
http://www.wikidata.org/entity/Q18022026,Alejandro Berenguer Remiro,Athletic Club,La Liga,2020-01-01T00:00:00Z,,222
http://www.wikidata.org/entity/Q180326,Lilian Thuram,France national under-21 association football team,,,,
http://www.wikidata.org/entity/Q180326,Lilian Thuram,AS Monaco FC,Ligue 1,1991-01-01T00:00:00Z,1996-01-01T00:00:00Z,155
http://www.wikidata.org/entity/Q180326,Lilian Thuram,France men's national association football team,,1994-01-01T00:00:00Z,2008-01-01T00:00:00Z,142
http://www.wikidata.org/entity/Q180326,Lilian Thuram,France B national football team,,1995-01-01T00:00:00Z,1995-01-01T00:00:00Z,
http://www.wikidata.org/entity/Q180326,Lilian Thuram,Parma Calcio 1913,Serie A,1996-01-01T00:00:00Z,2001-01-01T00:00:00Z,163
http://www.wikidata.org/entity/Q180326,Lilian Thuram,Juventus FC,Serie A,2001-01-01T00:00:00Z,2006-01-01T00:00:00Z,144
http://www.wikidata.org/entity/Q180326,Lilian Thuram,Futbol Club Barcelona,La Liga,2006-01-01T00:00:00Z,2008-01-01T00:00:00Z,41
http://www.wikidata.org/entity/Q180553,Alexis Sánchez,Cobreloa,Chilean First B Division,2005-01-01T00:00:00Z,2006-01-01T00:00:00Z,47
http://www.wikidata.org/entity/Q180553,Alexis Sánchez,Udinese Calcio,Serie A,2006-01-01T00:00:00Z,2011-01-01T00:00:00Z,95
http://www.wikidata.org/entity/Q180553,Alexis Sánchez,Chile men's national football team,,2006-01-01T00:00:00Z,,168
http://www.wikidata.org/entity/Q180553,Alexis Sánchez,Club Social y Deportivo Colo Colo,Chilean Primera División,2006-01-01T00:00:00Z,2008-01-01T00:00:00Z,32
http://www.wikidata.org/entity/Q180553,Alexis Sánchez,Chile national under-20 football team,,2006-01-01T00:00:00Z,2008-01-01T00:00:00Z,18
http://www.wikidata.org/entity/Q180553,Alexis Sánchez,Club Atlético River Plate,Argentine Primera División,2007-01-01T00:00:00Z,2008-01-01T00:00:00Z,23
http://www.wikidata.org/entity/Q180553,Alexis Sánchez,Club Atlético River Plate,Liga de Voleibol Argentina – Serie A1,2007-01-01T00:00:00Z,2008-01-01T00:00:00Z,23
http://www.wikidata.org/entity/Q180553,Alexis Sánchez,Futbol Club Barcelona,La Liga,2011-01-01T00:00:00Z,2014-01-01T00:00:00Z,88
http://www.wikidata.org/entity/Q180553,Alexis Sánchez,Arsenal F.C.,Premier League,2014-01-01T00:00:00Z,2018-01-22T00:00:00Z,122
http://www.wikidata.org/entity/Q180553,Alexis Sánchez,Manchester United F.C.,Premier League,2018-01-22T00:00:00Z,2020-08-01T00:00:00Z,32
http://www.wikidata.org/entity/Q180553,Alexis Sánchez,Inter Milan,Serie A,2019-08-01T00:00:00Z,2020-08-01T00:00:00Z,22
http://www.wikidata.org/entity/Q180553,Alexis Sánchez,Inter Milan,Serie A,2020-08-01T00:00:00Z,2022-08-01T00:00:00Z,57
http://www.wikidata.org/entity/Q180553,Alexis Sánchez,Olympique de Marseille,Ligue 1,2022-08-01T00:00:00Z,2023-08-01T00:00:00Z,35
http://www.wikidata.org/entity/Q180553,Alexis Sánchez,Inter Milan,Serie A,2023-08-01T00:00:00Z,2024-07-01T00:00:00Z,23
http://www.wikidata.org/entity/Q180553,Alexis Sánchez,Udinese Calcio,Serie A,2024-08-10T00:00:00Z,2025-08-01T00:00:00Z,13
http://www.wikidata.org/entity/Q180553,Alexis Sánchez,Sevilla FC,La Liga,2025-09-01T00:00:00Z,,7
http://www.wikidata.org/entity/Q180794,Manuel Pasqual,AS Reggina 1914,Serie B,,,
http://www.wikidata.org/entity/Q180794,Manuel Pasqual,ASD Derthona FBC 1908,Serie D,1999-01-01T00:00:00Z,2000-01-01T00:00:00Z,15
http://www.wikidata.org/entity/Q180794,Manuel Pasqual,Pordenone FC,Promozione,2000-01-01T00:00:00Z,2001-01-01T00:00:00Z,30
http://www.wikidata.org/entity/Q180794,Manuel Pasqual,Treviso F.B.C. 1993,Eccellenza,2001-01-01T00:00:00Z,2002-01-01T00:00:00Z,2
http://www.wikidata.org/entity/Q180794,Manuel Pasqual,Treviso F.B.C. 1993,Eccellenza,2001-01-01T00:00:00Z,2001-01-01T00:00:00Z,2
http://www.wikidata.org/entity/Q180794,Manuel Pasqual,S.S. Arezzo,Italian Hockey League - Division I,2002-01-01T00:00:00Z,2005-01-01T00:00:00Z,108
http://www.wikidata.org/entity/Q180794,Manuel Pasqual,ACF Fiorentina,Serie A,2005-01-01T00:00:00Z,2016-01-01T00:00:00Z,302
http://www.wikidata.org/entity/Q180794,Manuel Pasqual,Italy men's national association football team,,2006-01-01T00:00:00Z,,
http://www.wikidata.org/entity/Q180794,Manuel Pasqual,Empoli FC,Serie B,2016-01-01T00:00:00Z,,
http://www.wikidata.org/entity/Q1819086,Leonardo Colucci,Unione Sportiva Dilettantistica Audace Cerignola,,1989-01-01T00:00:00Z,1993-01-01T00:00:00Z,103
http://www.wikidata.org/entity/Q1819086,Leonardo Colucci,U.S. Siracusa,,1993-01-01T00:00:00Z,1995-01-01T00:00:00Z,40
http://www.wikidata.org/entity/Q1819086,Leonardo Colucci,SS Lazio,Serie A,1995-01-01T00:00:00Z,1995-01-01T00:00:00Z,2
http://www.wikidata.org/entity/Q1819086,Leonardo Colucci,A.C. Reggiana 1919,Serie B,1995-01-01T00:00:00Z,1996-01-01T00:00:00Z,35
http://www.wikidata.org/entity/Q1819086,Leonardo Colucci,Hellas Verona FC,Serie A,1996-01-01T00:00:00Z,2002-01-01T00:00:00Z,147
http://www.wikidata.org/entity/Q1819086,Leonardo Colucci,Bologna F.C. 1909,Serie A,2002-01-01T00:00:00Z,2006-01-01T00:00:00Z,112
http://www.wikidata.org/entity/Q1819086,Leonardo Colucci,Cagliari Calcio,Serie A,2006-01-01T00:00:00Z,2007-01-01T00:00:00Z,26
http://www.wikidata.org/entity/Q1819086,Leonardo Colucci,U.S. Cremonese,Serie A,2007-01-01T00:00:00Z,2009-01-01T00:00:00Z,33
http://www.wikidata.org/entity/Q1819086,Leonardo Colucci,Modena F.C.,Serie B,2009-01-01T00:00:00Z,2011-01-01T00:00:00Z,55
http://www.wikidata.org/entity/Q1819086,Leonardo Colucci,AC Cesena,Serie B,2011-01-01T00:00:00Z,2011-01-01T00:00:00Z,
http://www.wikidata.org/entity/Q182451,Alberto Gilardino,Italy national under-16 football team,,1998-01-01T00:00:00Z,1998-01-01T00:00:00Z,2
http://www.wikidata.org/entity/Q182451,Alberto Gilardino,Italy national under-15 football team,,1998-01-01T00:00:00Z,1998-01-01T00:00:00Z,10
http://www.wikidata.org/entity/Q182451,Alberto Gilardino,Piacenza Calcio,Serie D,1999-01-01T00:00:00Z,2000-01-01T00:00:00Z,17
http://www.wikidata.org/entity/Q182451,Alberto Gilardino,Italy national under-19 football team,,1999-01-01T00:00:00Z,2000-01-01T00:00:00Z,3
http://www.wikidata.org/entity/Q182451,Alberto Gilardino,Hellas Verona FC,Serie A,2000-01-01T00:00:00Z,2002-01-01T00:00:00Z,39
http://www.wikidata.org/entity/Q182451,Alberto Gilardino,Italy national under-21 football team,,2000-01-01T00:00:00Z,2004-01-01T00:00:00Z,30
http://www.wikidata.org/entity/Q182451,Alberto Gilardino,Italy national under-20 football team,,2000-01-01T00:00:00Z,2000-01-01T00:00:00Z,8
http://www.wikidata.org/entity/Q182451,Alberto Gilardino,Parma Calcio 1913,Serie A,2002-01-01T00:00:00Z,2005-01-01T00:00:00Z,96
http://www.wikidata.org/entity/Q182451,Alberto Gilardino,Italy men's national association football team,,2004-01-01T00:00:00Z,2013-01-01T00:00:00Z,57
http://www.wikidata.org/entity/Q182451,Alberto Gilardino,AC Milan,Serie A,2005-01-01T00:00:00Z,2008-01-01T00:00:00Z,94
http://www.wikidata.org/entity/Q182451,Alberto Gilardino,ACF Fiorentina,Serie A,2008-01-01T00:00:00Z,2012-01-01T00:00:00Z,118
http://www.wikidata.org/entity/Q182451,Alberto Gilardino,Bologna F.C. 1909,Serie A,2012-01-01T00:00:00Z,2013-01-01T00:00:00Z,36
http://www.wikidata.org/entity/Q182451,Alberto Gilardino,Genoa CFC,Serie A,2012-01-01T00:00:00Z,2014-01-01T00:00:00Z,50
http://www.wikidata.org/entity/Q182451,Alberto Gilardino,Guangzhou F.C.,Chinese Super League,2014-01-01T00:00:00Z,2015-01-01T00:00:00Z,14
http://www.wikidata.org/entity/Q182451,Alberto Gilardino,ACF Fiorentina,Serie A,2015-01-01T00:00:00Z,2015-06-01T00:00:00Z,14
http://www.wikidata.org/entity/Q182451,Alberto Gilardino,Palermo F.C.,Serie B,2015-08-01T00:00:00Z,2016-01-01T00:00:00Z,33
http://www.wikidata.org/entity/Q182451,Alberto Gilardino,Empoli FC,Serie B,2016-01-01T00:00:00Z,2017-01-01T00:00:00Z,12
http://www.wikidata.org/entity/Q182451,Alberto Gilardino,Delfino Pescara 1936,Serie B,2017-01-01T00:00:00Z,2017-06-01T00:00:00Z,3
http://www.wikidata.org/entity/Q182451,Alberto Gilardino,Spezia Calcio,Serie B,2017-10-01T00:00:00Z,2018-06-01T00:00:00Z,16
http://www.wikidata.org/entity/Q1825157,Hugo Mallo,RC Celta de Vigo,La Liga,2009-01-01T00:00:00Z,2023-01-01T00:00:00Z,396
http://www.wikidata.org/entity/Q1825157,Hugo Mallo,Spain national under-19 football team,,2010-01-01T00:00:00Z,2010-01-01T00:00:00Z,3
http://www.wikidata.org/entity/Q1825157,Hugo Mallo,Spain national under-21 association football team,,2011-01-01T00:00:00Z,2012-01-01T00:00:00Z,3
http://www.wikidata.org/entity/Q1825157,Hugo Mallo,Spain national under-20 football team,,2011-01-01T00:00:00Z,2011-01-01T00:00:00Z,6
http://www.wikidata.org/entity/Q1825157,Hugo Mallo,Galicia national football team,,2016-01-01T00:00:00Z,,1
http://www.wikidata.org/entity/Q1825157,Hugo Mallo,S.C. Internacional,Campeonato Brasileiro Série A,2023-01-01T00:00:00Z,2024-01-01T00:00:00Z,10
http://www.wikidata.org/entity/Q1825157,Hugo Mallo,S.C. Internacional,Copa do Brasil,2023-01-01T00:00:00Z,2024-01-01T00:00:00Z,10
http://www.wikidata.org/entity/Q1825157,Hugo Mallo,S.C. Internacional,Campeonato Gaúcho,2023-01-01T00:00:00Z,2024-01-01T00:00:00Z,10
http://www.wikidata.org/entity/Q182907,Gianluca Zambrotta,Como 1907,Serie A,1994-01-01T00:00:00Z,1997-01-01T00:00:00Z,48
http://www.wikidata.org/entity/Q182907,Gianluca Zambrotta,SSC Bari,Serie B,1997-01-01T00:00:00Z,1999-01-01T00:00:00Z,59
http://www.wikidata.org/entity/Q182907,Gianluca Zambrotta,Italy national under-21 football team,,1998-01-01T00:00:00Z,2000-01-01T00:00:00Z,13
http://www.wikidata.org/entity/Q182907,Gianluca Zambrotta,Juventus FC,Serie A,1999-01-01T00:00:00Z,2006-01-01T00:00:00Z,217
http://www.wikidata.org/entity/Q182907,Gianluca Zambrotta,Italy men's national association football team,,1999-01-01T00:00:00Z,2010-01-01T00:00:00Z,98
http://www.wikidata.org/entity/Q182907,Gianluca Zambrotta,Futbol Club Barcelona,La Liga,2006-01-01T00:00:00Z,2008-01-01T00:00:00Z,58
http://www.wikidata.org/entity/Q182907,Gianluca Zambrotta,AC Milan,Serie A,2008-01-01T00:00:00Z,2012-01-01T00:00:00Z,80
http://www.wikidata.org/entity/Q182907,Gianluca Zambrotta,FC Chiasso,Challenge League,2013-01-01T00:00:00Z,2014-01-01T00:00:00Z,10
http://www.wikidata.org/entity/Q184277,Yaya Touré,K.S.K. Beveren,Belgian Provincial leagues,2001-01-01T00:00:00Z,2003-01-01T00:00:00Z,70
http://www.wikidata.org/entity/Q184277,Yaya Touré,FC Metalurh Donetsk,,2003-01-01T00:00:00Z,2005-01-01T00:00:00Z,33
http://www.wikidata.org/entity/Q184277,Yaya Touré,Ivory Coast men's national football team,,2004-01-01T00:00:00Z,2015-01-01T00:00:00Z,102
http://www.wikidata.org/entity/Q184277,Yaya Touré,Olympiacos F.C.,Super League Greece,2005-01-01T00:00:00Z,2006-01-01T00:00:00Z,20
http://www.wikidata.org/entity/Q184277,Yaya Touré,AS Monaco FC,Ligue 1,2006-01-01T00:00:00Z,2007-01-01T00:00:00Z,27
http://www.wikidata.org/entity/Q184277,Yaya Touré,Futbol Club Barcelona,La Liga,2007-01-01T00:00:00Z,2010-01-01T00:00:00Z,74
http://www.wikidata.org/entity/Q184277,Yaya Touré,Manchester City F.C.,Premier League,2010-01-01T00:00:00Z,2018-06-01T00:00:00Z,230
http://www.wikidata.org/entity/Q184277,Yaya Touré,Olympiacos F.C.,Super League Greece,2018-09-01T00:00:00Z,2018-12-01T00:00:00Z,2
http://www.wikidata.org/entity/Q184277,Yaya Touré,Qingdao F.C.,China League Two,2019-07-01T00:00:00Z,2019-12-01T00:00:00Z,14
http://www.wikidata.org/entity/Q184362,Claude Makelélé,Stade Brestois 29,Ligue 1,1990-01-01T00:00:00Z,1991-01-01T00:00:00Z,12
http://www.wikidata.org/entity/Q184362,Claude Makelélé,FC Nantes,Ligue 1,1991-01-01T00:00:00Z,1997-01-01T00:00:00Z,169
http://www.wikidata.org/entity/Q184362,Claude Makelélé,France men's national association football team,,1995-01-01T00:00:00Z,2008-01-01T00:00:00Z,71
http://www.wikidata.org/entity/Q184362,Claude Makelélé,France national under-21 association football team,,1995-01-01T00:00:00Z,1996-01-01T00:00:00Z,11
http://www.wikidata.org/entity/Q184362,Claude Makelélé,Olympique de Marseille,Ligue 1,1997-01-01T00:00:00Z,1998-01-01T00:00:00Z,32
http://www.wikidata.org/entity/Q184362,Claude Makelélé,RC Celta de Vigo,La Liga,1998-01-01T00:00:00Z,2000-01-01T00:00:00Z,70
http://www.wikidata.org/entity/Q184362,Claude Makelélé,Real Madrid Club de Fútbol,La Liga,2000-01-01T00:00:00Z,2003-01-01T00:00:00Z,94
http://www.wikidata.org/entity/Q184362,Claude Makelélé,Chelsea F.C.,Premier League,2003-01-01T00:00:00Z,2008-01-01T00:00:00Z,144
http://www.wikidata.org/entity/Q184362,Claude Makelélé,Paris Saint-Germain FC,Ligue 1,2008-07-21T00:00:00Z,2011-05-29T00:00:00Z,98
http://www.wikidata.org/entity/Q184586,Gareth Bale,Wales national under-17 football team,,2005-01-01T00:00:00Z,2006-01-01T00:00:00Z,7
http://www.wikidata.org/entity/Q184586,Gareth Bale,Wales national under-19 football team,,2005-01-01T00:00:00Z,2005-01-01T00:00:00Z,1
http://www.wikidata.org/entity/Q184586,Gareth Bale,Southampton F.C.,EFL Championship,2006-01-01T00:00:00Z,2007-01-01T00:00:00Z,40
http://www.wikidata.org/entity/Q184586,Gareth Bale,Wales national under-21 football team,,2006-05-16T00:00:00Z,2008-01-01T00:00:00Z,4
http://www.wikidata.org/entity/Q184586,Gareth Bale,Wales men's national association football team,,2006-05-27T00:00:00Z,2022-01-01T00:00:00Z,111
http://www.wikidata.org/entity/Q184586,Gareth Bale,Tottenham Hotspur F.C.,Premier League,2007-01-01T00:00:00Z,2013-01-01T00:00:00Z,146
http://www.wikidata.org/entity/Q184586,Gareth Bale,Real Madrid Club de Fútbol,La Liga,2013-01-01T00:00:00Z,2022-06-01T00:00:00Z,176
http://www.wikidata.org/entity/Q184586,Gareth Bale,Tottenham Hotspur F.C.,Premier League,2020-01-01T00:00:00Z,2021-06-01T00:00:00Z,20
http://www.wikidata.org/entity/Q184586,Gareth Bale,Los Angeles FC,Major League Soccer,2022-07-01T00:00:00Z,2022-12-01T00:00:00Z,12
http://www.wikidata.org/entity/Q184612,Robbie Keane,Wolverhampton Wanderers F.C.,Premier League,1997-01-01T00:00:00Z,1999-01-01T00:00:00Z,73
http://www.wikidata.org/entity/Q184612,Robbie Keane,Republic of Ireland men's national association football team,,1998-01-01T00:00:00Z,2016-01-01T00:00:00Z,146
http://www.wikidata.org/entity/Q184612,Robbie Keane,Coventry City F.C.,EFL Championship,1999-01-01T00:00:00Z,2000-01-01T00:00:00Z,31
http://www.wikidata.org/entity/Q184612,Robbie Keane,Inter Milan,Serie A,2000-01-01T00:00:00Z,2001-01-01T00:00:00Z,6
http://www.wikidata.org/entity/Q184612,Robbie Keane,Leeds United F.C.,Premier League,2001-01-01T00:00:00Z,2001-01-01T00:00:00Z,18
http://www.wikidata.org/entity/Q184612,Robbie Keane,Leeds United F.C.,Premier League,2001-01-01T00:00:00Z,2002-01-01T00:00:00Z,28
http://www.wikidata.org/entity/Q184612,Robbie Keane,Tottenham Hotspur F.C.,Premier League,2002-01-01T00:00:00Z,2008-01-01T00:00:00Z,197
http://www.wikidata.org/entity/Q184612,Robbie Keane,Liverpool F.C.,Premier League,2008-01-01T00:00:00Z,2009-01-01T00:00:00Z,19
http://www.wikidata.org/entity/Q184612,Robbie Keane,Tottenham Hotspur F.C.,Premier League,2009-01-01T00:00:00Z,2011-01-01T00:00:00Z,41
http://www.wikidata.org/entity/Q184612,Robbie Keane,Celtic F.C.,Scottish Premiership,2010-01-01T00:00:00Z,2010-01-01T00:00:00Z,16
http://www.wikidata.org/entity/Q184612,Robbie Keane,West Ham United F.C.,Premier League,2011-01-30T00:00:00Z,2011-05-01T00:00:00Z,9
http://www.wikidata.org/entity/Q184612,Robbie Keane,LA Galaxy,Major League Soccer,2011-08-15T00:00:00Z,2016-01-01T00:00:00Z,125
http://www.wikidata.org/entity/Q184612,Robbie Keane,Aston Villa F.C.,Premier League,2012-01-01T00:00:00Z,2012-01-01T00:00:00Z,6
http://www.wikidata.org/entity/Q184612,Robbie Keane,ATK (football club),Indian Super League,2017-08-01T00:00:00Z,2018-04-01T00:00:00Z,9
http://www.wikidata.org/entity/Q184946,Joe Cole,England national under-16 association football team,,1997-01-01T00:00:00Z,1998-01-01T00:00:00Z,4
http://www.wikidata.org/entity/Q184946,Joe Cole,West Ham United F.C.,Premier League,1998-01-01T00:00:00Z,2003-01-01T00:00:00Z,126
http://www.wikidata.org/entity/Q184946,Joe Cole,England national under-18 association football team,,1999-01-01T00:00:00Z,1999-01-01T00:00:00Z,5
http://www.wikidata.org/entity/Q184946,Joe Cole,England national under-21 association football team,,2000-01-01T00:00:00Z,2003-01-01T00:00:00Z,8
http://www.wikidata.org/entity/Q184946,Joe Cole,England men's national association football team,,2001-01-01T00:00:00Z,2010-01-01T00:00:00Z,56
http://www.wikidata.org/entity/Q184946,Joe Cole,Chelsea F.C.,Premier League,2003-01-01T00:00:00Z,2010-01-01T00:00:00Z,182
http://www.wikidata.org/entity/Q184946,Joe Cole,Liverpool F.C.,Premier League,2010-01-01T00:00:00Z,2013-01-01T00:00:00Z,26
http://www.wikidata.org/entity/Q184946,Joe Cole,Lille OSC,Ligue 1,2011-01-01T00:00:00Z,2012-01-01T00:00:00Z,32
http://www.wikidata.org/entity/Q184946,Joe Cole,West Ham United F.C.,Premier League,2013-01-01T00:00:00Z,2014-01-01T00:00:00Z,31
http://www.wikidata.org/entity/Q184946,Joe Cole,Aston Villa F.C.,Premier League,2014-01-01T00:00:00Z,2016-01-01T00:00:00Z,12
http://www.wikidata.org/entity/Q184946,Joe Cole,Coventry City F.C.,EFL Championship,2015-01-01T00:00:00Z,2016-01-01T00:00:00Z,7
http://www.wikidata.org/entity/Q184946,Joe Cole,Coventry City F.C.,EFL Championship,2016-01-01T00:00:00Z,2016-05-01T00:00:00Z,15
http://www.wikidata.org/entity/Q184946,Joe Cole,Tampa Bay Rowdies,USL Championship,2016-05-01T00:00:00Z,2018-11-01T00:00:00Z,82
http://www.wikidata.org/entity/Q185093,Jesús Navas,Sevilla FC,La Liga,2003-01-01T00:00:00Z,2013-01-01T00:00:00Z,285
http://www.wikidata.org/entity/Q185093,Jesús Navas,Sevilla Atlético,Segunda División B,2003-01-01T00:00:00Z,2004-01-01T00:00:00Z,33
http://www.wikidata.org/entity/Q185093,Jesús Navas,Spain national under-21 association football team,,2004-01-01T00:00:00Z,2005-01-01T00:00:00Z,5
http://www.wikidata.org/entity/Q185093,Jesús Navas,Spain men's national football team,,2009-01-01T00:00:00Z,2023-01-01T00:00:00Z,56
http://www.wikidata.org/entity/Q185093,Jesús Navas,Manchester City F.C.,Premier League,2013-01-01T00:00:00Z,2017-01-01T00:00:00Z,123
http://www.wikidata.org/entity/Q185093,Jesús Navas,Sevilla FC,La Liga,2017-01-01T00:00:00Z,2023-01-01T00:00:00Z,231
http://www.wikidata.org/entity/Q1851160,Marco Ferrante,SSC Napoli,Serie A,1988-01-01T00:00:00Z,1992-01-01T00:00:00Z,1
http://www.wikidata.org/entity/Q1851160,Marco Ferrante,A.C. Reggiana 1919,Serie B,1990-01-01T00:00:00Z,1991-01-01T00:00:00Z,25
http://www.wikidata.org/entity/Q1851160,Marco Ferrante,Pisa SC,Serie A,1991-01-01T00:00:00Z,1992-01-01T00:00:00Z,37
http://www.wikidata.org/entity/Q1851160,Marco Ferrante,SSC Napoli,Serie A,1992-01-01T00:00:00Z,1993-01-01T00:00:00Z,4
http://www.wikidata.org/entity/Q1851160,Marco Ferrante,Parma Calcio 1913,Serie A,1992-01-01T00:00:00Z,1993-01-01T00:00:00Z,11
http://www.wikidata.org/entity/Q1851160,Marco Ferrante,Italy national under-21 football team,,1992-01-01T00:00:00Z,1992-01-01T00:00:00Z,1
http://www.wikidata.org/entity/Q1851160,Marco Ferrante,Parma Calcio 1913,Serie A,1993-01-01T00:00:00Z,1993-01-01T00:00:00Z,11
http://www.wikidata.org/entity/Q1851160,Marco Ferrante,Piacenza Calcio,Serie D,1993-01-01T00:00:00Z,1994-01-01T00:00:00Z,27
http://www.wikidata.org/entity/Q1851160,Marco Ferrante,A.C. Perugia Calcio,Serie C,1994-01-01T00:00:00Z,1995-01-01T00:00:00Z,33
http://www.wikidata.org/entity/Q1851160,Marco Ferrante,U.S. Salernitana 1919,Serie C,1995-01-01T00:00:00Z,1996-01-01T00:00:00Z,30
http://www.wikidata.org/entity/Q1851160,Marco Ferrante,Torino FC,Serie A,1996-01-01T00:00:00Z,2004-01-01T00:00:00Z,232
http://www.wikidata.org/entity/Q1851160,Marco Ferrante,Inter Milan,Serie A,2001-01-01T00:00:00Z,2001-01-01T00:00:00Z,11
http://www.wikidata.org/entity/Q1851160,Marco Ferrante,Catania FC,Serie C,2004-01-01T00:00:00Z,2005-01-01T00:00:00Z,19
http://www.wikidata.org/entity/Q1851160,Marco Ferrante,Catania FC,Serie C,2004-01-01T00:00:00Z,2004-01-01T00:00:00Z,19
http://www.wikidata.org/entity/Q1851160,Marco Ferrante,Bologna F.C. 1909,Serie A,2005-01-01T00:00:00Z,2005-01-01T00:00:00Z,6
http://www.wikidata.org/entity/Q1851160,Marco Ferrante,Ascoli Calcio 1898 FC,Serie C,2005-01-01T00:00:00Z,2006-01-01T00:00:00Z,26
http://www.wikidata.org/entity/Q1851160,Marco Ferrante,Delfino Pescara 1936,Serie B,2006-01-01T00:00:00Z,2007-01-01T00:00:00Z,15
http://www.wikidata.org/entity/Q1851160,Marco Ferrante,Hellas Verona FC,Serie A,2007-01-01T00:00:00Z,2007-01-01T00:00:00Z,18
http://www.wikidata.org/entity/Q185225,Santi Cazorla,Villarreal CF,La Liga,2003-01-01T00:00:00Z,2006-01-01T00:00:00Z,54
http://www.wikidata.org/entity/Q185225,Santi Cazorla,Villarreal CF B,Segunda División B,2003-01-01T00:00:00Z,2004-01-01T00:00:00Z,40
http://www.wikidata.org/entity/Q185225,Santi Cazorla,Spain national under-21 association football team,,2004-01-01T00:00:00Z,2006-01-01T00:00:00Z,7
http://www.wikidata.org/entity/Q185225,Santi Cazorla,Recreativo de Huelva,Segunda División B,2006-01-01T00:00:00Z,2007-01-01T00:00:00Z,34
http://www.wikidata.org/entity/Q185225,Santi Cazorla,Villarreal CF,La Liga,2007-01-01T00:00:00Z,2011-01-01T00:00:00Z,127
http://www.wikidata.org/entity/Q185225,Santi Cazorla,Spain men's national football team,,2008-01-01T00:00:00Z,2019-01-01T00:00:00Z,81
http://www.wikidata.org/entity/Q185225,Santi Cazorla,Málaga CF,LaLiga 2,2011-01-01T00:00:00Z,2012-01-01T00:00:00Z,38
http://www.wikidata.org/entity/Q185225,Santi Cazorla,Arsenal F.C.,Premier League,2012-08-08T00:00:00Z,2018-05-30T00:00:00Z,129
http://www.wikidata.org/entity/Q185225,Santi Cazorla,Villarreal CF,La Liga,2018-06-01T00:00:00Z,2020-07-01T00:00:00Z,70
http://www.wikidata.org/entity/Q185225,Santi Cazorla,Al Sadd Sports Club,Qatar Stars League,2020-07-01T00:00:00Z,2023-06-01T00:00:00Z,55
http://www.wikidata.org/entity/Q185225,Santi Cazorla,Real Oviedo,La Liga,2023-08-01T00:00:00Z,,63
http://www.wikidata.org/entity/Q18608497,Iñaki Williams,CD Pamplona,Tercera División,2008-01-01T00:00:00Z,2012-01-01T00:00:00Z,
http://www.wikidata.org/entity/Q18608497,Iñaki Williams,Athletic Club,La Liga,2012-01-01T00:00:00Z,2013-01-01T00:00:00Z,
http://www.wikidata.org/entity/Q18608497,Iñaki Williams,CD Baskonia,Tercera Federación,2013-01-01T00:00:00Z,2014-01-01T00:00:00Z,18
http://www.wikidata.org/entity/Q18608497,Iñaki Williams,Athletic Bilbao B,Primera Federación,2014-01-01T00:00:00Z,2015-01-01T00:00:00Z,32
http://www.wikidata.org/entity/Q18608497,Iñaki Williams,Athletic Club,La Liga,2015-01-01T00:00:00Z,,471
http://www.wikidata.org/entity/Q18608497,Iñaki Williams,Spain national under-21 association football team,,2015-01-01T00:00:00Z,2017-01-01T00:00:00Z,17
http://www.wikidata.org/entity/Q18608497,Iñaki Williams,Spain men's national football team,,2016-01-01T00:00:00Z,2016-01-01T00:00:00Z,1
http://www.wikidata.org/entity/Q18608497,Iñaki Williams,Basque Country regional football team,,2018-01-01T00:00:00Z,,2
http://www.wikidata.org/entity/Q18608497,Iñaki Williams,Ghana men's national football team,,2022-01-01T00:00:00Z,,6
http://www.wikidata.org/entity/Q186415,Carlos Marchena,Sevilla FC,La Liga,1997-01-01T00:00:00Z,2000-01-01T00:00:00Z,68
http://www.wikidata.org/entity/Q186415,Carlos Marchena,Sevilla Atlético,Segunda División B,1998-01-01T00:00:00Z,1998-01-01T00:00:00Z,3
http://www.wikidata.org/entity/Q186415,Carlos Marchena,Spain national under-21 association football team,,1999-01-01T00:00:00Z,2001-01-01T00:00:00Z,17
http://www.wikidata.org/entity/Q186415,Carlos Marchena,Spain national under-20 football team,,1999-01-01T00:00:00Z,1999-01-01T00:00:00Z,7
http://www.wikidata.org/entity/Q186415,Carlos Marchena,S.L. Benfica,Liga Portugal,2000-01-01T00:00:00Z,2001-01-01T00:00:00Z,20
http://www.wikidata.org/entity/Q186415,Carlos Marchena,Spain national under-23 football team,,2000-01-01T00:00:00Z,2000-01-01T00:00:00Z,5
http://www.wikidata.org/entity/Q186415,Carlos Marchena,Valencia CF,La Liga,2001-01-01T00:00:00Z,2010-01-01T00:00:00Z,230
http://www.wikidata.org/entity/Q186415,Carlos Marchena,Spain men's national football team,,2002-01-01T00:00:00Z,2011-01-01T00:00:00Z,69
http://www.wikidata.org/entity/Q186415,Carlos Marchena,Villarreal CF,La Liga,2010-01-01T00:00:00Z,2012-01-01T00:00:00Z,45
http://www.wikidata.org/entity/Q186415,Carlos Marchena,Deportivo de La Coruña,LaLiga 2,2012-01-01T00:00:00Z,2014-01-01T00:00:00Z,44
http://www.wikidata.org/entity/Q186415,Carlos Marchena,Kerala Blasters FC,Indian Super League,2015-01-01T00:00:00Z,2015-01-01T00:00:00Z,1
http://www.wikidata.org/entity/Q187159,Jordi Alba,Spain national under-19 football team,,2006-01-01T00:00:00Z,2006-01-01T00:00:00Z,6
http://www.wikidata.org/entity/Q187159,Jordi Alba,Valencia CF Mestalla,Segunda División B,2007-01-01T00:00:00Z,2008-01-01T00:00:00Z,
http://www.wikidata.org/entity/Q187159,Jordi Alba,Valencia CF,La Liga,2008-01-01T00:00:00Z,2012-01-01T00:00:00Z,74
http://www.wikidata.org/entity/Q187159,Jordi Alba,Catalonia national football team,,2008-01-01T00:00:00Z,2013-01-01T00:00:00Z,5
http://www.wikidata.org/entity/Q187159,Jordi Alba,Gimnàstic de Tarragona,Primera Federación,2008-01-01T00:00:00Z,2009-01-01T00:00:00Z,35
http://www.wikidata.org/entity/Q187159,Jordi Alba,Spain national under-21 association football team,,2008-01-01T00:00:00Z,2011-01-01T00:00:00Z,4
http://www.wikidata.org/entity/Q187159,Jordi Alba,Spain national under-20 football team,,2009-01-01T00:00:00Z,2009-01-01T00:00:00Z,9
http://www.wikidata.org/entity/Q187159,Jordi Alba,Spain men's national football team,,2011-01-01T00:00:00Z,2023-01-01T00:00:00Z,93
http://www.wikidata.org/entity/Q187159,Jordi Alba,Futbol Club Barcelona,La Liga,2012-01-01T00:00:00Z,2023-06-01T00:00:00Z,313
http://www.wikidata.org/entity/Q187159,Jordi Alba,Spain national under-23 football team,,2012-01-01T00:00:00Z,2012-01-01T00:00:00Z,4
http://www.wikidata.org/entity/Q187159,Jordi Alba,Inter Miami CF,Major League Soccer,2023-07-01T00:00:00Z,2025-12-01T00:00:00Z,65
http://www.wikidata.org/entity/Q187184,Joe Hart,Shrewsbury Town F.C.,EFL League Two,2003-01-01T00:00:00Z,2006-01-01T00:00:00Z,54
http://www.wikidata.org/entity/Q187184,Joe Hart,England national under-19 association football team,,2005-01-01T00:00:00Z,2006-01-01T00:00:00Z,6
http://www.wikidata.org/entity/Q187184,Joe Hart,Manchester City F.C.,Premier League,2006-01-01T00:00:00Z,2018-08-01T00:00:00Z,266
http://www.wikidata.org/entity/Q187184,Joe Hart,Tranmere Rovers F.C.,EFL League Two,2007-01-01T00:00:00Z,2007-01-01T00:00:00Z,6
http://www.wikidata.org/entity/Q187184,Joe Hart,England national under-21 association football team,,2007-01-01T00:00:00Z,2009-01-01T00:00:00Z,21
http://www.wikidata.org/entity/Q187184,Joe Hart,Blackpool F.C.,EFL League One,2007-04-01T00:00:00Z,2007-05-01T00:00:00Z,5
http://www.wikidata.org/entity/Q187184,Joe Hart,England men's national association football team,,2008-01-01T00:00:00Z,2017-01-01T00:00:00Z,75
http://www.wikidata.org/entity/Q187184,Joe Hart,Birmingham City F.C.,EFL Championship,2009-01-01T00:00:00Z,2010-01-01T00:00:00Z,36
http://www.wikidata.org/entity/Q187184,Joe Hart,Torino FC,Serie A,2016-01-01T00:00:00Z,2017-01-01T00:00:00Z,36
http://www.wikidata.org/entity/Q187184,Joe Hart,West Ham United F.C.,Premier League,2017-07-01T00:00:00Z,2018-06-01T00:00:00Z,19
http://www.wikidata.org/entity/Q187184,Joe Hart,Burnley F.C.,Premier League,2018-08-01T00:00:00Z,2020-08-01T00:00:00Z,19
http://www.wikidata.org/entity/Q187184,Joe Hart,Tottenham Hotspur F.C.,Premier League,2020-08-18T00:00:00Z,2021-08-01T00:00:00Z,0
http://www.wikidata.org/entity/Q187184,Joe Hart,Celtic F.C.,Scottish Premiership,2021-08-01T00:00:00Z,2024-05-01T00:00:00Z,109
http://www.wikidata.org/entity/Q187891,Fernando Llorente,CA River Ebro,Tercera División,1995-01-01T00:00:00Z,1996-01-01T00:00:00Z,
http://www.wikidata.org/entity/Q187891,Fernando Llorente,Athletic Club,La Liga,1996-01-01T00:00:00Z,2003-01-01T00:00:00Z,
http://www.wikidata.org/entity/Q187891,Fernando Llorente,CD Baskonia,Tercera Federación,2003-01-01T00:00:00Z,2004-01-01T00:00:00Z,33
http://www.wikidata.org/entity/Q187891,Fernando Llorente,Spain national under-17 association football team,,2003-01-01T00:00:00Z,2003-01-01T00:00:00Z,3
http://www.wikidata.org/entity/Q187891,Fernando Llorente,Athletic Bilbao B,Primera Federación,2004-01-01T00:00:00Z,2005-01-01T00:00:00Z,16
http://www.wikidata.org/entity/Q187891,Fernando Llorente,Athletic Club,La Liga,2005-01-01T00:00:00Z,2013-01-01T00:00:00Z,262
http://www.wikidata.org/entity/Q187891,Fernando Llorente,Basque Country regional football team,,2005-01-01T00:00:00Z,2007-01-01T00:00:00Z,5
http://www.wikidata.org/entity/Q187891,Fernando Llorente,Spain national under-21 association football team,,2005-01-01T00:00:00Z,2006-01-01T00:00:00Z,9
http://www.wikidata.org/entity/Q187891,Fernando Llorente,Spain national under-20 football team,,2005-01-01T00:00:00Z,2005-01-01T00:00:00Z,4
http://www.wikidata.org/entity/Q187891,Fernando Llorente,Spain men's national football team,,2008-01-01T00:00:00Z,2013-01-01T00:00:00Z,24
http://www.wikidata.org/entity/Q187891,Fernando Llorente,Juventus FC,Serie A,2013-01-01T00:00:00Z,2015-01-01T00:00:00Z,66
http://www.wikidata.org/entity/Q187891,Fernando Llorente,Sevilla FC,La Liga,2015-01-01T00:00:00Z,2016-01-01T00:00:00Z,23
http://www.wikidata.org/entity/Q187891,Fernando Llorente,Swansea City A.F.C.,EFL Championship,2016-01-01T00:00:00Z,2017-01-01T00:00:00Z,33
http://www.wikidata.org/entity/Q187891,Fernando Llorente,Tottenham Hotspur F.C.,Premier League,2017-01-01T00:00:00Z,2019-01-01T00:00:00Z,36
http://www.wikidata.org/entity/Q187891,Fernando Llorente,SSC Napoli,Serie A,2019-01-01T00:00:00Z,2020-01-01T00:00:00Z,20
http://www.wikidata.org/entity/Q187891,Fernando Llorente,Udinese Calcio,Serie A,2021-01-01T00:00:00Z,2021-01-01T00:00:00Z,14
http://www.wikidata.org/entity/Q187891,Fernando Llorente,SD Eibar,LaLiga 2,2021-01-01T00:00:00Z,2022-01-01T00:00:00Z,19
http://www.wikidata.org/entity/Q187989,Leighton Baines,Wigan Athletic F.C.,EFL League One,2002-01-01T00:00:00Z,2007-01-01T00:00:00Z,145
http://www.wikidata.org/entity/Q187989,Leighton Baines,England national under-21 association football team,,2004-01-01T00:00:00Z,2007-01-01T00:00:00Z,16
http://www.wikidata.org/entity/Q187989,Leighton Baines,Everton F.C.,Premier League,2007-01-01T00:00:00Z,2020-07-01T00:00:00Z,348
http://www.wikidata.org/entity/Q187989,Leighton Baines,England men's national association football team,,2010-01-01T00:00:00Z,2015-01-01T00:00:00Z,30
http://www.wikidata.org/entity/Q188457,Danny Welbeck,England national under-16 association football team,,2005-01-01T00:00:00Z,2005-01-01T00:00:00Z,1
http://www.wikidata.org/entity/Q188457,Danny Welbeck,England national under-17 association football team,,2006-01-01T00:00:00Z,2007-01-01T00:00:00Z,15
http://www.wikidata.org/entity/Q188457,Danny Welbeck,England national under-18 association football team,,2007-01-01T00:00:00Z,2008-01-01T00:00:00Z,2
http://www.wikidata.org/entity/Q188457,Danny Welbeck,Manchester United F.C.,Premier League,2008-01-01T00:00:00Z,2014-01-01T00:00:00Z,92
http://www.wikidata.org/entity/Q188457,Danny Welbeck,England national under-19 association football team,,2008-01-01T00:00:00Z,2009-01-01T00:00:00Z,10
http://www.wikidata.org/entity/Q188457,Danny Welbeck,England national under-21 association football team,,2009-01-01T00:00:00Z,2011-01-01T00:00:00Z,14
http://www.wikidata.org/entity/Q188457,Danny Welbeck,Preston North End F.C.,EFL Championship,2010-01-01T00:00:00Z,2010-03-01T00:00:00Z,8
http://www.wikidata.org/entity/Q188457,Danny Welbeck,Sunderland A.F.C.,Premier League,2010-08-01T00:00:00Z,2011-01-01T00:00:00Z,26
http://www.wikidata.org/entity/Q188457,Danny Welbeck,England men's national association football team,,2011-01-01T00:00:00Z,2018-01-01T00:00:00Z,42
http://www.wikidata.org/entity/Q188457,Danny Welbeck,Arsenal F.C.,Premier League,2014-01-01T00:00:00Z,2019-01-01T00:00:00Z,88
http://www.wikidata.org/entity/Q188457,Danny Welbeck,Watford F.C.,EFL Championship,2019-01-01T00:00:00Z,2020-01-01T00:00:00Z,18
http://www.wikidata.org/entity/Q188457,Danny Welbeck,Brighton & Hove Albion F.C.,Premier League,2020-01-01T00:00:00Z,,151
http://www.wikidata.org/entity/Q188564,Massimo Ambrosini,AS Roma,Serie A,,,
http://www.wikidata.org/entity/Q188564,Massimo Ambrosini,Ascoli Calcio 1898 FC,Serie C,,,
http://www.wikidata.org/entity/Q188564,Massimo Ambrosini,AC Cesena,Serie B,1994-01-01T00:00:00Z,1995-01-01T00:00:00Z,25
http://www.wikidata.org/entity/Q188564,Massimo Ambrosini,AC Milan,Serie A,1995-01-01T00:00:00Z,2013-01-01T00:00:00Z,344
http://www.wikidata.org/entity/Q188564,Massimo Ambrosini,Italy national under-21 football team,,1995-01-01T00:00:00Z,2000-01-01T00:00:00Z,18
http://www.wikidata.org/entity/Q188564,Massimo Ambrosini,Italy national under-18 football team,,1995-01-01T00:00:00Z,1995-01-01T00:00:00Z,22
http://www.wikidata.org/entity/Q188564,Massimo Ambrosini,Vicenza Calcio,Serie C,1997-01-01T00:00:00Z,1998-01-01T00:00:00Z,27
http://www.wikidata.org/entity/Q188564,Massimo Ambrosini,Italy men's national association football team,,1999-01-01T00:00:00Z,2008-01-01T00:00:00Z,35
http://www.wikidata.org/entity/Q188564,Massimo Ambrosini,ACF Fiorentina,Serie A,2013-01-01T00:00:00Z,2014-01-01T00:00:00Z,21
http://www.wikidata.org/entity/Q188632,Roy Keane,Cobh Ramblers F.C.,League of Ireland First Division,1989-01-01T00:00:00Z,1990-01-01T00:00:00Z,23
http://www.wikidata.org/entity/Q188632,Roy Keane,Nottingham Forest F.C.,Premier League,1990-01-01T00:00:00Z,1993-01-01T00:00:00Z,114
http://www.wikidata.org/entity/Q188632,Roy Keane,Republic of Ireland men's national association football team,,1991-01-01T00:00:00Z,2005-01-01T00:00:00Z,67
http://www.wikidata.org/entity/Q188632,Roy Keane,Republic of Ireland national under-21 football team,,1991-01-01T00:00:00Z,1991-01-01T00:00:00Z,4
http://www.wikidata.org/entity/Q188632,Roy Keane,Manchester United F.C.,Premier League,1993-01-01T00:00:00Z,2005-01-01T00:00:00Z,326
http://www.wikidata.org/entity/Q188632,Roy Keane,Celtic F.C.,Scottish Premiership,2005-01-01T00:00:00Z,2006-01-01T00:00:00Z,10
http://www.wikidata.org/entity/Q188696,Christian Vieri,A.C. Prato,Serie D,1989-01-01T00:00:00Z,1990-01-01T00:00:00Z,0
http://www.wikidata.org/entity/Q188696,Christian Vieri,Torino FC,Serie A,1991-01-01T00:00:00Z,1992-01-01T00:00:00Z,7
http://www.wikidata.org/entity/Q188696,Christian Vieri,Pisa SC,Serie A,1992-01-01T00:00:00Z,1993-01-01T00:00:00Z,18
http://www.wikidata.org/entity/Q188696,Christian Vieri,Italy national under-21 football team,,1992-01-01T00:00:00Z,1996-01-01T00:00:00Z,22
http://www.wikidata.org/entity/Q188696,Christian Vieri,S.C. Ravenna Sport,Serie C1,1993-01-01T00:00:00Z,1994-01-01T00:00:00Z,32
http://www.wikidata.org/entity/Q188696,Christian Vieri,Italy national under-23 football team,,1993-01-01T00:00:00Z,1993-01-01T00:00:00Z,12
http://www.wikidata.org/entity/Q188696,Christian Vieri,Venezia F.C.,Serie B,1994-01-01T00:00:00Z,1995-01-01T00:00:00Z,29
http://www.wikidata.org/entity/Q188696,Christian Vieri,Atalanta BC,Serie A,1995-01-01T00:00:00Z,1996-01-01T00:00:00Z,21
http://www.wikidata.org/entity/Q188696,Christian Vieri,Juventus FC,Serie A,1996-01-01T00:00:00Z,1997-01-01T00:00:00Z,23
http://www.wikidata.org/entity/Q188696,Christian Vieri,Atlético Madrid,La Liga,1997-01-01T00:00:00Z,1998-01-01T00:00:00Z,24
http://www.wikidata.org/entity/Q188696,Christian Vieri,Italy men's national association football team,,1997-01-01T00:00:00Z,2005-01-01T00:00:00Z,49
http://www.wikidata.org/entity/Q188696,Christian Vieri,SS Lazio,Serie A,1998-01-01T00:00:00Z,1999-01-01T00:00:00Z,22
http://www.wikidata.org/entity/Q188696,Christian Vieri,Inter Milan,Serie A,1999-01-01T00:00:00Z,2005-01-01T00:00:00Z,143
http://www.wikidata.org/entity/Q188696,Christian Vieri,AC Milan,Serie A,2005-01-01T00:00:00Z,2006-01-01T00:00:00Z,8
http://www.wikidata.org/entity/Q188696,Christian Vieri,Atalanta BC,Serie A,2006-01-01T00:00:00Z,2007-01-01T00:00:00Z,7
http://www.wikidata.org/entity/Q188696,Christian Vieri,AS Monaco FC,Ligue 1,2006-01-01T00:00:00Z,2006-01-01T00:00:00Z,7
http://www.wikidata.org/entity/Q188696,Christian Vieri,ACF Fiorentina,Serie A,2007-01-01T00:00:00Z,2008-01-01T00:00:00Z,26
http://www.wikidata.org/entity/Q188696,Christian Vieri,Atalanta BC,Serie A,2008-01-01T00:00:00Z,2009-01-01T00:00:00Z,9
http://www.wikidata.org/entity/Q188746,Jermain Defoe,England national under-16 association football team,,,,
http://www.wikidata.org/entity/Q188746,Jermain Defoe,West Ham United F.C.,Premier League,1999-01-01T00:00:00Z,2004-01-01T00:00:00Z,93
http://www.wikidata.org/entity/Q188746,Jermain Defoe,AFC Bournemouth,Premier League,2000-01-01T00:00:00Z,2001-01-01T00:00:00Z,29
http://www.wikidata.org/entity/Q188746,Jermain Defoe,England national under-18 association football team,,2000-01-01T00:00:00Z,2001-01-01T00:00:00Z,7
http://www.wikidata.org/entity/Q188746,Jermain Defoe,England national under-21 association football team,,2001-01-01T00:00:00Z,2003-01-01T00:00:00Z,23
http://www.wikidata.org/entity/Q188746,Jermain Defoe,Tottenham Hotspur F.C.,Premier League,2004-01-01T00:00:00Z,2008-01-01T00:00:00Z,139
http://www.wikidata.org/entity/Q188746,Jermain Defoe,England men's national association football team,,2004-01-01T00:00:00Z,2013-01-01T00:00:00Z,55
http://www.wikidata.org/entity/Q188746,Jermain Defoe,Portsmouth F.C.,EFL Championship,2008-01-01T00:00:00Z,2008-01-01T00:00:00Z,1
http://www.wikidata.org/entity/Q188746,Jermain Defoe,Portsmouth F.C.,EFL Championship,2008-01-31T00:00:00Z,2009-01-01T00:00:00Z,30
http://www.wikidata.org/entity/Q188746,Jermain Defoe,Tottenham Hotspur F.C.,Premier League,2009-01-01T00:00:00Z,2014-01-01T00:00:00Z,135
http://www.wikidata.org/entity/Q188746,Jermain Defoe,Tottenham Hotspur F.C.,Premier League,2014-02-28T00:00:00Z,2014-02-28T00:00:00Z,2
http://www.wikidata.org/entity/Q188746,Jermain Defoe,Toronto FC,Major League Soccer,2014-02-28T00:00:00Z,2014-12-01T00:00:00Z,19
http://www.wikidata.org/entity/Q188746,Jermain Defoe,Sunderland A.F.C.,Premier League,2015-01-01T00:00:00Z,2017-01-01T00:00:00Z,87
http://www.wikidata.org/entity/Q188746,Jermain Defoe,Rangers F.C.,Scottish Premiership,2019-01-01T00:00:00Z,2020-01-01T00:00:00Z,37
http://www.wikidata.org/entity/Q188746,Jermain Defoe,Rangers F.C.,Scottish Premiership,2020-01-01T00:00:00Z,2022-01-01T00:00:00Z,17
http://www.wikidata.org/entity/Q188746,Jermain Defoe,Sunderland A.F.C.,Premier League,2022-01-01T00:00:00Z,2022-01-01T00:00:00Z,7
http://www.wikidata.org/entity/Q188997,Wojciech Szczęsny,Arsenal F.C.,Premier League,2006-01-01T00:00:00Z,2017-07-01T00:00:00Z,132
http://www.wikidata.org/entity/Q188997,Wojciech Szczęsny,Poland national under-20 football team,,2007-01-01T00:00:00Z,2010-01-01T00:00:00Z,4
http://www.wikidata.org/entity/Q188997,Wojciech Szczęsny,Brentford F.C.,Premier League,2009-01-01T00:00:00Z,2010-01-01T00:00:00Z,28
http://www.wikidata.org/entity/Q188997,Wojciech Szczęsny,Poland men's national football team,,2009-01-01T00:00:00Z,2024-01-01T00:00:00Z,84
http://www.wikidata.org/entity/Q188997,Wojciech Szczęsny,Poland national under-21 football team,,2009-01-01T00:00:00Z,2012-01-01T00:00:00Z,7
http://www.wikidata.org/entity/Q188997,Wojciech Szczęsny,AS Roma,Serie A,2015-01-01T00:00:00Z,2017-05-30T00:00:00Z,72
http://www.wikidata.org/entity/Q188997,Wojciech Szczęsny,Juventus FC,Serie A,2017-07-01T00:00:00Z,2024-06-01T00:00:00Z,200
http://www.wikidata.org/entity/Q188997,Wojciech Szczęsny,Futbol Club Barcelona,La Liga,2024-10-01T00:00:00Z,,21
http://www.wikidata.org/entity/Q189827,John Arne Riise,Norway national under-15 association football team,,1996-01-01T00:00:00Z,1996-01-01T00:00:00Z,9
http://www.wikidata.org/entity/Q189827,John Arne Riise,Aalesunds FK,Eliteserien,1997-01-01T00:00:00Z,1998-01-01T00:00:00Z,25
http://www.wikidata.org/entity/Q189827,John Arne Riise,Norway national under-17 association football team,,1997-01-01T00:00:00Z,1997-01-01T00:00:00Z,2
http://www.wikidata.org/entity/Q189827,John Arne Riise,Norway national under-16 association football team,,1997-01-01T00:00:00Z,1997-01-01T00:00:00Z,5
http://www.wikidata.org/entity/Q189827,John Arne Riise,AS Monaco FC,Ligue 1,1998-01-01T00:00:00Z,2001-01-01T00:00:00Z,44
http://www.wikidata.org/entity/Q189827,John Arne Riise,Norway national under-18 association football team,,1998-01-01T00:00:00Z,1998-01-01T00:00:00Z,4
http://www.wikidata.org/entity/Q189827,John Arne Riise,Norway national under-21 association football team,,1999-01-01T00:00:00Z,2000-01-01T00:00:00Z,
http://www.wikidata.org/entity/Q189827,John Arne Riise,Norway national under-19 association football team,,1999-01-01T00:00:00Z,1999-01-01T00:00:00Z,1
http://www.wikidata.org/entity/Q189827,John Arne Riise,Norway men's national association football team,,2000-01-01T00:00:00Z,2013-01-01T00:00:00Z,110
http://www.wikidata.org/entity/Q189827,John Arne Riise,Liverpool F.C.,Premier League,2001-01-01T00:00:00Z,2008-01-01T00:00:00Z,234
http://www.wikidata.org/entity/Q189827,John Arne Riise,AS Roma,Serie A,2008-01-01T00:00:00Z,2011-01-01T00:00:00Z,99
http://www.wikidata.org/entity/Q189827,John Arne Riise,Fulham F.C.,Premier League,2011-01-01T00:00:00Z,2014-01-01T00:00:00Z,87
http://www.wikidata.org/entity/Q189827,John Arne Riise,APOEL F.C.,Cypriot First Division,2014-01-01T00:00:00Z,2015-01-01T00:00:00Z,25
http://www.wikidata.org/entity/Q189827,John Arne Riise,Odisha FC,Indian Super League,2015-08-01T00:00:00Z,2016-01-01T00:00:00Z,15
http://www.wikidata.org/entity/Q189827,John Arne Riise,Aalesunds FK,Eliteserien,2016-03-01T00:00:00Z,2016-06-01T00:00:00Z,10
http://www.wikidata.org/entity/Q189827,John Arne Riise,Chennaiyin FC,Indian Super League,2016-10-01T00:00:00Z,2017-01-01T00:00:00Z,10
http://www.wikidata.org/entity/Q189827,John Arne Riise,SK Rollon,,2017-01-01T00:00:00Z,2017-01-01T00:00:00Z,2
http://www.wikidata.org/entity/Q190608,Rui Costa,S.L. Benfica,Liga Portugal,1990-01-01T00:00:00Z,1994-01-01T00:00:00Z,78
http://www.wikidata.org/entity/Q190608,Rui Costa,AD Fafe,Segunda Divisão,1990-01-01T00:00:00Z,1991-01-01T00:00:00Z,38
http://www.wikidata.org/entity/Q190608,Rui Costa,Portugal national under-18 football team,,1990-01-01T00:00:00Z,1990-01-01T00:00:00Z,4
http://www.wikidata.org/entity/Q190608,Rui Costa,Portugal national under-20 football team,,1991-01-01T00:00:00Z,1991-01-01T00:00:00Z,11
http://www.wikidata.org/entity/Q190608,Rui Costa,Portugal national under-21 football team,,1992-01-01T00:00:00Z,1994-01-01T00:00:00Z,19
http://www.wikidata.org/entity/Q190608,Rui Costa,Portugal men's national football team,,1993-01-01T00:00:00Z,2004-01-01T00:00:00Z,94
http://www.wikidata.org/entity/Q190608,Rui Costa,ACF Fiorentina,Serie A,1994-01-01T00:00:00Z,2001-01-01T00:00:00Z,215
http://www.wikidata.org/entity/Q190608,Rui Costa,AC Milan,Serie A,2001-01-01T00:00:00Z,2006-01-01T00:00:00Z,124
http://www.wikidata.org/entity/Q190608,Rui Costa,S.L. Benfica,Liga Portugal,2006-01-01T00:00:00Z,2008-01-01T00:00:00Z,43
http://www.wikidata.org/entity/Q191136,James Milner,England national under-16 association football team,,2001-01-01T00:00:00Z,2002-01-01T00:00:00Z,6
http://www.wikidata.org/entity/Q191136,James Milner,Leeds United F.C.,Premier League,2002-01-01T00:00:00Z,2004-01-01T00:00:00Z,48
http://www.wikidata.org/entity/Q191136,James Milner,England national under-17 association football team,,2002-01-01T00:00:00Z,2003-01-01T00:00:00Z,11
http://www.wikidata.org/entity/Q191136,James Milner,Swindon Town F.C.,EFL League Two,2003-01-01T00:00:00Z,2003-01-01T00:00:00Z,6
http://www.wikidata.org/entity/Q191136,James Milner,England national under-20 association football team,,2003-01-01T00:00:00Z,2004-01-01T00:00:00Z,6
http://www.wikidata.org/entity/Q191136,James Milner,England national under-19 association football team,,2003-01-01T00:00:00Z,2003-01-01T00:00:00Z,1
http://www.wikidata.org/entity/Q191136,James Milner,Newcastle United F.C.,Premier League,2004-01-01T00:00:00Z,2008-01-01T00:00:00Z,94
http://www.wikidata.org/entity/Q191136,James Milner,England national under-21 association football team,,2004-01-01T00:00:00Z,2009-01-01T00:00:00Z,46
http://www.wikidata.org/entity/Q191136,James Milner,Aston Villa F.C.,Premier League,2005-01-01T00:00:00Z,2006-01-01T00:00:00Z,27
http://www.wikidata.org/entity/Q191136,James Milner,Aston Villa F.C.,Premier League,2008-01-01T00:00:00Z,2010-01-01T00:00:00Z,73
http://www.wikidata.org/entity/Q191136,James Milner,England men's national association football team,,2009-01-01T00:00:00Z,2016-01-01T00:00:00Z,61
http://www.wikidata.org/entity/Q191136,James Milner,Manchester City F.C.,Premier League,2010-01-01T00:00:00Z,2015-01-01T00:00:00Z,147
http://www.wikidata.org/entity/Q191136,James Milner,Liverpool F.C.,Premier League,2015-01-01T00:00:00Z,2023-06-01T00:00:00Z,230
http://www.wikidata.org/entity/Q191136,James Milner,Brighton & Hove Albion F.C.,Premier League,2023-07-01T00:00:00Z,,26
http://www.wikidata.org/entity/Q191855,Gareth Barry,Aston Villa F.C.,Premier League,1998-01-01T00:00:00Z,2009-01-01T00:00:00Z,365
http://www.wikidata.org/entity/Q191855,Gareth Barry,England national under-21 association football team,,1998-01-01T00:00:00Z,2002-01-01T00:00:00Z,27
http://www.wikidata.org/entity/Q191855,Gareth Barry,England men's national association football team,,2000-01-01T00:00:00Z,2012-01-01T00:00:00Z,53
http://www.wikidata.org/entity/Q191855,Gareth Barry,Manchester City F.C.,Premier League,2009-01-01T00:00:00Z,2014-01-01T00:00:00Z,132
http://www.wikidata.org/entity/Q191855,Gareth Barry,Everton F.C.,Premier League,2013-01-01T00:00:00Z,2014-01-01T00:00:00Z,32
http://www.wikidata.org/entity/Q191855,Gareth Barry,Everton F.C.,Premier League,2014-01-01T00:00:00Z,2017-01-01T00:00:00Z,99
http://www.wikidata.org/entity/Q191855,Gareth Barry,West Bromwich Albion F.C.,EFL Championship,2017-01-01T00:00:00Z,2020-01-01T00:00:00Z,52
http://www.wikidata.org/entity/Q192122,Esteban Cambiasso,Argentina national under-17 football team,,1995-01-01T00:00:00Z,1995-01-01T00:00:00Z,6
http://www.wikidata.org/entity/Q192122,Esteban Cambiasso,Real Madrid Castilla,Primera Federación,1996-01-01T00:00:00Z,1998-01-01T00:00:00Z,42
http://www.wikidata.org/entity/Q192122,Esteban Cambiasso,Argentina national under-20 football team,,1997-01-01T00:00:00Z,1999-01-01T00:00:00Z,11
http://www.wikidata.org/entity/Q192122,Esteban Cambiasso,Argentina national under-17 football team,,1997-01-01T00:00:00Z,1997-01-01T00:00:00Z,6
http://www.wikidata.org/entity/Q192122,Esteban Cambiasso,Club Atlético Independiente,Argentine Primera División,1998-01-01T00:00:00Z,2001-01-01T00:00:00Z,98
http://www.wikidata.org/entity/Q192122,Esteban Cambiasso,Argentina men's national association football team,,2000-01-01T00:00:00Z,2011-01-01T00:00:00Z,52
http://www.wikidata.org/entity/Q192122,Esteban Cambiasso,Club Atlético River Plate,Argentine Primera División,2001-01-01T00:00:00Z,2002-01-01T00:00:00Z,37
http://www.wikidata.org/entity/Q192122,Esteban Cambiasso,Club Atlético River Plate,Liga de Voleibol Argentina – Serie A1,2001-01-01T00:00:00Z,2002-01-01T00:00:00Z,37
http://www.wikidata.org/entity/Q192122,Esteban Cambiasso,Real Madrid Club de Fútbol,La Liga,2002-01-01T00:00:00Z,2004-01-01T00:00:00Z,41
http://www.wikidata.org/entity/Q192122,Esteban Cambiasso,Inter Milan,Serie A,2004-01-01T00:00:00Z,2014-01-01T00:00:00Z,315
http://www.wikidata.org/entity/Q192122,Esteban Cambiasso,Leicester City F.C.,EFL Championship,2014-01-01T00:00:00Z,2015-01-01T00:00:00Z,31
http://www.wikidata.org/entity/Q192122,Esteban Cambiasso,Olympiacos F.C.,Super League Greece,2015-01-01T00:00:00Z,2017-01-01T00:00:00Z,28
http://www.wikidata.org/entity/Q192175,Dwight Yorke,Aston Villa F.C.,Premier League,1989-01-01T00:00:00Z,1998-01-01T00:00:00Z,232
http://www.wikidata.org/entity/Q192175,Dwight Yorke,Trinidad and Tobago men's national football team,,1989-01-01T00:00:00Z,2009-01-01T00:00:00Z,74
http://www.wikidata.org/entity/Q192175,Dwight Yorke,Manchester United F.C.,Premier League,1998-01-01T00:00:00Z,2002-01-01T00:00:00Z,96
http://www.wikidata.org/entity/Q192175,Dwight Yorke,Blackburn Rovers F.C.,EFL Championship,2002-01-01T00:00:00Z,2004-01-01T00:00:00Z,60
http://www.wikidata.org/entity/Q192175,Dwight Yorke,Birmingham City F.C.,EFL Championship,2004-01-01T00:00:00Z,2005-01-01T00:00:00Z,13
http://www.wikidata.org/entity/Q192175,Dwight Yorke,Sydney FC,A-League Men,2005-01-01T00:00:00Z,2006-01-01T00:00:00Z,21
http://www.wikidata.org/entity/Q192175,Dwight Yorke,Sunderland A.F.C.,Premier League,2006-01-01T00:00:00Z,2009-01-01T00:00:00Z,59
http://www.wikidata.org/entity/Q192175,Dwight Yorke,Tobago United F.C.,TT Premier Football League,2009-01-01T00:00:00Z,2010-01-01T00:00:00Z,0
http://www.wikidata.org/entity/Q192505,Mirko Vučinić,FK Sutjeska Nikšić,Montenegrin First League,1999-01-01T00:00:00Z,2000-01-01T00:00:00Z,9
http://www.wikidata.org/entity/Q192505,Mirko Vučinić,US Lecce,Serie A,2000-01-01T00:00:00Z,2006-01-01T00:00:00Z,111
http://www.wikidata.org/entity/Q192505,Mirko Vučinić,Serbia and Montenegro national football team,,2005-01-01T00:00:00Z,2006-01-01T00:00:00Z,3
http://www.wikidata.org/entity/Q192505,Mirko Vučinić,AS Roma,Serie A,2006-01-01T00:00:00Z,2011-01-01T00:00:00Z,147
http://www.wikidata.org/entity/Q192505,Mirko Vučinić,Montenegro men's national football team,,2007-01-01T00:00:00Z,2017-01-01T00:00:00Z,46
http://www.wikidata.org/entity/Q192505,Mirko Vučinić,Juventus FC,Serie A,2011-01-01T00:00:00Z,2014-01-01T00:00:00Z,75
http://www.wikidata.org/entity/Q192505,Mirko Vučinić,Al Jazira Club,UAE Pro League,2014-01-01T00:00:00Z,2017-01-01T00:00:00Z,29
http://www.wikidata.org/entity/Q192640,Dejan Stanković,FK Crvena zvezda,Serbian SuperLiga,1995-01-01T00:00:00Z,1998-01-01T00:00:00Z,85
http://www.wikidata.org/entity/Q192640,Dejan Stanković,SS Lazio,Serie A,1998-01-01T00:00:00Z,2004-01-01T00:00:00Z,137
http://www.wikidata.org/entity/Q192640,Dejan Stanković,Serbia men's national football team,,1998-01-01T00:00:00Z,2013-01-01T00:00:00Z,103
http://www.wikidata.org/entity/Q192640,Dejan Stanković,Serbia and Montenegro national football team,,1998-01-01T00:00:00Z,2006-01-01T00:00:00Z,61
http://www.wikidata.org/entity/Q192640,Dejan Stanković,Inter Milan,Serie A,2004-01-01T00:00:00Z,2013-01-01T00:00:00Z,231
http://www.wikidata.org/entity/Q192671,Arturo Vidal,Club Social y Deportivo Colo Colo,Chilean Primera División,2005-01-01T00:00:00Z,2007-01-01T00:00:00Z,36
http://www.wikidata.org/entity/Q192671,Arturo Vidal,Chile national under-20 football team,,2006-01-01T00:00:00Z,2007-01-01T00:00:00Z,14
http://www.wikidata.org/entity/Q192671,Arturo Vidal,Chile men's national football team,,2007-01-01T00:00:00Z,,147
http://www.wikidata.org/entity/Q192671,Arturo Vidal,Club Universidad de Chile,Chilean Primera División,2007-01-01T00:00:00Z,2011-01-01T00:00:00Z,117
http://www.wikidata.org/entity/Q192671,Arturo Vidal,Juventus FC,Serie A,2011-01-01T00:00:00Z,2015-01-01T00:00:00Z,124
http://www.wikidata.org/entity/Q192671,Arturo Vidal,FC Bayern Munich,Bundesliga,2015-01-01T00:00:00Z,2018-01-01T00:00:00Z,79
http://www.wikidata.org/entity/Q192671,Arturo Vidal,Futbol Club Barcelona,La Liga,2018-01-01T00:00:00Z,2020-09-01T00:00:00Z,66
http://www.wikidata.org/entity/Q192671,Arturo Vidal,Inter Milan,Serie A,2020-09-01T00:00:00Z,2022-07-01T00:00:00Z,51
http://www.wikidata.org/entity/Q192671,Arturo Vidal,Clube de Regatas do Flamengo,Campeonato Brasileiro Série A,2022-07-01T00:00:00Z,2023-07-01T00:00:00Z,28
http://www.wikidata.org/entity/Q192671,Arturo Vidal,Club Athletico Paranaense,Campeonato Brasileiro Série A,2023-07-01T00:00:00Z,2024-01-01T00:00:00Z,16
http://www.wikidata.org/entity/Q192671,Arturo Vidal,Club Social y Deportivo Colo Colo,Chilean Primera División,2024-01-01T00:00:00Z,,36
http://www.wikidata.org/entity/Q192840,Sami Hyypiä,Finland national under-21 football team,,1989-01-01T00:00:00Z,1992-01-01T00:00:00Z,27
http://www.wikidata.org/entity/Q192840,Sami Hyypiä,Kuusankosken Kumu,,1990-01-01T00:00:00Z,1991-01-01T00:00:00Z,19
http://www.wikidata.org/entity/Q192840,Sami Hyypiä,Finland men's national football team,,1992-01-01T00:00:00Z,2010-01-01T00:00:00Z,105
http://www.wikidata.org/entity/Q192840,Sami Hyypiä,MYPA,Kolmonen,1992-01-01T00:00:00Z,1995-01-01T00:00:00Z,96
http://www.wikidata.org/entity/Q192840,Sami Hyypiä,Willem II,Eerste Divisie,1995-01-01T00:00:00Z,1999-01-01T00:00:00Z,100
http://www.wikidata.org/entity/Q192840,Sami Hyypiä,Liverpool F.C.,Premier League,1999-01-01T00:00:00Z,2009-01-01T00:00:00Z,464
http://www.wikidata.org/entity/Q192840,Sami Hyypiä,Bayer 04 Leverkusen,Bundesliga,2009-01-01T00:00:00Z,2011-01-01T00:00:00Z,53
http://www.wikidata.org/entity/Q192923,Sokratis Papastathopoulos,Greece national under-17 football team,,2003-01-01T00:00:00Z,2005-01-01T00:00:00Z,11
http://www.wikidata.org/entity/Q192923,Sokratis Papastathopoulos,AEK Athens F.C.,Super League Greece,2005-01-01T00:00:00Z,2008-01-01T00:00:00Z,58
http://www.wikidata.org/entity/Q192923,Sokratis Papastathopoulos,Greece national under-19 football team,,2005-01-01T00:00:00Z,2007-01-01T00:00:00Z,13
http://www.wikidata.org/entity/Q192923,Sokratis Papastathopoulos,A.E.K.,,2005-01-01T00:00:00Z,2008-01-01T00:00:00Z,57
http://www.wikidata.org/entity/Q192923,Sokratis Papastathopoulos,Niki Volos F.C.,Super League Greece 2,2006-01-01T00:00:00Z,2006-01-01T00:00:00Z,11
http://www.wikidata.org/entity/Q192923,Sokratis Papastathopoulos,Greece national under-21 football team,,2007-01-01T00:00:00Z,2010-01-01T00:00:00Z,7
http://www.wikidata.org/entity/Q192923,Sokratis Papastathopoulos,Genoa CFC,Serie A,2008-01-01T00:00:00Z,2010-01-01T00:00:00Z,51
http://www.wikidata.org/entity/Q192923,Sokratis Papastathopoulos,Greece men's national football team,,2008-01-01T00:00:00Z,2019-01-01T00:00:00Z,90
http://www.wikidata.org/entity/Q192923,Sokratis Papastathopoulos,AC Milan,Serie A,2010-01-01T00:00:00Z,2012-01-01T00:00:00Z,5
http://www.wikidata.org/entity/Q192923,Sokratis Papastathopoulos,Genoa CFC,Serie A,2011-01-01T00:00:00Z,2011-01-01T00:00:00Z,0
http://www.wikidata.org/entity/Q192923,Sokratis Papastathopoulos,SV Werder Bremen,Bundesliga,2011-01-01T00:00:00Z,2012-01-01T00:00:00Z,30
http://www.wikidata.org/entity/Q192923,Sokratis Papastathopoulos,SV Werder Bremen,Bundesliga,2012-01-01T00:00:00Z,2013-01-01T00:00:00Z,29
http://www.wikidata.org/entity/Q192923,Sokratis Papastathopoulos,Borussia Dortmund,Bundesliga,2013-01-01T00:00:00Z,2018-06-30T00:00:00Z,130
http://www.wikidata.org/entity/Q192923,Sokratis Papastathopoulos,Arsenal F.C.,Premier League,2018-07-02T00:00:00Z,2021-01-20T00:00:00Z,44
http://www.wikidata.org/entity/Q192923,Sokratis Papastathopoulos,Olympiacos F.C.,Super League Greece,2021-01-01T00:00:00Z,2023-01-01T00:00:00Z,66
http://www.wikidata.org/entity/Q192923,Sokratis Papastathopoulos,Real Betis Balompié,La Liga,2023-01-01T00:00:00Z,2024-01-01T00:00:00Z,15
http://www.wikidata.org/entity/Q193702,Walter Samuel,Newell's Old Boys,Argentine Primera División,1996-01-01T00:00:00Z,1997-01-01T00:00:00Z,42
http://www.wikidata.org/entity/Q193702,Walter Samuel,Boca Juniors,Argentine Primera División,1997-01-01T00:00:00Z,2000-01-01T00:00:00Z,77
http://www.wikidata.org/entity/Q193702,Walter Samuel,Boca Juniors,Liga Nacional de Básquet,1997-01-01T00:00:00Z,2000-01-01T00:00:00Z,77
http://www.wikidata.org/entity/Q193702,Walter Samuel,Boca Juniors,Liga de Voleibol Argentina – Serie A1,1997-01-01T00:00:00Z,2000-01-01T00:00:00Z,77
http://www.wikidata.org/entity/Q193702,Walter Samuel,Argentina national under-20 football team,,1997-01-01T00:00:00Z,1997-01-01T00:00:00Z,6
http://www.wikidata.org/entity/Q193702,Walter Samuel,Argentina men's national association football team,,1999-01-01T00:00:00Z,2010-01-01T00:00:00Z,56
http://www.wikidata.org/entity/Q193702,Walter Samuel,AS Roma,Serie A,2000-01-01T00:00:00Z,2004-01-01T00:00:00Z,122
http://www.wikidata.org/entity/Q193702,Walter Samuel,Real Madrid Club de Fútbol,La Liga,2004-01-01T00:00:00Z,2005-01-01T00:00:00Z,30
http://www.wikidata.org/entity/Q193702,Walter Samuel,Inter Milan,Serie A,2005-01-01T00:00:00Z,2014-01-01T00:00:00Z,169
http://www.wikidata.org/entity/Q193702,Walter Samuel,FC Basel,Swiss Super League,2014-01-01T00:00:00Z,2016-01-01T00:00:00Z,28
http://www.wikidata.org/entity/Q194461,Guti,Real Madrid C,Tercera Federación,1994-01-01T00:00:00Z,1995-01-01T00:00:00Z,12
http://www.wikidata.org/entity/Q194461,Guti,Real Madrid Club de Fútbol,La Liga,1995-01-01T00:00:00Z,2010-01-01T00:00:00Z,387
http://www.wikidata.org/entity/Q194461,Guti,Real Madrid Castilla,Primera Federación,1995-01-01T00:00:00Z,1996-01-01T00:00:00Z,26
http://www.wikidata.org/entity/Q194461,Guti,Spain national under-18 football team,,1995-01-01T00:00:00Z,1995-01-01T00:00:00Z,4
http://www.wikidata.org/entity/Q194461,Guti,Spain national under-21 association football team,,1996-01-01T00:00:00Z,1998-01-01T00:00:00Z,8
http://www.wikidata.org/entity/Q194461,Guti,Spain men's national football team,,1999-01-01T00:00:00Z,2005-01-01T00:00:00Z,13
http://www.wikidata.org/entity/Q194461,Guti,Beşiktaş J.K.,Süper Lig,2010-01-01T00:00:00Z,2011-01-01T00:00:00Z,23
http://www.wikidata.org/entity/Q195317,Aleksandre Iashvili,FC Dinamo Tbilisi,Erovnuli Liga,1993-01-01T00:00:00Z,1997-01-01T00:00:00Z,89
http://www.wikidata.org/entity/Q195317,Aleksandre Iashvili,Georgia national under-17 football team,,1993-01-01T00:00:00Z,1993-01-01T00:00:00Z,2
http://www.wikidata.org/entity/Q195317,Aleksandre Iashvili,Georgia national under-19 football team,,1994-01-01T00:00:00Z,1995-01-01T00:00:00Z,4
http://www.wikidata.org/entity/Q195317,Aleksandre Iashvili,Georgia national under-21 football team,,1996-01-01T00:00:00Z,1997-01-01T00:00:00Z,9
http://www.wikidata.org/entity/Q195317,Aleksandre Iashvili,SC Freiburg,Bundesliga,1997-01-01T00:00:00Z,2007-01-01T00:00:00Z,255
http://www.wikidata.org/entity/Q195317,Aleksandre Iashvili,VfB Lübeck,3. Liga,1997-01-01T00:00:00Z,1997-01-01T00:00:00Z,15
http://www.wikidata.org/entity/Q195317,Aleksandre Iashvili,Georgia men's national football team,,1998-01-01T00:00:00Z,2011-01-01T00:00:00Z,67
http://www.wikidata.org/entity/Q195317,Aleksandre Iashvili,Karlsruher SC,2. Bundesliga,2007-01-01T00:00:00Z,2012-01-01T00:00:00Z,141
http://www.wikidata.org/entity/Q195317,Aleksandre Iashvili,Karlsruher SC,3. Liga,2007-01-01T00:00:00Z,2012-01-01T00:00:00Z,141
http://www.wikidata.org/entity/Q195317,Aleksandre Iashvili,VfL Bochum,2. Bundesliga,2012-01-01T00:00:00Z,2013-01-01T00:00:00Z,28
http://www.wikidata.org/entity/Q195317,Aleksandre Iashvili,Shamakhi FK,Azerbaijan Premier League,2013-01-01T00:00:00Z,2014-01-01T00:00:00Z,33
http://www.wikidata.org/entity/Q195317,Aleksandre Iashvili,FC Samtredia,Erovnuli Liga 2,2014-01-01T00:00:00Z,2015-01-01T00:00:00Z,10
http://www.wikidata.org/entity/Q195317,Aleksandre Iashvili,FC Dinamo Tbilisi,Erovnuli Liga,2015-01-01T00:00:00Z,,
http://www.wikidata.org/entity/Q196219,Henrikh Mkhitaryan,FC Pyunik,Armenian Premier League,2006-01-01T00:00:00Z,2009-01-01T00:00:00Z,70
http://www.wikidata.org/entity/Q196219,Henrikh Mkhitaryan,Armenia national under-17 football team,,2006-01-01T00:00:00Z,2007-01-01T00:00:00Z,5
http://www.wikidata.org/entity/Q196219,Henrikh Mkhitaryan,Armenia men's national football team,,2007-01-01T00:00:00Z,2021-01-01T00:00:00Z,95
http://www.wikidata.org/entity/Q196219,Henrikh Mkhitaryan,Armenia national under-19 football team,,2007-01-01T00:00:00Z,2008-01-01T00:00:00Z,6
http://www.wikidata.org/entity/Q196219,Henrikh Mkhitaryan,Armenia national under-21 football team,,2008-01-01T00:00:00Z,2010-01-01T00:00:00Z,13
http://www.wikidata.org/entity/Q196219,Henrikh Mkhitaryan,FC Metalurh Donetsk,,2009-01-01T00:00:00Z,2010-01-01T00:00:00Z,37
http://www.wikidata.org/entity/Q196219,Henrikh Mkhitaryan,FC Shakhtar Donetsk,Premier League,2010-01-01T00:00:00Z,2013-01-01T00:00:00Z,72
http://www.wikidata.org/entity/Q196219,Henrikh Mkhitaryan,Borussia Dortmund,Bundesliga,2013-01-01T00:00:00Z,2016-01-01T00:00:00Z,90
http://www.wikidata.org/entity/Q196219,Henrikh Mkhitaryan,Manchester United F.C.,Premier League,2016-01-01T00:00:00Z,2018-01-01T00:00:00Z,39
http://www.wikidata.org/entity/Q196219,Henrikh Mkhitaryan,Arsenal F.C.,Premier League,2018-01-22T00:00:00Z,2020-08-31T00:00:00Z,39
http://www.wikidata.org/entity/Q196219,Henrikh Mkhitaryan,AS Roma,Serie A,2019-09-02T00:00:00Z,2020-08-31T00:00:00Z,22
http://www.wikidata.org/entity/Q196219,Henrikh Mkhitaryan,AS Roma,Serie A,2020-09-01T00:00:00Z,2022-06-30T00:00:00Z,65
http://www.wikidata.org/entity/Q196219,Henrikh Mkhitaryan,Inter Milan,Serie A,2022-07-01T00:00:00Z,,106
http://www.wikidata.org/entity/Q1974908,Neil Young,Tottenham Hotspur F.C.,Premier League,1991-01-01T00:00:00Z,1994-01-01T00:00:00Z,0
http://www.wikidata.org/entity/Q1974908,Neil Young,AFC Bournemouth,Premier League,1994-01-01T00:00:00Z,2008-01-01T00:00:00Z,430
http://www.wikidata.org/entity/Q1974908,Neil Young,Weymouth F.C.,Southern Football League,2007-01-01T00:00:00Z,2007-01-01T00:00:00Z,3
http://www.wikidata.org/entity/Q1974908,Neil Young,Cumberland United,National Premier Leagues South Australia,2009-01-01T00:00:00Z,2011-01-01T00:00:00Z,48
http://www.wikidata.org/entity/Q1984844,Diego De Ascentis,Como 1907,Serie A,1995-01-01T00:00:00Z,1996-01-01T00:00:00Z,31
http://www.wikidata.org/entity/Q1984844,Diego De Ascentis,SSC Bari,Serie B,1996-01-01T00:00:00Z,1999-01-01T00:00:00Z,86
http://www.wikidata.org/entity/Q1984844,Diego De Ascentis,Italy national under-21 football team,,1997-01-01T00:00:00Z,1997-01-01T00:00:00Z,5
http://www.wikidata.org/entity/Q1984844,Diego De Ascentis,Italy national under-23 football team,,1997-01-01T00:00:00Z,1997-01-01T00:00:00Z,4
http://www.wikidata.org/entity/Q1984844,Diego De Ascentis,AC Milan,Serie A,1999-01-01T00:00:00Z,2000-01-01T00:00:00Z,19
http://www.wikidata.org/entity/Q1984844,Diego De Ascentis,Torino FC,Serie A,2000-01-01T00:00:00Z,2005-01-01T00:00:00Z,167
http://www.wikidata.org/entity/Q1984844,Diego De Ascentis,US Livorno 1915,Eccellenza Tuscany,2005-01-01T00:00:00Z,2006-01-01T00:00:00Z,29
http://www.wikidata.org/entity/Q1984844,Diego De Ascentis,Torino FC,Serie A,2006-01-01T00:00:00Z,2007-01-01T00:00:00Z,30
http://www.wikidata.org/entity/Q1984844,Diego De Ascentis,Atalanta BC,Serie A,2007-01-01T00:00:00Z,2010-01-01T00:00:00Z,65
http://www.wikidata.org/entity/Q2001939,Patricio Toranzo,Club Atlético River Plate,Argentine Primera División,2004-01-01T00:00:00Z,2005-01-01T00:00:00Z,3
http://www.wikidata.org/entity/Q2001939,Patricio Toranzo,Club Atlético River Plate,Liga de Voleibol Argentina – Serie A1,2004-01-01T00:00:00Z,2005-01-01T00:00:00Z,3
http://www.wikidata.org/entity/Q2001939,Patricio Toranzo,Futbol Club Barcelona,La Liga,2005-01-01T00:00:00Z,2010-01-01T00:00:00Z,300
http://www.wikidata.org/entity/Q2001939,Patricio Toranzo,Atlético de Rafaela,Torneo Federal A Ñ,2006-01-01T00:00:00Z,2007-01-01T00:00:00Z,36
http://www.wikidata.org/entity/Q2001939,Patricio Toranzo,Club Atlético Huracán,Argentine Primera División,2007-01-01T00:00:00Z,2010-01-01T00:00:00Z,69
http://www.wikidata.org/entity/Q2001939,Patricio Toranzo,Argentina men's national association football team,,2010-01-01T00:00:00Z,2010-01-01T00:00:00Z,2
http://www.wikidata.org/entity/Q2001939,Patricio Toranzo,Racing Club,Argentine Primera División,2010-01-01T00:00:00Z,2012-01-01T00:00:00Z,58
http://www.wikidata.org/entity/Q2001939,Patricio Toranzo,Club Atletico All Boys,Primera Nacional,2012-01-01T00:00:00Z,2012-01-01T00:00:00Z,12
http://www.wikidata.org/entity/Q2001939,Patricio Toranzo,Shanghai Shenhua F.C.,Chinese Super League,2013-01-01T00:00:00Z,2013-01-01T00:00:00Z,25
http://www.wikidata.org/entity/Q2001939,Patricio Toranzo,Club Atlético Huracán,Argentine Primera División,2014-01-01T00:00:00Z,,
http://www.wikidata.org/entity/Q200785,Tim Howard,North Jersey Imperials,USL Second Division,1997-01-01T00:00:00Z,1997-01-01T00:00:00Z,16
http://www.wikidata.org/entity/Q200785,Tim Howard,North Jersey Imperials,USL League Two,1997-01-01T00:00:00Z,1997-01-01T00:00:00Z,16
http://www.wikidata.org/entity/Q200785,Tim Howard,North Jersey Imperials,USL First Division,1997-01-01T00:00:00Z,1997-01-01T00:00:00Z,16
http://www.wikidata.org/entity/Q200785,Tim Howard,Red Bull New York,Major League Soccer,1998-01-01T00:00:00Z,2003-01-01T00:00:00Z,88
http://www.wikidata.org/entity/Q200785,Tim Howard,Generation Adidas International,,1998-01-01T00:00:00Z,1998-01-01T00:00:00Z,1
http://www.wikidata.org/entity/Q200785,Tim Howard,United States men's national under-20 soccer team,,1999-01-01T00:00:00Z,1999-01-01T00:00:00Z,3
http://www.wikidata.org/entity/Q200785,Tim Howard,United States men's national under-23 soccer team,,1999-01-01T00:00:00Z,1999-01-01T00:00:00Z,4
http://www.wikidata.org/entity/Q200785,Tim Howard,United States men's national soccer team,,2002-01-01T00:00:00Z,2017-01-01T00:00:00Z,121
http://www.wikidata.org/entity/Q200785,Tim Howard,Manchester United F.C.,Premier League,2003-01-01T00:00:00Z,2007-01-01T00:00:00Z,45
http://www.wikidata.org/entity/Q200785,Tim Howard,Everton F.C.,Premier League,2006-01-01T00:00:00Z,2007-01-01T00:00:00Z,25
http://www.wikidata.org/entity/Q200785,Tim Howard,Everton F.C.,Premier League,2007-01-01T00:00:00Z,2016-01-01T00:00:00Z,329
http://www.wikidata.org/entity/Q200785,Tim Howard,Colorado Rapids,Major League Soccer,2016-01-01T00:00:00Z,2019-01-01T00:00:00Z,100
http://www.wikidata.org/entity/Q200785,Tim Howard,Memphis 901 FC,USL Championship,2020-01-01T00:00:00Z,2020-01-01T00:00:00Z,6
http://www.wikidata.org/entity/Q20090225,Nicolò Barella,Italy national under-16 football team,,2012-01-01T00:00:00Z,2013-01-01T00:00:00Z,4
http://www.wikidata.org/entity/Q20090225,Nicolò Barella,Italy national under-15 football team,,2012-01-01T00:00:00Z,2012-01-01T00:00:00Z,5
http://www.wikidata.org/entity/Q20090225,Nicolò Barella,Italy national under-17 football team,,2013-01-01T00:00:00Z,2014-01-01T00:00:00Z,5
http://www.wikidata.org/entity/Q20090225,Nicolò Barella,Cagliari Calcio,Serie A,2014-01-01T00:00:00Z,2020-01-01T00:00:00Z,105
http://www.wikidata.org/entity/Q20090225,Nicolò Barella,Italy national under-18 football team,,2014-01-01T00:00:00Z,2015-01-01T00:00:00Z,8
http://www.wikidata.org/entity/Q20090225,Nicolò Barella,Italy national under-19 football team,,2015-01-01T00:00:00Z,2016-01-01T00:00:00Z,16
http://www.wikidata.org/entity/Q20090225,Nicolò Barella,Como 1907,Serie A,2016-01-01T00:00:00Z,2016-01-01T00:00:00Z,16
http://www.wikidata.org/entity/Q20090225,Nicolò Barella,Italy national under-21 football team,,2017-01-01T00:00:00Z,2019-01-01T00:00:00Z,10
http://www.wikidata.org/entity/Q20090225,Nicolò Barella,Italy men's national association football team,,2018-01-01T00:00:00Z,,68
http://www.wikidata.org/entity/Q20090225,Nicolò Barella,Inter Milan,Serie A,2019-01-01T00:00:00Z,2020-01-01T00:00:00Z,27
http://www.wikidata.org/entity/Q20090225,Nicolò Barella,Inter Milan,Serie A,2020-01-01T00:00:00Z,,188
http://www.wikidata.org/entity/Q201752,Javi Martínez,CD Berceo,Tercera División,1993-01-01T00:00:00Z,1995-01-01T00:00:00Z,
http://www.wikidata.org/entity/Q201752,Javi Martínez,CD Logroñés,Segunda División B,1995-01-01T00:00:00Z,1997-01-01T00:00:00Z,
http://www.wikidata.org/entity/Q201752,Javi Martínez,CD Izarra,Segunda División B,2000-01-01T00:00:00Z,2001-01-01T00:00:00Z,
http://www.wikidata.org/entity/Q201752,Javi Martínez,Club Atlético Osasuna,La Liga,2001-01-01T00:00:00Z,2005-01-01T00:00:00Z,
http://www.wikidata.org/entity/Q201752,Javi Martínez,Spain national under-17 association football team,,2005-01-01T00:00:00Z,2005-01-01T00:00:00Z,5
http://www.wikidata.org/entity/Q201752,Javi Martínez,Osasuna B,Primera Federación,2005-01-01T00:00:00Z,2006-01-01T00:00:00Z,32
http://www.wikidata.org/entity/Q201752,Javi Martínez,Athletic Club,La Liga,2006-01-01T00:00:00Z,2012-01-01T00:00:00Z,201
http://www.wikidata.org/entity/Q201752,Javi Martínez,Basque Country regional football team,,2006-01-01T00:00:00Z,2010-01-01T00:00:00Z,2
http://www.wikidata.org/entity/Q201752,Javi Martínez,Spain national under-19 football team,,2006-01-01T00:00:00Z,2007-01-01T00:00:00Z,5
http://www.wikidata.org/entity/Q201752,Javi Martínez,Spain national under-21 association football team,,2007-01-01T00:00:00Z,2011-01-01T00:00:00Z,24
http://www.wikidata.org/entity/Q201752,Javi Martínez,Spain men's national football team,,2010-01-01T00:00:00Z,2014-01-01T00:00:00Z,18
http://www.wikidata.org/entity/Q201752,Javi Martínez,FC Bayern Munich,Bundesliga,2012-01-01T00:00:00Z,2021-01-01T00:00:00Z,165
http://www.wikidata.org/entity/Q201752,Javi Martínez,Spain Olympic football team,,2012-01-01T00:00:00Z,2012-01-01T00:00:00Z,3
http://www.wikidata.org/entity/Q201752,Javi Martínez,Spain national under-23 football team,,2012-01-01T00:00:00Z,2012-01-01T00:00:00Z,4
http://www.wikidata.org/entity/Q201752,Javi Martínez,Qatar SC,Qatar Stars League,2021-01-01T00:00:00Z,2025-01-01T00:00:00Z,71
http://www.wikidata.org/entity/Q201752,Javi Martínez,Al Bidaa SC,,2025-07-01T00:00:00Z,,2
http://www.wikidata.org/entity/Q201825,Marek Hamšík,ŠK Slovan Bratislava,Slovak First Football League,2002-01-01T00:00:00Z,2004-01-01T00:00:00Z,6
http://www.wikidata.org/entity/Q201825,Marek Hamšík,Slovakia national under-17 football team,,2003-01-01T00:00:00Z,2004-01-01T00:00:00Z,6
http://www.wikidata.org/entity/Q201825,Marek Hamšík,Brescia Calcio,Serie B,2004-01-01T00:00:00Z,2007-01-01T00:00:00Z,65
http://www.wikidata.org/entity/Q201825,Marek Hamšík,Slovakia national under-19 football team,,2005-01-01T00:00:00Z,2006-01-01T00:00:00Z,6
http://www.wikidata.org/entity/Q201825,Marek Hamšík,Slovakia national under-21 football team,,2006-01-01T00:00:00Z,2007-01-01T00:00:00Z,2
http://www.wikidata.org/entity/Q201825,Marek Hamšík,SSC Napoli,Serie A,2007-01-01T00:00:00Z,2019-02-01T00:00:00Z,408
http://www.wikidata.org/entity/Q201825,Marek Hamšík,Slovakia men's national football team,,2007-01-01T00:00:00Z,2023-01-01T00:00:00Z,138
http://www.wikidata.org/entity/Q201825,Marek Hamšík,Dalian Professional F.C.,Chinese Super League,2019-02-01T00:00:00Z,2021-01-01T00:00:00Z,42
http://www.wikidata.org/entity/Q201825,Marek Hamšík,IFK Göteborg,Allsvenskan,2021-03-08T00:00:00Z,2021-06-30T00:00:00Z,6
http://www.wikidata.org/entity/Q201825,Marek Hamšík,Trabzonspor,Süper Lig,2021-07-01T00:00:00Z,2023-06-04T00:00:00Z,49
http://www.wikidata.org/entity/Q205188,Nicolás Burdisso,Boca Juniors,Argentine Primera División,1999-01-01T00:00:00Z,2004-01-01T00:00:00Z,102
http://www.wikidata.org/entity/Q205188,Nicolás Burdisso,Boca Juniors,Liga Nacional de Básquet,1999-01-01T00:00:00Z,2004-01-01T00:00:00Z,102
http://www.wikidata.org/entity/Q205188,Nicolás Burdisso,Boca Juniors,Liga de Voleibol Argentina – Serie A1,1999-01-01T00:00:00Z,2004-01-01T00:00:00Z,102
http://www.wikidata.org/entity/Q205188,Nicolás Burdisso,Argentina national under-20 football team,,2001-01-01T00:00:00Z,2001-01-01T00:00:00Z,13
http://www.wikidata.org/entity/Q205188,Nicolás Burdisso,Argentina men's national association football team,,2003-01-01T00:00:00Z,2011-01-01T00:00:00Z,49
http://www.wikidata.org/entity/Q205188,Nicolás Burdisso,Inter Milan,Serie A,2004-01-01T00:00:00Z,2009-01-01T00:00:00Z,93
http://www.wikidata.org/entity/Q205188,Nicolás Burdisso,AS Roma,Serie A,2009-01-01T00:00:00Z,2014-01-01T00:00:00Z,101
http://www.wikidata.org/entity/Q205188,Nicolás Burdisso,Genoa CFC,Serie A,2014-01-01T00:00:00Z,2017-01-01T00:00:00Z,108
http://www.wikidata.org/entity/Q205188,Nicolás Burdisso,Torino FC,Serie A,2017-08-31T00:00:00Z,2018-06-01T00:00:00Z,24
http://www.wikidata.org/entity/Q2058682,Jan Oblak,NK Olimpija Ljubljana,Slovenian PrvaLiga,2009-01-01T00:00:00Z,2010-01-01T00:00:00Z,34
http://www.wikidata.org/entity/Q2058682,Jan Oblak,Slovenia national under-21 football team,,2009-01-01T00:00:00Z,2013-01-01T00:00:00Z,18
http://www.wikidata.org/entity/Q2058682,Jan Oblak,Slovenia national under-17 football team,,2009-01-01T00:00:00Z,2009-01-01T00:00:00Z,
http://www.wikidata.org/entity/Q2058682,Jan Oblak,S.L. Benfica,Liga Portugal,2010-01-01T00:00:00Z,2014-01-01T00:00:00Z,16
http://www.wikidata.org/entity/Q2058682,Jan Oblak,S.C. Beira-Mar,Liga Portugal,2010-01-01T00:00:00Z,2010-01-01T00:00:00Z,0
http://www.wikidata.org/entity/Q2058682,Jan Oblak,S.C. Olhanense,Algarve Football Association,2011-01-01T00:00:00Z,2011-06-01T00:00:00Z,0
http://www.wikidata.org/entity/Q2058682,Jan Oblak,U.D. Leiria,Segunda Divisão,2011-09-01T00:00:00Z,2012-01-01T00:00:00Z,16
http://www.wikidata.org/entity/Q2058682,Jan Oblak,U.D. Leiria,Terceira Divisão,2011-09-01T00:00:00Z,2012-01-01T00:00:00Z,16
http://www.wikidata.org/entity/Q2058682,Jan Oblak,Slovenia men's national football team,,2012-01-01T00:00:00Z,,82
http://www.wikidata.org/entity/Q2058682,Jan Oblak,Rio Ave F.C.,Liga Portugal,2012-01-01T00:00:00Z,2013-01-01T00:00:00Z,28
http://www.wikidata.org/entity/Q2058682,Jan Oblak,S.L. Benfica B,Liga Portugal 2,2013-01-01T00:00:00Z,2013-01-01T00:00:00Z,2
http://www.wikidata.org/entity/Q2058682,Jan Oblak,Atlético Madrid,La Liga,2014-07-17T00:00:00Z,http://www.wikidata.org/.well-known/genid/596d2ce6f81cec0bf31ba0a12be88af9,381
http://www.wikidata.org/entity/Q206548,Robbie Fowler,England national under-21 association football team,,1993-01-01T00:00:00Z,1995-01-01T00:00:00Z,8
http://www.wikidata.org/entity/Q206548,Robbie Fowler,Liverpool F.C.,Premier League,1993-01-01T00:00:00Z,2001-01-01T00:00:00Z,236
http://www.wikidata.org/entity/Q206548,Robbie Fowler,England national association football B team,,1994-01-01T00:00:00Z,1994-01-01T00:00:00Z,1
http://www.wikidata.org/entity/Q206548,Robbie Fowler,England men's national association football team,,1996-01-01T00:00:00Z,2002-01-01T00:00:00Z,26
http://www.wikidata.org/entity/Q206548,Robbie Fowler,Leeds United F.C.,Premier League,2001-01-01T00:00:00Z,2003-01-01T00:00:00Z,30
http://www.wikidata.org/entity/Q206548,Robbie Fowler,Manchester City F.C.,Premier League,2003-01-01T00:00:00Z,2006-01-01T00:00:00Z,80
http://www.wikidata.org/entity/Q206548,Robbie Fowler,Liverpool F.C.,Premier League,2006-01-01T00:00:00Z,2007-01-01T00:00:00Z,30
http://www.wikidata.org/entity/Q206548,Robbie Fowler,Cardiff City F.C.,EFL League One,2007-01-01T00:00:00Z,2008-01-01T00:00:00Z,13
http://www.wikidata.org/entity/Q206548,Robbie Fowler,Blackburn Rovers F.C.,EFL Championship,2008-01-01T00:00:00Z,2008-01-01T00:00:00Z,3
http://www.wikidata.org/entity/Q206548,Robbie Fowler,Northern Fury FC,A-League Men,2009-01-01T00:00:00Z,2010-01-01T00:00:00Z,26
http://www.wikidata.org/entity/Q206548,Robbie Fowler,Perth Glory FC,A-League Men,2010-01-01T00:00:00Z,2011-01-01T00:00:00Z,28
http://www.wikidata.org/entity/Q206548,Robbie Fowler,Muangthong United F.C.,Thai League 1,2011-01-01T00:00:00Z,2012-01-01T00:00:00Z,13
http://www.wikidata.org/entity/Q208050,Leonardo Bonucci,Inter Milan,Serie A,2005-01-01T00:00:00Z,2009-01-01T00:00:00Z,1
http://www.wikidata.org/entity/Q208050,Leonardo Bonucci,Treviso F.B.C. 1993,Eccellenza,2007-01-01T00:00:00Z,2009-01-01T00:00:00Z,40
http://www.wikidata.org/entity/Q208050,Leonardo Bonucci,Pisa SC,Serie A,2009-01-01T00:00:00Z,2009-01-01T00:00:00Z,18
http://www.wikidata.org/entity/Q208050,Leonardo Bonucci,Genoa CFC,Serie A,2009-07-01T00:00:00Z,2009-07-02T00:00:00Z,0
http://www.wikidata.org/entity/Q208050,Leonardo Bonucci,SSC Bari,Serie B,2009-07-02T00:00:00Z,2010-01-01T00:00:00Z,38
http://www.wikidata.org/entity/Q208050,Leonardo Bonucci,Juventus FC,Serie A,2010-01-01T00:00:00Z,2017-07-01T00:00:00Z,227
http://www.wikidata.org/entity/Q208050,Leonardo Bonucci,Italy men's national association football team,,2010-01-01T00:00:00Z,2023-01-01T00:00:00Z,121
http://www.wikidata.org/entity/Q208050,Leonardo Bonucci,AC Milan,Serie A,2017-07-01T00:00:00Z,2018-08-01T00:00:00Z,35
http://www.wikidata.org/entity/Q208050,Leonardo Bonucci,Juventus FC,Serie A,2018-08-01T00:00:00Z,2023-09-01T00:00:00Z,130
http://www.wikidata.org/entity/Q208050,Leonardo Bonucci,1. FC Union Berlin,Bundesliga,2023-09-01T00:00:00Z,2024-01-11T00:00:00Z,7
http://www.wikidata.org/entity/Q208050,Leonardo Bonucci,Fenerbahçe Istanbul,Süper Lig,2024-01-01T00:00:00Z,2024-05-01T00:00:00Z,8
http://www.wikidata.org/entity/Q208087,Jonás Gutiérrez,Club Atlético Vélez Sarsfield,Argentine Primera División,2001-01-01T00:00:00Z,2005-01-01T00:00:00Z,110
http://www.wikidata.org/entity/Q208087,Jonás Gutiérrez,RCD Mallorca,La Liga,2005-01-01T00:00:00Z,2008-01-01T00:00:00Z,104
http://www.wikidata.org/entity/Q208087,Jonás Gutiérrez,Argentina men's national association football team,,2007-01-01T00:00:00Z,2011-01-01T00:00:00Z,22
http://www.wikidata.org/entity/Q208087,Jonás Gutiérrez,Newcastle United F.C.,Premier League,2008-01-01T00:00:00Z,2015-01-01T00:00:00Z,205
http://www.wikidata.org/entity/Q208087,Jonás Gutiérrez,Norwich City F.C.,EFL Championship,2014-01-01T00:00:00Z,2014-01-01T00:00:00Z,4
http://www.wikidata.org/entity/Q208087,Jonás Gutiérrez,Deportivo de La Coruña,LaLiga 2,2015-01-01T00:00:00Z,2016-01-01T00:00:00Z,17
http://www.wikidata.org/entity/Q208087,Jonás Gutiérrez,Defensa y Justicia,Argentine Primera División,2016-01-01T00:00:00Z,2017-01-01T00:00:00Z,29
http://www.wikidata.org/entity/Q208087,Jonás Gutiérrez,Club Atlético Independiente,Argentine Primera División,2017-01-01T00:00:00Z,2018-01-01T00:00:00Z,24
http://www.wikidata.org/entity/Q208087,Jonás Gutiérrez,Defensa y Justicia,Argentine Primera División,2018-01-01T00:00:00Z,2019-01-01T00:00:00Z,6
http://www.wikidata.org/entity/Q208087,Jonás Gutiérrez,Club Atlético Banfield,Argentine Primera División,2019-01-01T00:00:00Z,2021-01-01T00:00:00Z,21
http://www.wikidata.org/entity/Q208087,Jonás Gutiérrez,Club Almagro,Primera Nacional,2021-01-01T00:00:00Z,2021-01-01T00:00:00Z,7
http://www.wikidata.org/entity/Q208104,Xabi Alonso,Antiguoko,,1990-01-01T00:00:00Z,1999-01-01T00:00:00Z,
http://www.wikidata.org/entity/Q208104,Xabi Alonso,Real Sociedad B,LaLiga 2,1999-01-01T00:00:00Z,2000-01-01T00:00:00Z,39
http://www.wikidata.org/entity/Q208104,Xabi Alonso,Real Sociedad,La Liga,2000-01-01T00:00:00Z,2004-01-01T00:00:00Z,114
http://www.wikidata.org/entity/Q208104,Xabi Alonso,SD Eibar,LaLiga 2,2000-01-01T00:00:00Z,2001-01-01T00:00:00Z,14
http://www.wikidata.org/entity/Q208104,Xabi Alonso,Spain national under-18 football team,,2000-01-01T00:00:00Z,2000-01-01T00:00:00Z,1
http://www.wikidata.org/entity/Q208104,Xabi Alonso,Basque Country regional football team,,2001-01-01T00:00:00Z,2012-01-01T00:00:00Z,5
http://www.wikidata.org/entity/Q208104,Xabi Alonso,Spain national under-21 association football team,,2002-01-01T00:00:00Z,2003-01-01T00:00:00Z,9
http://www.wikidata.org/entity/Q208104,Xabi Alonso,Spain men's national football team,,2003-01-01T00:00:00Z,2014-01-01T00:00:00Z,114
http://www.wikidata.org/entity/Q208104,Xabi Alonso,Liverpool F.C.,Premier League,2004-01-01T00:00:00Z,2009-01-01T00:00:00Z,143
http://www.wikidata.org/entity/Q208104,Xabi Alonso,Real Madrid Club de Fútbol,La Liga,2009-01-01T00:00:00Z,2014-01-01T00:00:00Z,158
http://www.wikidata.org/entity/Q208104,Xabi Alonso,FC Bayern Munich,Bundesliga,2014-01-01T00:00:00Z,2017-01-01T00:00:00Z,79
http://www.wikidata.org/entity/Q208586,Stephan Lichtsteiner,Grasshopper Club Zürich,Swiss Super League,2001-01-01T00:00:00Z,2005-01-01T00:00:00Z,79
http://www.wikidata.org/entity/Q208586,Stephan Lichtsteiner,Switzerland national under-19 association football team,,2002-01-01T00:00:00Z,2002-01-01T00:00:00Z,5
http://www.wikidata.org/entity/Q208586,Stephan Lichtsteiner,Switzerland national under-21 football team,,2003-01-01T00:00:00Z,2005-01-01T00:00:00Z,30
http://www.wikidata.org/entity/Q208586,Stephan Lichtsteiner,Lille OSC,Ligue 1,2005-01-01T00:00:00Z,2008-01-01T00:00:00Z,89
http://www.wikidata.org/entity/Q208586,Stephan Lichtsteiner,Switzerland men's national football team,,2005-01-01T00:00:00Z,2019-01-01T00:00:00Z,108
http://www.wikidata.org/entity/Q208586,Stephan Lichtsteiner,SS Lazio,Serie A,2008-01-01T00:00:00Z,2011-01-01T00:00:00Z,100
http://www.wikidata.org/entity/Q208586,Stephan Lichtsteiner,Juventus FC,Serie A,2011-01-01T00:00:00Z,2018-05-30T00:00:00Z,201
http://www.wikidata.org/entity/Q208586,Stephan Lichtsteiner,Arsenal F.C.,Premier League,2018-06-05T00:00:00Z,2019-06-30T00:00:00Z,14
http://www.wikidata.org/entity/Q208586,Stephan Lichtsteiner,FC Augsburg,,2019-08-19T00:00:00Z,2020-06-30T00:00:00Z,20
http://www.wikidata.org/entity/Q208933,Phil Jagielka,Sheffield United F.C.,EFL Championship,2000-01-01T00:00:00Z,2007-01-01T00:00:00Z,254
http://www.wikidata.org/entity/Q208933,Phil Jagielka,England national under-21 association football team,,2002-01-01T00:00:00Z,2003-01-01T00:00:00Z,6
http://www.wikidata.org/entity/Q208933,Phil Jagielka,Everton F.C.,Premier League,2007-01-01T00:00:00Z,2019-01-01T00:00:00Z,322
http://www.wikidata.org/entity/Q208933,Phil Jagielka,England national association football B team,,2007-01-01T00:00:00Z,2007-01-01T00:00:00Z,1
http://www.wikidata.org/entity/Q208933,Phil Jagielka,England men's national association football team,,2008-01-01T00:00:00Z,2016-01-01T00:00:00Z,40
http://www.wikidata.org/entity/Q208933,Phil Jagielka,Sheffield United F.C.,EFL Championship,2019-01-01T00:00:00Z,2021-01-01T00:00:00Z,16
http://www.wikidata.org/entity/Q208933,Phil Jagielka,Derby County F.C.,EFL Championship,2021-01-01T00:00:00Z,2022-01-01T00:00:00Z,20
http://www.wikidata.org/entity/Q208933,Phil Jagielka,Stoke City F.C.,EFL Championship,2022-01-01T00:00:00Z,2023-01-01T00:00:00Z,47
http://www.wikidata.org/entity/Q210914,Juanfran Torres,Real Madrid C,Tercera Federación,2002-01-01T00:00:00Z,2005-01-01T00:00:00Z,56
http://www.wikidata.org/entity/Q210914,Juanfran Torres,Real Madrid Castilla,Primera Federación,2003-01-01T00:00:00Z,2005-01-01T00:00:00Z,56
http://www.wikidata.org/entity/Q210914,Juanfran Torres,Spain national under-17 association football team,,2003-01-01T00:00:00Z,2003-01-01T00:00:00Z,4
http://www.wikidata.org/entity/Q210914,Juanfran Torres,Spain national under-20 football team,,2003-01-01T00:00:00Z,2005-01-01T00:00:00Z,11
http://www.wikidata.org/entity/Q210914,Juanfran Torres,Spain national under-18 football team,,2003-01-01T00:00:00Z,2003-01-01T00:00:00Z,3
http://www.wikidata.org/entity/Q210914,Juanfran Torres,Real Madrid Club de Fútbol,La Liga,2004-01-01T00:00:00Z,2006-01-01T00:00:00Z,6
http://www.wikidata.org/entity/Q210914,Juanfran Torres,Spain national under-21 association football team,,2004-01-01T00:00:00Z,2006-01-01T00:00:00Z,9
http://www.wikidata.org/entity/Q210914,Juanfran Torres,Spain national under-19 football team,,2004-01-01T00:00:00Z,2004-01-01T00:00:00Z,4
http://www.wikidata.org/entity/Q210914,Juanfran Torres,RCD Espanyol de Barcelona,La Liga,2005-01-01T00:00:00Z,2006-01-01T00:00:00Z,30
http://www.wikidata.org/entity/Q210914,Juanfran Torres,Club Atlético Osasuna,La Liga,2006-01-01T00:00:00Z,2011-01-01T00:00:00Z,148
http://www.wikidata.org/entity/Q210914,Juanfran Torres,Atlético Madrid,La Liga,2011-01-01T00:00:00Z,2019-06-01T00:00:00Z,243
http://www.wikidata.org/entity/Q210914,Juanfran Torres,Spain men's national football team,,2012-01-01T00:00:00Z,2016-01-01T00:00:00Z,22
http://www.wikidata.org/entity/Q210914,Juanfran Torres,São Paulo FC,Campeonato Brasileiro Série A,2019-08-01T00:00:00Z,2021-02-01T00:00:00Z,37
http://www.wikidata.org/entity/Q21091691,Alex Iwobi,England national under-16 association football team,,2011-01-01T00:00:00Z,2012-01-01T00:00:00Z,7
http://www.wikidata.org/entity/Q21091691,Alex Iwobi,England national under-18 association football team,,2013-01-01T00:00:00Z,2013-01-01T00:00:00Z,1
http://www.wikidata.org/entity/Q21091691,Alex Iwobi,England national under-17 association football team,,2013-01-01T00:00:00Z,2013-01-01T00:00:00Z,3
http://www.wikidata.org/entity/Q21091691,Alex Iwobi,Nigeria men's national football team,,2015-01-01T00:00:00Z,,91
http://www.wikidata.org/entity/Q21091691,Alex Iwobi,Arsenal F.C.,Premier League,2015-07-01T00:00:00Z,2019-08-08T00:00:00Z,100
http://www.wikidata.org/entity/Q21091691,Alex Iwobi,Everton F.C.,Premier League,2019-08-08T00:00:00Z,2023-01-01T00:00:00Z,123
http://www.wikidata.org/entity/Q21091691,Alex Iwobi,Fulham F.C.,Premier League,2023-01-01T00:00:00Z,,84
http://www.wikidata.org/entity/Q211120,Thomas Sørensen,Odense Boldklub,Danish Superliga,1993-01-01T00:00:00Z,1998-01-01T00:00:00Z,0
http://www.wikidata.org/entity/Q211120,Thomas Sørensen,Denmark national under-21 football team,,1993-01-01T00:00:00Z,1997-01-01T00:00:00Z,25
http://www.wikidata.org/entity/Q211120,Thomas Sørensen,Denmark national under-19 football team,,1993-01-01T00:00:00Z,1995-01-01T00:00:00Z,3
http://www.wikidata.org/entity/Q211120,Thomas Sørensen,Vejle Boldklub,Danish Superliga,1995-01-01T00:00:00Z,1997-01-01T00:00:00Z,6
http://www.wikidata.org/entity/Q211120,Thomas Sørensen,FC Svendborg,,1997-01-01T00:00:00Z,1998-01-01T00:00:00Z,45
http://www.wikidata.org/entity/Q211120,Thomas Sørensen,Sunderland A.F.C.,Premier League,1998-01-01T00:00:00Z,2003-01-01T00:00:00Z,171
http://www.wikidata.org/entity/Q211120,Thomas Sørensen,Denmark men's national football team,,1999-01-01T00:00:00Z,2012-01-01T00:00:00Z,101
http://www.wikidata.org/entity/Q211120,Thomas Sørensen,Aston Villa F.C.,Premier League,2003-01-01T00:00:00Z,2008-01-01T00:00:00Z,139
http://www.wikidata.org/entity/Q211120,Thomas Sørensen,Stoke City F.C.,EFL Championship,2008-01-01T00:00:00Z,2015-01-01T00:00:00Z,99
http://www.wikidata.org/entity/Q211120,Thomas Sørensen,Melbourne City FC,A-League Men,2015-01-01T00:00:00Z,2017-01-01T00:00:00Z,
http://www.wikidata.org/entity/Q21130285,Marcos Llorente,La Masia,,2000-01-01T00:00:00Z,,
http://www.wikidata.org/entity/Q21130285,Marcos Llorente,Futbol Club Barcelona,La Liga,2010-01-01T00:00:00Z,2014-01-01T00:00:00Z,1000
http://www.wikidata.org/entity/Q21130285,Marcos Llorente,Atlético Madrid,La Liga,2014-01-01T00:00:00Z,,
http://www.wikidata.org/entity/Q211451,Aleksandar Kolarov,FK Čukarički,Serbian SuperLiga,2004-01-01T00:00:00Z,2006-01-01T00:00:00Z,44
http://www.wikidata.org/entity/Q211451,Aleksandar Kolarov,OFK Beograd,Serbian SuperLiga,2006-01-01T00:00:00Z,2007-01-01T00:00:00Z,38
http://www.wikidata.org/entity/Q211451,Aleksandar Kolarov,Serbia national under-21 football team,,2006-01-01T00:00:00Z,2007-01-01T00:00:00Z,11
http://www.wikidata.org/entity/Q211451,Aleksandar Kolarov,SS Lazio,Serie A,2007-01-01T00:00:00Z,2010-01-01T00:00:00Z,82
http://www.wikidata.org/entity/Q211451,Aleksandar Kolarov,Serbia national under-21 football team,,2007-01-01T00:00:00Z,2007-01-01T00:00:00Z,5
http://www.wikidata.org/entity/Q211451,Aleksandar Kolarov,Serbia men's national football team,,2008-01-01T00:00:00Z,2020-01-01T00:00:00Z,94
http://www.wikidata.org/entity/Q211451,Aleksandar Kolarov,Manchester City F.C.,Premier League,2010-01-01T00:00:00Z,2017-01-01T00:00:00Z,165
http://www.wikidata.org/entity/Q211451,Aleksandar Kolarov,AS Roma,Serie A,2017-01-01T00:00:00Z,2020-01-01T00:00:00Z,100
http://www.wikidata.org/entity/Q211451,Aleksandar Kolarov,Inter Milan,Serie A,2020-01-01T00:00:00Z,2022-01-01T00:00:00Z,10
http://www.wikidata.org/entity/Q21195147,Mikel Oyarzabal,SD Eibar,LaLiga 2,,2011-01-01T00:00:00Z,
http://www.wikidata.org/entity/Q21195147,Mikel Oyarzabal,Real Sociedad,La Liga,2011-01-01T00:00:00Z,2015-01-01T00:00:00Z,
http://www.wikidata.org/entity/Q21195147,Mikel Oyarzabal,SD Eibar,LaLiga 2,2013-01-01T00:00:00Z,2014-01-01T00:00:00Z,
http://www.wikidata.org/entity/Q21195147,Mikel Oyarzabal,Real Sociedad B,LaLiga 2,2013-01-01T00:00:00Z,2015-01-01T00:00:00Z,13
http://www.wikidata.org/entity/Q21195147,Mikel Oyarzabal,Real Sociedad,La Liga,2015-01-01T00:00:00Z,,327
http://www.wikidata.org/entity/Q21195147,Mikel Oyarzabal,Spain national under-18 football team,,2015-01-01T00:00:00Z,2015-01-01T00:00:00Z,2
http://www.wikidata.org/entity/Q21195147,Mikel Oyarzabal,Spain men's national football team,,2016-01-01T00:00:00Z,,51
http://www.wikidata.org/entity/Q21195147,Mikel Oyarzabal,Basque Country regional football team,,2016-01-01T00:00:00Z,2016-01-01T00:00:00Z,1
http://www.wikidata.org/entity/Q21195147,Mikel Oyarzabal,Spain national under-19 football team,,2016-01-01T00:00:00Z,2016-01-01T00:00:00Z,4
http://www.wikidata.org/entity/Q21195147,Mikel Oyarzabal,Spain national under-21 association football team,,2017-01-01T00:00:00Z,2019-01-01T00:00:00Z,25
http://www.wikidata.org/entity/Q21195147,Mikel Oyarzabal,Spain national under-23 football team,,2021-01-01T00:00:00Z,2021-01-01T00:00:00Z,7
http://www.wikidata.org/entity/Q212223,Andrés Palop,Valencia CF Mestalla,Segunda División B,1993-01-01T00:00:00Z,1997-01-01T00:00:00Z,68
http://www.wikidata.org/entity/Q212223,Andrés Palop,Valencia CF,La Liga,1997-01-01T00:00:00Z,2005-01-01T00:00:00Z,43
http://www.wikidata.org/entity/Q212223,Andrés Palop,Villarreal CF,La Liga,1997-01-01T00:00:00Z,1999-01-01T00:00:00Z,74
http://www.wikidata.org/entity/Q212223,Andrés Palop,Sevilla FC,La Liga,2005-01-01T00:00:00Z,2013-01-01T00:00:00Z,217
http://www.wikidata.org/entity/Q212223,Andrés Palop,Spain men's national football team,,2007-01-01T00:00:00Z,2008-01-01T00:00:00Z,0
http://www.wikidata.org/entity/Q212223,Andrés Palop,Bayer 04 Leverkusen,Bundesliga,2013-01-01T00:00:00Z,2014-01-01T00:00:00Z,0
http://www.wikidata.org/entity/Q213002,Samir Handanović,Slovenia national under-19 football team,,2002-01-01T00:00:00Z,2003-01-01T00:00:00Z,6
http://www.wikidata.org/entity/Q213002,Samir Handanović,NK Domžale,Slovenian PrvaLiga,2003-07-01T00:00:00Z,2004-01-01T00:00:00Z,7
http://www.wikidata.org/entity/Q213002,Samir Handanović,NK Zagorje,Slovenian Third League,2003-07-02T00:00:00Z,2004-01-01T00:00:00Z,11
http://www.wikidata.org/entity/Q213002,Samir Handanović,Udinese Calcio,Serie A,2004-01-01T00:00:00Z,2012-01-01T00:00:00Z,182
http://www.wikidata.org/entity/Q213002,Samir Handanović,Slovenia men's national football team,,2004-01-01T00:00:00Z,2015-01-01T00:00:00Z,81
http://www.wikidata.org/entity/Q213002,Samir Handanović,Slovenia national under-21 football team,,2004-01-01T00:00:00Z,2006-01-01T00:00:00Z,7
http://www.wikidata.org/entity/Q213002,Samir Handanović,Treviso F.B.C. 1993,Eccellenza,2005-01-01T00:00:00Z,2006-01-01T00:00:00Z,3
http://www.wikidata.org/entity/Q213002,Samir Handanović,SS Lazio,Serie A,2006-01-01T00:00:00Z,2006-06-01T00:00:00Z,1
http://www.wikidata.org/entity/Q213002,Samir Handanović,Rimini FC,Serie C2,2006-08-01T00:00:00Z,2007-01-01T00:00:00Z,39
http://www.wikidata.org/entity/Q213002,Samir Handanović,Inter Milan,Serie A,2012-01-01T00:00:00Z,2023-06-01T00:00:00Z,380
http://www.wikidata.org/entity/Q213102,Christian Maggio,Italy national under-18 football team,,2000-01-01T00:00:00Z,2001-01-01T00:00:00Z,5
http://www.wikidata.org/entity/Q213102,Christian Maggio,Italy national under-20 football team,,2000-01-01T00:00:00Z,2002-01-01T00:00:00Z,24
http://www.wikidata.org/entity/Q213102,Christian Maggio,LR Vicenza,Serie C,2000-01-01T00:00:00Z,2003-01-01T00:00:00Z,38
http://www.wikidata.org/entity/Q213102,Christian Maggio,Italy national under-21 football team,,2002-01-01T00:00:00Z,2002-01-01T00:00:00Z,2
http://www.wikidata.org/entity/Q213102,Christian Maggio,ACF Fiorentina,Serie A,2003-01-01T00:00:00Z,2006-01-01T00:00:00Z,56
http://www.wikidata.org/entity/Q213102,Christian Maggio,U.C. Sampdoria,Serie B,2006-01-01T00:00:00Z,2008-01-01T00:00:00Z,60
http://www.wikidata.org/entity/Q213102,Christian Maggio,Treviso F.B.C. 1993,Eccellenza,2006-01-01T00:00:00Z,2006-01-01T00:00:00Z,11
http://www.wikidata.org/entity/Q213102,Christian Maggio,SSC Napoli,Serie A,2008-01-01T00:00:00Z,2018-01-01T00:00:00Z,233
http://www.wikidata.org/entity/Q213102,Christian Maggio,Italy men's national association football team,,2008-01-01T00:00:00Z,2014-01-01T00:00:00Z,34
http://www.wikidata.org/entity/Q213102,Christian Maggio,Benevento Calcio,Serie B,2018-07-01T00:00:00Z,2021-02-01T00:00:00Z,58
http://www.wikidata.org/entity/Q213102,Christian Maggio,Benevento Calcio,Serie C,2018-07-01T00:00:00Z,2021-02-01T00:00:00Z,58
http://www.wikidata.org/entity/Q213102,Christian Maggio,US Lecce,Serie A,2021-02-01T00:00:00Z,2021-06-01T00:00:00Z,17
http://www.wikidata.org/entity/Q213102,Christian Maggio,LR Vicenza,Serie C,2022-02-01T00:00:00Z,2022-06-01T00:00:00Z,12
http://www.wikidata.org/entity/Q213427,Aaron Ramsey,Wales national under-17 football team,,2005-01-01T00:00:00Z,2008-01-01T00:00:00Z,15
http://www.wikidata.org/entity/Q213427,Aaron Ramsey,Cardiff City F.C.,EFL League One,2006-01-01T00:00:00Z,2008-06-12T00:00:00Z,16
http://www.wikidata.org/entity/Q213427,Aaron Ramsey,Wales national under-21 football team,,2007-01-01T00:00:00Z,2007-01-01T00:00:00Z,12
http://www.wikidata.org/entity/Q213427,Aaron Ramsey,Wales national under-21 football team,,2007-01-01T00:00:00Z,2009-01-01T00:00:00Z,12
http://www.wikidata.org/entity/Q213427,Aaron Ramsey,Wales men's national association football team,,2008-01-01T00:00:00Z,,86
http://www.wikidata.org/entity/Q213427,Aaron Ramsey,Arsenal F.C.,Premier League,2008-06-13T00:00:00Z,2019-06-30T00:00:00Z,262
http://www.wikidata.org/entity/Q213427,Aaron Ramsey,Nottingham Forest F.C.,Premier League,2010-11-25T00:00:00Z,2011-01-03T00:00:00Z,5
http://www.wikidata.org/entity/Q213427,Aaron Ramsey,Cardiff City F.C.,EFL League One,2011-01-22T00:00:00Z,2011-02-25T00:00:00Z,6
http://www.wikidata.org/entity/Q213427,Aaron Ramsey,Great Britain olympic football team,,2012-01-01T00:00:00Z,2012-01-01T00:00:00Z,5
http://www.wikidata.org/entity/Q213427,Aaron Ramsey,United Kingdom national association football team,,2012-01-01T00:00:00Z,2012-01-01T00:00:00Z,5
http://www.wikidata.org/entity/Q213427,Aaron Ramsey,Juventus FC,Serie A,2019-07-01T00:00:00Z,2022-07-26T00:00:00Z,49
http://www.wikidata.org/entity/Q213427,Aaron Ramsey,Rangers F.C.,Scottish Premiership,2022-01-01T00:00:00Z,2022-06-01T00:00:00Z,7
http://www.wikidata.org/entity/Q213427,Aaron Ramsey,OGC Nice,Ligue 1,2022-08-01T00:00:00Z,2023-07-01T00:00:00Z,27
http://www.wikidata.org/entity/Q213427,Aaron Ramsey,Cardiff City F.C.,EFL League One,2023-07-01T00:00:00Z,2025-01-01T00:00:00Z,21
http://www.wikidata.org/entity/Q213427,Aaron Ramsey,Pumas UNAM,Liga MX,2025-07-01T00:00:00Z,2025-01-01T00:00:00Z,6
http://www.wikidata.org/entity/Q213989,Scott Parker,England national under-16 association football team,,1996-01-01T00:00:00Z,1997-01-01T00:00:00Z,7
http://www.wikidata.org/entity/Q213989,Scott Parker,Charlton Athletic F.C.,EFL Championship,1997-01-01T00:00:00Z,2004-01-01T00:00:00Z,128
http://www.wikidata.org/entity/Q213989,Scott Parker,England national under-19 association football team,,1998-01-01T00:00:00Z,1998-01-01T00:00:00Z,1
http://www.wikidata.org/entity/Q213989,Scott Parker,England national under-18 association football team,,1999-01-01T00:00:00Z,1999-01-01T00:00:00Z,3
http://www.wikidata.org/entity/Q213989,Scott Parker,Norwich City F.C.,EFL Championship,2000-01-01T00:00:00Z,2000-01-01T00:00:00Z,6
http://www.wikidata.org/entity/Q213989,Scott Parker,England national under-21 association football team,,2000-01-01T00:00:00Z,2002-01-01T00:00:00Z,11
http://www.wikidata.org/entity/Q213989,Scott Parker,England men's national association football team,,2003-01-01T00:00:00Z,2013-01-01T00:00:00Z,18
http://www.wikidata.org/entity/Q213989,Scott Parker,Chelsea F.C.,Premier League,2004-01-01T00:00:00Z,2005-01-01T00:00:00Z,15
http://www.wikidata.org/entity/Q213989,Scott Parker,Newcastle United F.C.,Premier League,2005-01-01T00:00:00Z,2007-01-01T00:00:00Z,55
http://www.wikidata.org/entity/Q213989,Scott Parker,West Ham United F.C.,Premier League,2007-01-01T00:00:00Z,2011-01-01T00:00:00Z,113
http://www.wikidata.org/entity/Q213989,Scott Parker,Tottenham Hotspur F.C.,Premier League,2011-01-01T00:00:00Z,2013-01-01T00:00:00Z,50
http://www.wikidata.org/entity/Q213989,Scott Parker,Fulham F.C.,Premier League,2013-01-01T00:00:00Z,2017-01-01T00:00:00Z,119
http://www.wikidata.org/entity/Q2144303,Antonio Jiménez Sistachs,Catalonia national football team,,,,
http://www.wikidata.org/entity/Q2144303,Antonio Jiménez Sistachs,EC Granollers,Primera Catalana,1988-01-01T00:00:00Z,1989-01-01T00:00:00Z,
http://www.wikidata.org/entity/Q2144303,Antonio Jiménez Sistachs,FC Barcelona C,Tercera División,1989-01-01T00:00:00Z,1991-01-01T00:00:00Z,
http://www.wikidata.org/entity/Q2144303,Antonio Jiménez Sistachs,Futbol Club Barcelona,La Liga,1991-01-01T00:00:00Z,1992-01-01T00:00:00Z,0
http://www.wikidata.org/entity/Q2144303,Antonio Jiménez Sistachs,UE Figueres,Lliga Elit,1991-01-01T00:00:00Z,1992-01-01T00:00:00Z,39
http://www.wikidata.org/entity/Q2144303,Antonio Jiménez Sistachs,Rayo Vallecano,La Liga,1992-01-01T00:00:00Z,1993-01-01T00:00:00Z,13
http://www.wikidata.org/entity/Q2144303,Antonio Jiménez Sistachs,Spain national under-21 association football team,,1992-01-01T00:00:00Z,1992-01-01T00:00:00Z,1
http://www.wikidata.org/entity/Q2144303,Antonio Jiménez Sistachs,Spain national under-23 football team,,1992-01-01T00:00:00Z,1992-01-01T00:00:00Z,8
http://www.wikidata.org/entity/Q2144303,Antonio Jiménez Sistachs,RCD Espanyol de Barcelona,La Liga,1993-01-01T00:00:00Z,1999-01-01T00:00:00Z,221
http://www.wikidata.org/entity/Q2144303,Antonio Jiménez Sistachs,Spain men's national football team,,1998-01-01T00:00:00Z,1999-01-01T00:00:00Z,3
http://www.wikidata.org/entity/Q2144303,Antonio Jiménez Sistachs,Atlético Madrid,La Liga,1999-01-01T00:00:00Z,2002-01-01T00:00:00Z,43
http://www.wikidata.org/entity/Q2144303,Antonio Jiménez Sistachs,Elche CF,La Liga,2002-01-01T00:00:00Z,2003-01-01T00:00:00Z,18
http://www.wikidata.org/entity/Q2144303,Antonio Jiménez Sistachs,RCD Espanyol de Barcelona,La Liga,2003-01-01T00:00:00Z,2004-01-01T00:00:00Z,29
http://www.wikidata.org/entity/Q214734,Sol Campbell,West Ham United F.C.,Premier League,,,
http://www.wikidata.org/entity/Q214734,Sol Campbell,England national under-18 association football team,,,,
http://www.wikidata.org/entity/Q214734,Sol Campbell,England national under-16 association football team,,,,
http://www.wikidata.org/entity/Q214734,Sol Campbell,Tottenham Hotspur F.C.,Premier League,1992-01-01T00:00:00Z,2001-01-01T00:00:00Z,255
http://www.wikidata.org/entity/Q214734,Sol Campbell,England national under-21 association football team,,1994-01-01T00:00:00Z,1996-01-01T00:00:00Z,11
http://www.wikidata.org/entity/Q214734,Sol Campbell,England national association football B team,,1994-01-01T00:00:00Z,2006-01-01T00:00:00Z,2
http://www.wikidata.org/entity/Q214734,Sol Campbell,England men's national association football team,,1996-01-01T00:00:00Z,2007-01-01T00:00:00Z,73
http://www.wikidata.org/entity/Q214734,Sol Campbell,Arsenal F.C.,Premier League,2001-01-01T00:00:00Z,2006-01-01T00:00:00Z,135
http://www.wikidata.org/entity/Q214734,Sol Campbell,Portsmouth F.C.,EFL Championship,2006-01-01T00:00:00Z,2009-01-01T00:00:00Z,95
http://www.wikidata.org/entity/Q214734,Sol Campbell,Notts County F.C.,EFL League Two,2009-01-01T00:00:00Z,2009-01-01T00:00:00Z,1
http://www.wikidata.org/entity/Q214734,Sol Campbell,Arsenal F.C.,Premier League,2010-01-01T00:00:00Z,2010-01-01T00:00:00Z,11
http://www.wikidata.org/entity/Q214734,Sol Campbell,Newcastle United F.C.,Premier League,2010-01-01T00:00:00Z,2011-01-01T00:00:00Z,7
http://www.wikidata.org/entity/Q21484126,Lautaro Martínez,Racing Club,Argentine Primera División,2015-01-01T00:00:00Z,2018-01-01T00:00:00Z,48
http://www.wikidata.org/entity/Q21484126,Lautaro Martínez,Inter Milan,Serie A,2018-01-01T00:00:00Z,,466
http://www.wikidata.org/entity/Q21484126,Lautaro Martínez,Argentina men's national association football team,,2018-01-01T00:00:00Z,,75
http://www.wikidata.org/entity/Q214903,Diego Godín,C.A. Cerro,Uruguayan Primera División,2003-01-01T00:00:00Z,2006-01-01T00:00:00Z,63
http://www.wikidata.org/entity/Q214903,Diego Godín,Uruguay national under-20 football team,,2004-01-01T00:00:00Z,2005-01-01T00:00:00Z,14
http://www.wikidata.org/entity/Q214903,Diego Godín,Uruguay men's national football team,,2005-10-01T00:00:00Z,2022-01-01T00:00:00Z,161
http://www.wikidata.org/entity/Q214903,Diego Godín,Club Nacional de Football,Uruguayan Primera División,2006-01-01T00:00:00Z,2007-01-01T00:00:00Z,26
http://www.wikidata.org/entity/Q214903,Diego Godín,Villarreal CF,La Liga,2007-01-01T00:00:00Z,2010-01-01T00:00:00Z,91
http://www.wikidata.org/entity/Q214903,Diego Godín,Atlético Madrid,La Liga,2010-01-01T00:00:00Z,2019-06-01T00:00:00Z,277
http://www.wikidata.org/entity/Q214903,Diego Godín,Inter Milan,Serie A,2019-07-01T00:00:00Z,2020-09-01T00:00:00Z,23
http://www.wikidata.org/entity/Q214903,Diego Godín,Cagliari Calcio,Serie A,2020-09-01T00:00:00Z,2022-01-01T00:00:00Z,39
http://www.wikidata.org/entity/Q214903,Diego Godín,Clube Atlético Mineiro,Campeonato Brasileiro Série A,2022-01-01T00:00:00Z,2022-06-01T00:00:00Z,1
http://www.wikidata.org/entity/Q214903,Diego Godín,Club Atlético Vélez Sarsfield,Argentine Primera División,2022-06-01T00:00:00Z,2023-07-01T00:00:00Z,18
http://www.wikidata.org/entity/Q214903,Diego Godín,Q8343694,,2024-02-01T00:00:00Z,2024-10-01T00:00:00Z,14
http://www.wikidata.org/entity/Q215812,Shay Given,Celtic F.C.,Scottish Premiership,,,
http://www.wikidata.org/entity/Q215812,Shay Given,Republic of Ireland national under-21 football team,,,,
http://www.wikidata.org/entity/Q215812,Shay Given,Blackburn Rovers F.C.,EFL Championship,1994-01-01T00:00:00Z,1997-01-01T00:00:00Z,2
http://www.wikidata.org/entity/Q215812,Shay Given,Swindon Town F.C.,EFL League Two,1994-01-01T00:00:00Z,1994-01-01T00:00:00Z,0
http://www.wikidata.org/entity/Q215812,Shay Given,Sunderland A.F.C.,Premier League,1996-01-01T00:00:00Z,1996-01-01T00:00:00Z,17
http://www.wikidata.org/entity/Q215812,Shay Given,Swindon Town F.C.,EFL League Two,1996-01-01T00:00:00Z,1996-01-01T00:00:00Z,5
http://www.wikidata.org/entity/Q215812,Shay Given,Republic of Ireland men's national association football team,,1996-01-01T00:00:00Z,2016-01-01T00:00:00Z,134
http://www.wikidata.org/entity/Q215812,Shay Given,Newcastle United F.C.,Premier League,1997-01-01T00:00:00Z,2009-01-01T00:00:00Z,354
http://www.wikidata.org/entity/Q215812,Shay Given,Manchester City F.C.,Premier League,2009-01-01T00:00:00Z,2011-01-01T00:00:00Z,50
http://www.wikidata.org/entity/Q215812,Shay Given,Aston Villa F.C.,Premier League,2011-01-01T00:00:00Z,2015-01-01T00:00:00Z,37
http://www.wikidata.org/entity/Q215812,Shay Given,Middlesbrough F.C.,EFL Championship,2013-01-01T00:00:00Z,2014-01-01T00:00:00Z,16
http://www.wikidata.org/entity/Q215812,Shay Given,Stoke City F.C.,EFL Championship,2015-01-01T00:00:00Z,2017-05-01T00:00:00Z,8
http://www.wikidata.org/entity/Q215841,Joleon Lescott,Wolverhampton Wanderers F.C.,Premier League,2000-01-01T00:00:00Z,2006-01-01T00:00:00Z,212
http://www.wikidata.org/entity/Q215841,Joleon Lescott,England national under-17 association football team,,2000-01-01T00:00:00Z,2000-01-01T00:00:00Z,1
http://www.wikidata.org/entity/Q215841,Joleon Lescott,England national under-18 association football team,,2001-01-01T00:00:00Z,2001-01-01T00:00:00Z,2
http://www.wikidata.org/entity/Q215841,Joleon Lescott,England national under-21 association football team,,2002-01-01T00:00:00Z,2003-01-01T00:00:00Z,2
http://www.wikidata.org/entity/Q215841,Joleon Lescott,England national under-20 association football team,,2002-01-01T00:00:00Z,2002-01-01T00:00:00Z,5
http://www.wikidata.org/entity/Q215841,Joleon Lescott,Everton F.C.,Premier League,2006-01-01T00:00:00Z,2009-01-01T00:00:00Z,113
http://www.wikidata.org/entity/Q215841,Joleon Lescott,England men's national association football team,,2007-01-01T00:00:00Z,2013-01-01T00:00:00Z,26
http://www.wikidata.org/entity/Q215841,Joleon Lescott,England national association football B team,,2007-01-01T00:00:00Z,2007-01-01T00:00:00Z,1
http://www.wikidata.org/entity/Q215841,Joleon Lescott,Manchester City F.C.,Premier League,2009-01-01T00:00:00Z,2014-01-01T00:00:00Z,107
http://www.wikidata.org/entity/Q215841,Joleon Lescott,West Bromwich Albion F.C.,EFL Championship,2014-01-01T00:00:00Z,2015-01-01T00:00:00Z,36
http://www.wikidata.org/entity/Q215841,Joleon Lescott,Aston Villa F.C.,Premier League,2015-01-01T00:00:00Z,2016-01-01T00:00:00Z,30
http://www.wikidata.org/entity/Q215841,Joleon Lescott,AEK Athens F.C.,Super League Greece,2016-01-01T00:00:00Z,2016-01-01T00:00:00Z,4
http://www.wikidata.org/entity/Q215841,Joleon Lescott,Sunderland A.F.C.,Premier League,2017-01-01T00:00:00Z,2017-01-01T00:00:00Z,2
http://www.wikidata.org/entity/Q215952,Emerson,Grêmio FBPA,Campeonato Brasileiro Série A,1994-01-01T00:00:00Z,1997-01-01T00:00:00Z,54
http://www.wikidata.org/entity/Q215952,Emerson,Brazil national under-20 football team,,1995-01-01T00:00:00Z,1995-01-01T00:00:00Z,
http://www.wikidata.org/entity/Q215952,Emerson,Brazil men's national football team,,1997-01-01T00:00:00Z,2006-01-01T00:00:00Z,73
http://www.wikidata.org/entity/Q215952,Emerson,Bayer 04 Leverkusen,Bundesliga,1997-01-01T00:00:00Z,2000-01-01T00:00:00Z,82
http://www.wikidata.org/entity/Q215952,Emerson,AS Roma,Serie A,2000-01-01T00:00:00Z,2004-01-01T00:00:00Z,105
http://www.wikidata.org/entity/Q215952,Emerson,Juventus FC,Serie A,2004-01-01T00:00:00Z,2006-01-01T00:00:00Z,67
http://www.wikidata.org/entity/Q215952,Emerson,Real Madrid Club de Fútbol,La Liga,2006-01-01T00:00:00Z,2007-01-01T00:00:00Z,28
http://www.wikidata.org/entity/Q215952,Emerson,AC Milan,Serie A,2007-01-01T00:00:00Z,2009-01-01T00:00:00Z,27
http://www.wikidata.org/entity/Q215952,Emerson,Santos F.C.,Campeonato Brasileiro Série A,2009-01-01T00:00:00Z,2009-01-01T00:00:00Z,6
http://www.wikidata.org/entity/Q215952,Emerson,Santos F.C.,Campeonato Paulista de Futebol,2009-01-01T00:00:00Z,2009-01-01T00:00:00Z,6
http://www.wikidata.org/entity/Q216614,Alan Smith,Leeds United F.C.,Premier League,1998-01-01T00:00:00Z,2004-01-01T00:00:00Z,172
http://www.wikidata.org/entity/Q216614,Alan Smith,England national under-21 association football team,,1999-01-01T00:00:00Z,2001-01-01T00:00:00Z,10
http://www.wikidata.org/entity/Q216614,Alan Smith,England men's national association football team,,2001-01-01T00:00:00Z,2007-01-01T00:00:00Z,19
http://www.wikidata.org/entity/Q216614,Alan Smith,Manchester United F.C.,Premier League,2004-01-01T00:00:00Z,2007-01-01T00:00:00Z,61
http://www.wikidata.org/entity/Q216614,Alan Smith,Newcastle United F.C.,Premier League,2007-01-01T00:00:00Z,2012-01-01T00:00:00Z,84
http://www.wikidata.org/entity/Q216614,Alan Smith,England national association football B team,,2007-01-01T00:00:00Z,2007-01-01T00:00:00Z,1
http://www.wikidata.org/entity/Q216614,Alan Smith,Milton Keynes Dons F.C.,EFL League Two,2012-01-01T00:00:00Z,2014-01-01T00:00:00Z,51
http://www.wikidata.org/entity/Q216614,Alan Smith,Milton Keynes Dons F.C.,EFL League Two,2012-01-01T00:00:00Z,2012-01-01T00:00:00Z,16
http://www.wikidata.org/entity/Q216614,Alan Smith,Notts County F.C.,EFL League Two,2014-01-01T00:00:00Z,,
http://www.wikidata.org/entity/Q216816,Míchel Salgado,RC Celta B,Segunda División B,1994-01-01T00:00:00Z,1995-01-01T00:00:00Z,20
http://www.wikidata.org/entity/Q216816,Míchel Salgado,Spain national under-18 football team,,1994-01-01T00:00:00Z,1994-01-01T00:00:00Z,7
http://www.wikidata.org/entity/Q216816,Míchel Salgado,RC Celta de Vigo,La Liga,1995-01-01T00:00:00Z,1999-01-01T00:00:00Z,92
http://www.wikidata.org/entity/Q216816,Míchel Salgado,Spain national under-20 football team,,1995-01-01T00:00:00Z,1995-01-01T00:00:00Z,5
http://www.wikidata.org/entity/Q216816,Míchel Salgado,Spain national under-19 football team,,1995-01-01T00:00:00Z,1995-01-01T00:00:00Z,2
http://www.wikidata.org/entity/Q216816,Míchel Salgado,UD Salamanca,Segunda División B,1996-01-01T00:00:00Z,1997-01-01T00:00:00Z,36
http://www.wikidata.org/entity/Q216816,Míchel Salgado,Spain national under-21 association football team,,1996-01-01T00:00:00Z,1998-01-01T00:00:00Z,10
http://www.wikidata.org/entity/Q216816,Míchel Salgado,Spain men's national football team,,1998-01-01T00:00:00Z,2006-01-01T00:00:00Z,53
http://www.wikidata.org/entity/Q216816,Míchel Salgado,Real Madrid Club de Fútbol,La Liga,1999-01-01T00:00:00Z,2009-01-01T00:00:00Z,254
http://www.wikidata.org/entity/Q216816,Míchel Salgado,Galicia national football team,,2005-01-01T00:00:00Z,2005-01-01T00:00:00Z,1
http://www.wikidata.org/entity/Q216816,Míchel Salgado,Blackburn Rovers F.C.,EFL Championship,2009-01-01T00:00:00Z,2012-01-01T00:00:00Z,66
http://www.wikidata.org/entity/Q216928,Andy Cole,Arsenal F.C.,Premier League,1989-01-01T00:00:00Z,1992-01-01T00:00:00Z,1
http://www.wikidata.org/entity/Q216928,Andy Cole,Fulham F.C.,Premier League,1991-01-01T00:00:00Z,1991-01-01T00:00:00Z,13
http://www.wikidata.org/entity/Q216928,Andy Cole,England national under-20 association football team,,1991-01-01T00:00:00Z,1991-01-01T00:00:00Z,3
http://www.wikidata.org/entity/Q216928,Andy Cole,Bristol City F.C.,EFL Championship,1992-01-01T00:00:00Z,1993-01-01T00:00:00Z,41
http://www.wikidata.org/entity/Q216928,Andy Cole,England national under-21 association football team,,1992-01-01T00:00:00Z,1993-01-01T00:00:00Z,8
http://www.wikidata.org/entity/Q216928,Andy Cole,Newcastle United F.C.,Premier League,1993-01-01T00:00:00Z,1995-01-01T00:00:00Z,70
http://www.wikidata.org/entity/Q216928,Andy Cole,England national association football B team,,1994-01-01T00:00:00Z,1994-01-01T00:00:00Z,1
http://www.wikidata.org/entity/Q216928,Andy Cole,Manchester United F.C.,Premier League,1995-01-01T00:00:00Z,2001-01-01T00:00:00Z,195
http://www.wikidata.org/entity/Q216928,Andy Cole,England men's national association football team,,1995-01-01T00:00:00Z,2002-01-01T00:00:00Z,15
http://www.wikidata.org/entity/Q216928,Andy Cole,Blackburn Rovers F.C.,EFL Championship,2001-01-01T00:00:00Z,2004-01-01T00:00:00Z,83
http://www.wikidata.org/entity/Q216928,Andy Cole,Fulham F.C.,Premier League,2004-01-01T00:00:00Z,2005-01-01T00:00:00Z,31
http://www.wikidata.org/entity/Q216928,Andy Cole,Manchester City F.C.,Premier League,2005-01-01T00:00:00Z,2006-01-01T00:00:00Z,22
http://www.wikidata.org/entity/Q216928,Andy Cole,Portsmouth F.C.,EFL Championship,2006-01-01T00:00:00Z,2007-01-01T00:00:00Z,18
http://www.wikidata.org/entity/Q216928,Andy Cole,Sunderland A.F.C.,Premier League,2007-01-01T00:00:00Z,2008-01-01T00:00:00Z,7
http://www.wikidata.org/entity/Q216928,Andy Cole,Birmingham City F.C.,EFL Championship,2007-01-01T00:00:00Z,2007-01-01T00:00:00Z,5
http://www.wikidata.org/entity/Q216928,Andy Cole,Burnley F.C.,Premier League,2008-01-01T00:00:00Z,2008-01-01T00:00:00Z,13
http://www.wikidata.org/entity/Q216928,Andy Cole,Nottingham Forest F.C.,Premier League,2008-01-01T00:00:00Z,2008-01-01T00:00:00Z,10
http://www.wikidata.org/entity/Q217389,Valon Behrami,FC Lugano,Swiss Super League,2002-01-01T00:00:00Z,2003-01-01T00:00:00Z,2
http://www.wikidata.org/entity/Q217389,Valon Behrami,Genoa CFC,Serie A,2003-01-01T00:00:00Z,2005-01-01T00:00:00Z,24
http://www.wikidata.org/entity/Q217389,Valon Behrami,Hellas Verona FC,Serie A,2004-01-01T00:00:00Z,2005-01-01T00:00:00Z,33
http://www.wikidata.org/entity/Q217389,Valon Behrami,SS Lazio,Serie A,2005-01-01T00:00:00Z,2008-01-01T00:00:00Z,65
http://www.wikidata.org/entity/Q217389,Valon Behrami,Switzerland men's national football team,,2005-01-01T00:00:00Z,2018-01-01T00:00:00Z,83
http://www.wikidata.org/entity/Q217389,Valon Behrami,West Ham United F.C.,Premier League,2008-01-01T00:00:00Z,2011-01-01T00:00:00Z,58
http://www.wikidata.org/entity/Q217389,Valon Behrami,ACF Fiorentina,Serie A,2011-01-01T00:00:00Z,2012-01-01T00:00:00Z,48
http://www.wikidata.org/entity/Q217389,Valon Behrami,SSC Napoli,Serie A,2012-01-01T00:00:00Z,2014-01-01T00:00:00Z,54
http://www.wikidata.org/entity/Q217389,Valon Behrami,Hamburger SV,Bundesliga,2014-01-01T00:00:00Z,2015-01-01T00:00:00Z,22
http://www.wikidata.org/entity/Q217389,Valon Behrami,Watford F.C.,EFL Championship,2015-01-01T00:00:00Z,2017-08-01T00:00:00Z,43
http://www.wikidata.org/entity/Q217389,Valon Behrami,Udinese Calcio,Serie A,2017-08-01T00:00:00Z,2019-07-01T00:00:00Z,39
http://www.wikidata.org/entity/Q217389,Valon Behrami,FC Sion,Swiss Super League,2019-07-01T00:00:00Z,2019-10-01T00:00:00Z,4
http://www.wikidata.org/entity/Q217389,Valon Behrami,Genoa CFC,Serie A,2020-01-01T00:00:00Z,2022-01-01T00:00:00Z,53
http://www.wikidata.org/entity/Q217389,Valon Behrami,Brescia Calcio,Serie B,2022-01-01T00:00:00Z,2022-01-01T00:00:00Z,5
http://www.wikidata.org/entity/Q218063,Phil Neville,England national under-16 association football team,,1992-01-01T00:00:00Z,1993-01-01T00:00:00Z,10
http://www.wikidata.org/entity/Q218063,Phil Neville,England national under-18 association football team,,1993-01-01T00:00:00Z,1995-01-01T00:00:00Z,6
http://www.wikidata.org/entity/Q218063,Phil Neville,Manchester United F.C.,Premier League,1995-01-01T00:00:00Z,2005-01-01T00:00:00Z,263
http://www.wikidata.org/entity/Q218063,Phil Neville,England national under-21 association football team,,1995-01-01T00:00:00Z,1996-01-01T00:00:00Z,7
http://www.wikidata.org/entity/Q218063,Phil Neville,England men's national association football team,,1996-01-01T00:00:00Z,2007-01-01T00:00:00Z,59
http://www.wikidata.org/entity/Q218063,Phil Neville,Everton F.C.,Premier League,2005-01-01T00:00:00Z,2013-01-01T00:00:00Z,242
http://www.wikidata.org/entity/Q218063,Phil Neville,England national association football B team,,2007-01-01T00:00:00Z,2007-01-01T00:00:00Z,1
http://www.wikidata.org/entity/Q218394,Frédéric Kanouté,Olympique Lyonnais,Ligue 1,1997-01-01T00:00:00Z,2000-01-01T00:00:00Z,40
http://www.wikidata.org/entity/Q218394,Frédéric Kanouté,France national under-21 association football team,,1998-01-01T00:00:00Z,1999-01-01T00:00:00Z,6
http://www.wikidata.org/entity/Q218394,Frédéric Kanouté,France national under-20 association football team,,1998-01-01T00:00:00Z,1998-01-01T00:00:00Z,5
http://www.wikidata.org/entity/Q218394,Frédéric Kanouté,West Ham United F.C.,Premier League,2000-01-01T00:00:00Z,2003-01-01T00:00:00Z,84
http://www.wikidata.org/entity/Q218394,Frédéric Kanouté,France B national football team,,2001-01-01T00:00:00Z,2001-01-01T00:00:00Z,
http://www.wikidata.org/entity/Q218394,Frédéric Kanouté,Tottenham Hotspur F.C.,Premier League,2003-01-01T00:00:00Z,2005-01-01T00:00:00Z,60
http://www.wikidata.org/entity/Q218394,Frédéric Kanouté,Mali men's national football team,,2004-01-01T00:00:00Z,2010-01-01T00:00:00Z,39
http://www.wikidata.org/entity/Q218394,Frédéric Kanouté,Sevilla FC,La Liga,2005-01-01T00:00:00Z,2012-01-01T00:00:00Z,209
http://www.wikidata.org/entity/Q218394,Frédéric Kanouté,Beijing Guoan F.C.,Chinese Super League,2012-01-01T00:00:00Z,2013-01-01T00:00:00Z,38
http://www.wikidata.org/entity/Q218401,Roberto Soldado,Spain national under-17 association football team,,2001-01-01T00:00:00Z,2003-01-01T00:00:00Z,18
http://www.wikidata.org/entity/Q218401,Roberto Soldado,Spain national under-19 football team,,2002-01-01T00:00:00Z,2004-01-01T00:00:00Z,9
http://www.wikidata.org/entity/Q218401,Roberto Soldado,Spain national under-18 football team,,2003-01-01T00:00:00Z,2003-01-01T00:00:00Z,3
http://www.wikidata.org/entity/Q218401,Roberto Soldado,Spain national under-21 association football team,,2004-01-01T00:00:00Z,2007-01-01T00:00:00Z,9
http://www.wikidata.org/entity/Q218401,Roberto Soldado,Real Madrid Club de Fútbol,La Liga,2006-01-01T00:00:00Z,2008-01-01T00:00:00Z,16
http://www.wikidata.org/entity/Q218401,Roberto Soldado,Club Atlético Osasuna,La Liga,2006-01-01T00:00:00Z,2007-01-01T00:00:00Z,30
http://www.wikidata.org/entity/Q218401,Roberto Soldado,Spain men's national football team,,2007-01-01T00:00:00Z,2013-01-01T00:00:00Z,12
http://www.wikidata.org/entity/Q218401,Roberto Soldado,Getafe CF,La Liga,2008-01-01T00:00:00Z,2010-01-01T00:00:00Z,60
http://www.wikidata.org/entity/Q218401,Roberto Soldado,Valencia CF,La Liga,2010-01-01T00:00:00Z,2013-01-01T00:00:00Z,101
http://www.wikidata.org/entity/Q218401,Roberto Soldado,Tottenham Hotspur F.C.,Premier League,2013-01-01T00:00:00Z,2015-01-01T00:00:00Z,52
http://www.wikidata.org/entity/Q218401,Roberto Soldado,Villarreal CF,La Liga,2015-01-01T00:00:00Z,2017-01-01T00:00:00Z,38
http://www.wikidata.org/entity/Q218401,Roberto Soldado,Villarreal CF,La Liga,2017-01-01T00:00:00Z,2017-01-01T00:00:00Z,38
http://www.wikidata.org/entity/Q218401,Roberto Soldado,Fenerbahçe Istanbul,Süper Lig,2017-01-01T00:00:00Z,2019-01-01T00:00:00Z,47
http://www.wikidata.org/entity/Q218401,Roberto Soldado,Granada CF,LaLiga 2,2019-01-01T00:00:00Z,2021-01-01T00:00:00Z,62
http://www.wikidata.org/entity/Q218401,Roberto Soldado,Levante UD,La Liga,2021-01-01T00:00:00Z,2023-01-01T00:00:00Z,43
http://www.wikidata.org/entity/Q219389,Giampaolo Pazzini,Italy national under-16 football team,,1999-01-01T00:00:00Z,2002-01-01T00:00:00Z,12
http://www.wikidata.org/entity/Q219389,Giampaolo Pazzini,Italy national under-19 football team,,2002-01-01T00:00:00Z,2003-01-01T00:00:00Z,9
http://www.wikidata.org/entity/Q219389,Giampaolo Pazzini,Italy national under-18 football team,,2002-01-01T00:00:00Z,2002-01-01T00:00:00Z,1
http://www.wikidata.org/entity/Q219389,Giampaolo Pazzini,Atalanta BC,Serie A,2003-01-01T00:00:00Z,2005-01-01T00:00:00Z,51
http://www.wikidata.org/entity/Q219389,Giampaolo Pazzini,Italy national under-20 football team,,2003-01-01T00:00:00Z,2003-01-01T00:00:00Z,1
http://www.wikidata.org/entity/Q219389,Giampaolo Pazzini,Italy national under-21 football team,,2004-01-01T00:00:00Z,2007-01-01T00:00:00Z,22
http://www.wikidata.org/entity/Q219389,Giampaolo Pazzini,ACF Fiorentina,Serie A,2005-01-01T00:00:00Z,2009-01-01T00:00:00Z,108
http://www.wikidata.org/entity/Q219389,Giampaolo Pazzini,U.C. Sampdoria,Serie B,2009-01-01T00:00:00Z,2011-01-01T00:00:00Z,75
http://www.wikidata.org/entity/Q219389,Giampaolo Pazzini,Italy men's national association football team,,2009-01-01T00:00:00Z,2012-01-01T00:00:00Z,25
http://www.wikidata.org/entity/Q219389,Giampaolo Pazzini,Inter Milan,Serie A,2011-01-01T00:00:00Z,2012-01-01T00:00:00Z,50
http://www.wikidata.org/entity/Q219389,Giampaolo Pazzini,AC Milan,Serie A,2012-01-01T00:00:00Z,2015-01-01T00:00:00Z,74
http://www.wikidata.org/entity/Q219389,Giampaolo Pazzini,Hellas Verona FC,Serie A,2015-01-01T00:00:00Z,2020-01-01T00:00:00Z,128
http://www.wikidata.org/entity/Q219389,Giampaolo Pazzini,Levante UD,La Liga,2018-01-01T00:00:00Z,2018-01-01T00:00:00Z,9
http://www.wikidata.org/entity/Q219618,Morgan De Sanctis,Delfino Pescara 1936,Serie B,1994-01-01T00:00:00Z,1997-01-01T00:00:00Z,74
http://www.wikidata.org/entity/Q219618,Morgan De Sanctis,Italy national under-18 football team,,1994-01-01T00:00:00Z,1995-01-01T00:00:00Z,8
http://www.wikidata.org/entity/Q219618,Morgan De Sanctis,Juventus FC,Serie A,1997-01-01T00:00:00Z,1999-01-01T00:00:00Z,3
http://www.wikidata.org/entity/Q219618,Morgan De Sanctis,Udinese Calcio,Serie A,1999-01-01T00:00:00Z,2007-01-01T00:00:00Z,194
http://www.wikidata.org/entity/Q219618,Morgan De Sanctis,Italy national under-21 football team,,1999-01-01T00:00:00Z,2000-01-01T00:00:00Z,7
http://www.wikidata.org/entity/Q219618,Morgan De Sanctis,Italy men's national association football team,,2005-01-01T00:00:00Z,2012-01-01T00:00:00Z,6
http://www.wikidata.org/entity/Q219618,Morgan De Sanctis,Sevilla FC,La Liga,2007-01-01T00:00:00Z,2009-01-01T00:00:00Z,8
http://www.wikidata.org/entity/Q219618,Morgan De Sanctis,Galatasaray S.K.,Süper Lig,2008-01-01T00:00:00Z,2009-01-01T00:00:00Z,31
http://www.wikidata.org/entity/Q219618,Morgan De Sanctis,SSC Napoli,Serie A,2009-01-01T00:00:00Z,2013-01-01T00:00:00Z,147
http://www.wikidata.org/entity/Q219618,Morgan De Sanctis,AS Roma,Serie A,2013-01-01T00:00:00Z,2016-01-01T00:00:00Z,71
http://www.wikidata.org/entity/Q219618,Morgan De Sanctis,AS Monaco FC,Ligue 1,2016-01-01T00:00:00Z,2017-01-01T00:00:00Z,1
http://www.wikidata.org/entity/Q219884,Stefan Savić,Montenegro national under-17 football team,,2007-01-01T00:00:00Z,2007-01-01T00:00:00Z,3
http://www.wikidata.org/entity/Q219884,Stefan Savić,Montenegro national under-19 association football team,,2008-01-01T00:00:00Z,2010-01-01T00:00:00Z,7
http://www.wikidata.org/entity/Q219884,Stefan Savić,FK BSK Borča,Serbian SuperLiga,2009-01-01T00:00:00Z,2010-01-01T00:00:00Z,27
http://www.wikidata.org/entity/Q219884,Stefan Savić,Montenegro national under-21 association football team,,2009-01-01T00:00:00Z,2010-01-01T00:00:00Z,5
http://www.wikidata.org/entity/Q219884,Stefan Savić,Montenegro men's national football team,,2010-01-01T00:00:00Z,,73
http://www.wikidata.org/entity/Q219884,Stefan Savić,FK Partizan,Serbian SuperLiga,2010-01-01T00:00:00Z,2011-01-01T00:00:00Z,20
http://www.wikidata.org/entity/Q219884,Stefan Savić,Manchester City F.C.,Premier League,2011-01-01T00:00:00Z,2012-01-01T00:00:00Z,12
http://www.wikidata.org/entity/Q219884,Stefan Savić,ACF Fiorentina,Serie A,2012-01-01T00:00:00Z,2015-01-01T00:00:00Z,86
http://www.wikidata.org/entity/Q219884,Stefan Savić,Atlético Madrid,La Liga,2015-01-01T00:00:00Z,2024-01-01T00:00:00Z,217
http://www.wikidata.org/entity/Q219884,Stefan Savić,Trabzonspor,Süper Lig,2024-07-01T00:00:00Z,,
http://www.wikidata.org/entity/Q220593,Lucas Leiva,Grêmio FBPA,Campeonato Brasileiro Série A,2005-01-01T00:00:00Z,2007-01-01T00:00:00Z,38
http://www.wikidata.org/entity/Q220593,Lucas Leiva,Brazil national under-20 football team,,2006-01-01T00:00:00Z,2007-01-01T00:00:00Z,9
http://www.wikidata.org/entity/Q220593,Lucas Leiva,Brazil men's national football team,,2007-01-01T00:00:00Z,2013-01-01T00:00:00Z,24
http://www.wikidata.org/entity/Q220593,Lucas Leiva,Liverpool F.C.,Premier League,2007-01-01T00:00:00Z,2017-07-01T00:00:00Z,247
http://www.wikidata.org/entity/Q220593,Lucas Leiva,Brazil national under-20 football team,,2007-01-01T00:00:00Z,2007-01-01T00:00:00Z,9
http://www.wikidata.org/entity/Q220593,Lucas Leiva,Brazil national under-23 football team,,2008-01-01T00:00:00Z,2008-01-01T00:00:00Z,7
http://www.wikidata.org/entity/Q220593,Lucas Leiva,SS Lazio,Serie A,2017-07-01T00:00:00Z,2022-06-01T00:00:00Z,155
http://www.wikidata.org/entity/Q220593,Lucas Leiva,Grêmio FBPA,Campeonato Brasileiro Série A,2022-06-01T00:00:00Z,2023-03-01T00:00:00Z,18
http://www.wikidata.org/entity/Q221129,Tomáš Ujfaluši,SK Sigma Olomouc,Czech First League,1996-01-01T00:00:00Z,2000-01-01T00:00:00Z,100
http://www.wikidata.org/entity/Q221129,Tomáš Ujfaluši,Czech Republic national under-21 football team,,1997-01-01T00:00:00Z,1999-01-01T00:00:00Z,26
http://www.wikidata.org/entity/Q221129,Tomáš Ujfaluši,Czech Republic national under-20 football team,,1997-01-01T00:00:00Z,1997-01-01T00:00:00Z,5
http://www.wikidata.org/entity/Q221129,Tomáš Ujfaluši,Hamburger SV,Bundesliga,2000-01-01T00:00:00Z,2004-01-01T00:00:00Z,105
http://www.wikidata.org/entity/Q221129,Tomáš Ujfaluši,Czechia men's national football team,,2001-01-01T00:00:00Z,2009-01-01T00:00:00Z,78
http://www.wikidata.org/entity/Q221129,Tomáš Ujfaluši,ACF Fiorentina,Serie A,2004-01-01T00:00:00Z,2008-01-01T00:00:00Z,123
http://www.wikidata.org/entity/Q221129,Tomáš Ujfaluši,Atlético Madrid,La Liga,2008-01-01T00:00:00Z,2011-01-01T00:00:00Z,92
http://www.wikidata.org/entity/Q221129,Tomáš Ujfaluši,Galatasaray S.K.,Süper Lig,2011-01-01T00:00:00Z,2013-01-01T00:00:00Z,41
http://www.wikidata.org/entity/Q221129,Tomáš Ujfaluši,AC Sparta Prague,Czech First League,2013-01-01T00:00:00Z,2013-01-01T00:00:00Z,0
http://www.wikidata.org/entity/Q222789,Luis Enrique,Sporting de Gijón B,Tercera Federación,1988-01-01T00:00:00Z,1990-01-01T00:00:00Z,27
http://www.wikidata.org/entity/Q222789,Luis Enrique,Sporting de Gijón,LaLiga 2,1989-01-01T00:00:00Z,1991-01-01T00:00:00Z,36
http://www.wikidata.org/entity/Q222789,Luis Enrique,Spain national under-21 association football team,,1990-01-01T00:00:00Z,1991-01-01T00:00:00Z,5
http://www.wikidata.org/entity/Q222789,Luis Enrique,Real Madrid Club de Fútbol,La Liga,1991-01-01T00:00:00Z,1996-01-01T00:00:00Z,157
http://www.wikidata.org/entity/Q222789,Luis Enrique,Spain men's national football team,,1991-01-01T00:00:00Z,2002-01-01T00:00:00Z,62
http://www.wikidata.org/entity/Q222789,Luis Enrique,Spain national under-23 football team,,1991-01-01T00:00:00Z,1992-01-01T00:00:00Z,14
http://www.wikidata.org/entity/Q222789,Luis Enrique,Futbol Club Barcelona,La Liga,1996-01-01T00:00:00Z,2004-01-01T00:00:00Z,207
http://www.wikidata.org/entity/Q222789,Luis Enrique,Asturias autonomous football team,,2000-01-01T00:00:00Z,2000-01-01T00:00:00Z,1
http://www.wikidata.org/entity/Q223827,Gary Cahill,Aston Villa F.C.,Premier League,2004-01-01T00:00:00Z,2008-01-01T00:00:00Z,28
http://www.wikidata.org/entity/Q223827,Gary Cahill,Burnley F.C.,Premier League,2004-01-01T00:00:00Z,2005-01-01T00:00:00Z,27
http://www.wikidata.org/entity/Q223827,Gary Cahill,England national under-20 association football team,,2004-01-01T00:00:00Z,2005-01-01T00:00:00Z,3
http://www.wikidata.org/entity/Q223827,Gary Cahill,Sheffield United F.C.,EFL Championship,2007-01-01T00:00:00Z,2007-01-01T00:00:00Z,16
http://www.wikidata.org/entity/Q223827,Gary Cahill,England national under-21 association football team,,2007-01-01T00:00:00Z,2007-01-01T00:00:00Z,3
http://www.wikidata.org/entity/Q223827,Gary Cahill,Bolton Wanderers F.C.,EFL League One,2008-01-01T00:00:00Z,2012-01-01T00:00:00Z,130
http://www.wikidata.org/entity/Q223827,Gary Cahill,England men's national association football team,,2010-01-01T00:00:00Z,2018-01-01T00:00:00Z,61
http://www.wikidata.org/entity/Q223827,Gary Cahill,Chelsea F.C.,Premier League,2012-01-01T00:00:00Z,2019-01-01T00:00:00Z,191
http://www.wikidata.org/entity/Q223827,Gary Cahill,Crystal Palace F.C.,Premier League,2019-01-01T00:00:00Z,2021-01-01T00:00:00Z,45
http://www.wikidata.org/entity/Q223827,Gary Cahill,AFC Bournemouth,Premier League,2021-08-01T00:00:00Z,2022-06-01T00:00:00Z,22
http://www.wikidata.org/entity/Q2255576,Roberto Stellone,Atletico Roma F.C.,,1993-01-01T00:00:00Z,1997-01-01T00:00:00Z,50
http://www.wikidata.org/entity/Q2255576,Roberto Stellone,A.S. Lodigiani,N/A,1993-01-01T00:00:00Z,1997-01-01T00:00:00Z,50
http://www.wikidata.org/entity/Q2255576,Roberto Stellone,Lucchese 1905,Serie C,1997-01-01T00:00:00Z,1998-01-01T00:00:00Z,12
http://www.wikidata.org/entity/Q2255576,Roberto Stellone,Parma Calcio 1913,Serie A,1998-01-01T00:00:00Z,1999-01-01T00:00:00Z,0
http://www.wikidata.org/entity/Q2255576,Roberto Stellone,SSC Napoli,Serie A,1999-01-01T00:00:00Z,2003-01-01T00:00:00Z,90
http://www.wikidata.org/entity/Q2255576,Roberto Stellone,US Lecce,Serie A,1999-01-01T00:00:00Z,1999-01-01T00:00:00Z,19
http://www.wikidata.org/entity/Q2255576,Roberto Stellone,AS Reggina 1914,Serie B,2003-01-01T00:00:00Z,2004-01-01T00:00:00Z,16
http://www.wikidata.org/entity/Q2255576,Roberto Stellone,Genoa CFC,Serie A,2004-01-01T00:00:00Z,2005-01-01T00:00:00Z,29
http://www.wikidata.org/entity/Q2255576,Roberto Stellone,Torino FC,Serie A,2005-01-01T00:00:00Z,2009-01-01T00:00:00Z,113
http://www.wikidata.org/entity/Q2255576,Roberto Stellone,Frosinone Calcio,Serie B,2009-01-01T00:00:00Z,2011-01-01T00:00:00Z,34
http://www.wikidata.org/entity/Q226125,Marlon Harewood,Nottingham Forest F.C.,Premier League,1996-01-01T00:00:00Z,2003-01-01T00:00:00Z,181
http://www.wikidata.org/entity/Q226125,Marlon Harewood,FC Haka,Ykkösliiga,1997-01-01T00:00:00Z,1998-01-01T00:00:00Z,18
http://www.wikidata.org/entity/Q226125,Marlon Harewood,FC Haka,Ykkösliiga,1998-01-01T00:00:00Z,1998-01-01T00:00:00Z,12
http://www.wikidata.org/entity/Q226125,Marlon Harewood,Ipswich Town F.C.,EFL Championship,1999-01-01T00:00:00Z,1999-01-01T00:00:00Z,6
http://www.wikidata.org/entity/Q226125,Marlon Harewood,West Ham United F.C.,Premier League,2003-01-01T00:00:00Z,2007-01-01T00:00:00Z,142
http://www.wikidata.org/entity/Q226125,Marlon Harewood,Aston Villa F.C.,Premier League,2007-01-01T00:00:00Z,2010-01-01T00:00:00Z,29
http://www.wikidata.org/entity/Q226125,Marlon Harewood,Newcastle United F.C.,Premier League,2009-01-01T00:00:00Z,2009-01-01T00:00:00Z,15
http://www.wikidata.org/entity/Q226125,Marlon Harewood,Wolverhampton Wanderers F.C.,Premier League,2009-01-01T00:00:00Z,2009-01-01T00:00:00Z,5
http://www.wikidata.org/entity/Q226125,Marlon Harewood,Blackpool F.C.,EFL League One,2010-01-01T00:00:00Z,2011-01-01T00:00:00Z,16
http://www.wikidata.org/entity/Q226125,Marlon Harewood,Barnsley F.C.,EFL League One,2011-02-01T00:00:00Z,2011-05-01T00:00:00Z,10
http://www.wikidata.org/entity/Q226125,Marlon Harewood,Guangzhou City F.C.,Chinese Super League,2011-07-01T00:00:00Z,2011-12-01T00:00:00Z,10
http://www.wikidata.org/entity/Q226125,Marlon Harewood,Nottingham Forest F.C.,Premier League,2011-12-01T00:00:00Z,2012-01-01T00:00:00Z,4
http://www.wikidata.org/entity/Q226125,Marlon Harewood,Barnsley F.C.,EFL League One,2012-01-01T00:00:00Z,2013-01-01T00:00:00Z,32
http://www.wikidata.org/entity/Q226125,Marlon Harewood,Bristol City F.C.,EFL Championship,2013-01-01T00:00:00Z,2014-01-01T00:00:00Z,12
http://www.wikidata.org/entity/Q226125,Marlon Harewood,Hartlepool United F.C.,EFL League Two,2014-01-01T00:00:00Z,2015-01-01T00:00:00Z,53
http://www.wikidata.org/entity/Q226125,Marlon Harewood,Nuneaton Town F.C.,National League North,2015-01-01T00:00:00Z,2016-01-01T00:00:00Z,38
http://www.wikidata.org/entity/Q227892,Alessandro Nesta,SS Lazio,Serie A,1993-01-01T00:00:00Z,2002-01-01T00:00:00Z,193
http://www.wikidata.org/entity/Q227892,Alessandro Nesta,Italy national under-18 football team,,1994-01-01T00:00:00Z,1995-01-01T00:00:00Z,2
http://www.wikidata.org/entity/Q227892,Alessandro Nesta,Italy national under-21 football team,,1995-01-01T00:00:00Z,1996-01-01T00:00:00Z,9
http://www.wikidata.org/entity/Q227892,Alessandro Nesta,Italy men's national association football team,,1996-01-01T00:00:00Z,2006-01-01T00:00:00Z,78
http://www.wikidata.org/entity/Q227892,Alessandro Nesta,AC Milan,Serie A,2002-01-01T00:00:00Z,2012-01-01T00:00:00Z,224
http://www.wikidata.org/entity/Q227892,Alessandro Nesta,CF Montréal,Major League Soccer,2012-01-01T00:00:00Z,2013-01-01T00:00:00Z,31
http://www.wikidata.org/entity/Q227892,Alessandro Nesta,Chennaiyin FC,Indian Super League,2014-11-28T00:00:00Z,2014-01-01T00:00:00Z,3
http://www.wikidata.org/entity/Q22951255,Marcus Rashford,England national under-16 association football team,,2012-01-01T00:00:00Z,2012-01-01T00:00:00Z,2
http://www.wikidata.org/entity/Q22951255,Marcus Rashford,England national under-18 association football team,,2014-01-01T00:00:00Z,2014-01-01T00:00:00Z,2
http://www.wikidata.org/entity/Q22951255,Marcus Rashford,Manchester United F.C.,Premier League,2015-01-01T00:00:00Z,,287
http://www.wikidata.org/entity/Q22951255,Marcus Rashford,England national under-20 association football team,,2016-03-27T00:00:00Z,2016-01-01T00:00:00Z,2
http://www.wikidata.org/entity/Q22951255,Marcus Rashford,England men's national association football team,,2016-05-27T00:00:00Z,,68
http://www.wikidata.org/entity/Q22951255,Marcus Rashford,England national under-21 association football team,,2016-09-06T00:00:00Z,2016-01-01T00:00:00Z,1
http://www.wikidata.org/entity/Q22951255,Marcus Rashford,Aston Villa F.C.,Premier League,2025-01-01T00:00:00Z,2025-01-01T00:00:00Z,10
http://www.wikidata.org/entity/Q22951255,Marcus Rashford,Futbol Club Barcelona,La Liga,2025-07-01T00:00:00Z,,14
http://www.wikidata.org/entity/Q2305996,Víctor Casadesús,RCD Mallorca B,Tercera Federación,2003-01-01T00:00:00Z,2005-01-01T00:00:00Z,50
http://www.wikidata.org/entity/Q2305996,Víctor Casadesús,Spain national under-19 football team,,2004-07-13T00:00:00Z,2004-07-24T00:00:00Z,9
http://www.wikidata.org/entity/Q2305996,Víctor Casadesús,RCD Mallorca,La Liga,2005-01-01T00:00:00Z,2014-01-01T00:00:00Z,220
http://www.wikidata.org/entity/Q2305996,Víctor Casadesús,Spain national under-20 football team,,2005-06-11T00:00:00Z,2005-06-25T00:00:00Z,3
http://www.wikidata.org/entity/Q2305996,Víctor Casadesús,Real Sociedad,La Liga,2008-01-29T00:00:00Z,2008-06-30T00:00:00Z,19
http://www.wikidata.org/entity/Q2305996,Víctor Casadesús,Gimnàstic de Tarragona,Primera Federación,2008-08-26T00:00:00Z,2009-06-30T00:00:00Z,36
http://www.wikidata.org/entity/Q2305996,Víctor Casadesús,Levante UD,La Liga,2014-01-31T00:00:00Z,2017-07-05T00:00:00Z,95
http://www.wikidata.org/entity/Q2305996,Víctor Casadesús,C.D. Tenerife,Primera Federación,2017-07-05T00:00:00Z,2018-07-09T00:00:00Z,29
http://www.wikidata.org/entity/Q2305996,Víctor Casadesús,AD Alcorcón,Primera Federación,2018-07-09T00:00:00Z,2019-09-02T00:00:00Z,26
http://www.wikidata.org/entity/Q2305996,Víctor Casadesús,FC Andorra,LaLiga 2,2019-09-02T00:00:00Z,2021-07-01T00:00:00Z,49
http://www.wikidata.org/entity/Q2305996,Víctor Casadesús,Inter Club d'Escaldes,Primera Divisió,2021-07-01T00:00:00Z,2022-09-01T00:00:00Z,19
http://www.wikidata.org/entity/Q2305996,Víctor Casadesús,Atlètic Club d'Escaldes,Primera Divisió,2022-09-01T00:00:00Z,,
http://www.wikidata.org/entity/Q231348,Iván Córdoba,Leones F.C.,Categoría Primera B,1993-01-01T00:00:00Z,1995-01-01T00:00:00Z,42
http://www.wikidata.org/entity/Q231348,Iván Córdoba,Colombia national under-20 football team,,1995-01-01T00:00:00Z,1995-01-01T00:00:00Z,11
http://www.wikidata.org/entity/Q231348,Iván Córdoba,Atlético Nacional,Categoría Primera A,1996-01-01T00:00:00Z,1998-01-01T00:00:00Z,73
http://www.wikidata.org/entity/Q231348,Iván Córdoba,Colombia men's national football team,,1997-01-01T00:00:00Z,2011-01-01T00:00:00Z,73
http://www.wikidata.org/entity/Q231348,Iván Córdoba,San Lorenzo de Almagro,Argentine Primera División,1998-01-01T00:00:00Z,2000-01-01T00:00:00Z,59
http://www.wikidata.org/entity/Q231348,Iván Córdoba,San Lorenzo de Almagro,Metropolitano de Hockey (men),1998-01-01T00:00:00Z,2000-01-01T00:00:00Z,59
http://www.wikidata.org/entity/Q231348,Iván Córdoba,Inter Milan,Serie A,2000-01-01T00:00:00Z,2012-01-01T00:00:00Z,324
http://www.wikidata.org/entity/Q234532,Francesco Toldo,AC Milan,Serie A,1990-01-01T00:00:00Z,1993-01-01T00:00:00Z,0
http://www.wikidata.org/entity/Q234532,Francesco Toldo,Hellas Verona FC,Serie A,1990-01-01T00:00:00Z,1991-01-01T00:00:00Z,0
http://www.wikidata.org/entity/Q234532,Francesco Toldo,Trento Calcio 1921,Serie D,1991-01-01T00:00:00Z,1992-01-01T00:00:00Z,38
http://www.wikidata.org/entity/Q234532,Francesco Toldo,S.C. Ravenna Sport,Serie C1,1992-01-01T00:00:00Z,1993-01-01T00:00:00Z,31
http://www.wikidata.org/entity/Q234532,Francesco Toldo,ACF Fiorentina,Serie A,1993-01-01T00:00:00Z,2001-01-01T00:00:00Z,266
http://www.wikidata.org/entity/Q234532,Francesco Toldo,Italy national under-21 football team,,1993-01-01T00:00:00Z,1994-01-01T00:00:00Z,8
http://www.wikidata.org/entity/Q234532,Francesco Toldo,Italy men's national association football team,,1995-01-01T00:00:00Z,2004-01-01T00:00:00Z,28
http://www.wikidata.org/entity/Q234532,Francesco Toldo,Inter Milan,Serie A,2001-01-01T00:00:00Z,2010-01-01T00:00:00Z,148
http://www.wikidata.org/entity/Q2347391,Steve Watson,Newcastle United F.C.,Premier League,1990-01-01T00:00:00Z,1998-01-01T00:00:00Z,208
http://www.wikidata.org/entity/Q2347391,Steve Watson,England national under-21 association football team,,1992-01-01T00:00:00Z,1995-01-01T00:00:00Z,12
http://www.wikidata.org/entity/Q2347391,Steve Watson,Aston Villa F.C.,Premier League,1998-01-01T00:00:00Z,2000-01-01T00:00:00Z,41
http://www.wikidata.org/entity/Q2347391,Steve Watson,England national association football B team,,1998-01-01T00:00:00Z,1998-01-01T00:00:00Z,1
http://www.wikidata.org/entity/Q2347391,Steve Watson,Everton F.C.,Premier League,2000-01-01T00:00:00Z,2005-01-01T00:00:00Z,126
http://www.wikidata.org/entity/Q2347391,Steve Watson,West Bromwich Albion F.C.,EFL Championship,2005-01-01T00:00:00Z,2007-01-01T00:00:00Z,42
http://www.wikidata.org/entity/Q2347391,Steve Watson,Sheffield Wednesday F.C.,EFL Championship,2007-01-01T00:00:00Z,2007-01-01T00:00:00Z,11
http://www.wikidata.org/entity/Q2347391,Steve Watson,Sheffield Wednesday F.C.,EFL Championship,2007-01-01T00:00:00Z,2009-01-01T00:00:00Z,45
http://www.wikidata.org/entity/Q234885,Daniele Bonera,Brescia Calcio,Serie B,1999-01-01T00:00:00Z,2002-01-01T00:00:00Z,60
http://www.wikidata.org/entity/Q234885,Daniele Bonera,Italy national under-20 football team,,2000-01-01T00:00:00Z,2000-01-01T00:00:00Z,5
http://www.wikidata.org/entity/Q234885,Daniele Bonera,Italy men's national association football team,,2001-01-01T00:00:00Z,2008-01-01T00:00:00Z,16
http://www.wikidata.org/entity/Q234885,Daniele Bonera,Italy national under-21 football team,,2001-01-01T00:00:00Z,2004-01-01T00:00:00Z,29
http://www.wikidata.org/entity/Q234885,Daniele Bonera,Parma Calcio 1913,Serie A,2002-01-01T00:00:00Z,2006-01-01T00:00:00Z,114
http://www.wikidata.org/entity/Q234885,Daniele Bonera,AC Milan,Serie A,2006-01-01T00:00:00Z,2015-01-01T00:00:00Z,152
http://www.wikidata.org/entity/Q234885,Daniele Bonera,Villarreal CF,La Liga,2015-01-01T00:00:00Z,2019-01-01T00:00:00Z,40
http://www.wikidata.org/entity/Q23907908,Igor Zubeldia,Real Sociedad,La Liga,2008-01-01T00:00:00Z,2015-01-01T00:00:00Z,
http://www.wikidata.org/entity/Q23907908,Igor Zubeldia,Real Sociedad B,LaLiga 2,2015-01-01T00:00:00Z,2017-01-01T00:00:00Z,52
http://www.wikidata.org/entity/Q23907908,Igor Zubeldia,Spain national under-18 football team,,2015-01-01T00:00:00Z,2015-01-01T00:00:00Z,4
http://www.wikidata.org/entity/Q23907908,Igor Zubeldia,Real Sociedad,La Liga,2016-01-01T00:00:00Z,,302
http://www.wikidata.org/entity/Q23907908,Igor Zubeldia,Spain national under-21 association football team,,2018-01-01T00:00:00Z,2019-01-01T00:00:00Z,4
http://www.wikidata.org/entity/Q23907908,Igor Zubeldia,Basque Country regional football team,,2025-01-01T00:00:00Z,,1
http://www.wikidata.org/entity/Q239914,Steve Finnan,Welling United F.C.,National League South,1993-01-01T00:00:00Z,1995-01-01T00:00:00Z,41
http://www.wikidata.org/entity/Q239914,Steve Finnan,Birmingham City F.C.,EFL Championship,1995-01-01T00:00:00Z,1996-01-01T00:00:00Z,15
http://www.wikidata.org/entity/Q239914,Steve Finnan,Notts County F.C.,EFL League Two,1996-01-01T00:00:00Z,1996-01-01T00:00:00Z,17
http://www.wikidata.org/entity/Q239914,Steve Finnan,Notts County F.C.,EFL League Two,1996-01-01T00:00:00Z,1998-01-01T00:00:00Z,80
http://www.wikidata.org/entity/Q239914,Steve Finnan,Fulham F.C.,Premier League,1998-01-01T00:00:00Z,2003-01-01T00:00:00Z,172
http://www.wikidata.org/entity/Q239914,Steve Finnan,Republic of Ireland men's national association football team,,2000-01-01T00:00:00Z,2008-01-01T00:00:00Z,53
http://www.wikidata.org/entity/Q239914,Steve Finnan,Liverpool F.C.,Premier League,2003-01-01T00:00:00Z,2008-01-01T00:00:00Z,145
http://www.wikidata.org/entity/Q239914,Steve Finnan,RCD Espanyol de Barcelona,La Liga,2008-01-01T00:00:00Z,2009-01-01T00:00:00Z,4
http://www.wikidata.org/entity/Q239914,Steve Finnan,Portsmouth F.C.,EFL Championship,2009-01-01T00:00:00Z,2010-01-01T00:00:00Z,21
http://www.wikidata.org/entity/Q241502,Richard Dunne,Everton F.C.,Premier League,1996-01-01T00:00:00Z,2000-01-01T00:00:00Z,60
http://www.wikidata.org/entity/Q241502,Richard Dunne,Republic of Ireland B national football team,,1997-01-01T00:00:00Z,1999-01-01T00:00:00Z,
http://www.wikidata.org/entity/Q241502,Richard Dunne,Manchester City F.C.,Premier League,2000-01-01T00:00:00Z,2009-01-01T00:00:00Z,296
http://www.wikidata.org/entity/Q241502,Richard Dunne,Republic of Ireland men's national association football team,,2000-01-01T00:00:00Z,2013-01-01T00:00:00Z,80
http://www.wikidata.org/entity/Q241502,Richard Dunne,Aston Villa F.C.,Premier League,2009-01-01T00:00:00Z,2013-01-01T00:00:00Z,95
http://www.wikidata.org/entity/Q241502,Richard Dunne,Queens Park Rangers F.C.,EFL Championship,2013-01-01T00:00:00Z,2015-01-01T00:00:00Z,64
http://www.wikidata.org/entity/Q2447155,Juan Sánchez Romero,Valencia CF Mestalla,Segunda División B,1991-01-01T00:00:00Z,1993-01-01T00:00:00Z,20
http://www.wikidata.org/entity/Q2447155,Juan Sánchez Romero,Valencia CF,La Liga,1992-01-01T00:00:00Z,1994-01-01T00:00:00Z,17
http://www.wikidata.org/entity/Q2447155,Juan Sánchez Romero,Spain national under-21 association football team,,1992-01-01T00:00:00Z,1993-01-01T00:00:00Z,5
http://www.wikidata.org/entity/Q2447155,Juan Sánchez Romero,RCD Mallorca,La Liga,1993-01-01T00:00:00Z,1994-01-01T00:00:00Z,37
http://www.wikidata.org/entity/Q2447155,Juan Sánchez Romero,RC Celta de Vigo,La Liga,1994-01-01T00:00:00Z,1999-01-01T00:00:00Z,159
http://www.wikidata.org/entity/Q2447155,Juan Sánchez Romero,Spain men's national football team,,1998-01-01T00:00:00Z,1998-01-01T00:00:00Z,1
http://www.wikidata.org/entity/Q2447155,Juan Sánchez Romero,Valencia CF,La Liga,1999-01-01T00:00:00Z,2004-01-01T00:00:00Z,125
http://www.wikidata.org/entity/Q2447155,Juan Sánchez Romero,RC Celta de Vigo,La Liga,2004-01-01T00:00:00Z,2006-01-01T00:00:00Z,23
http://www.wikidata.org/entity/Q244790,Pablo Zabaleta,San Lorenzo de Almagro,Argentine Primera División,2002-01-01T00:00:00Z,2005-01-01T00:00:00Z,66
http://www.wikidata.org/entity/Q244790,Pablo Zabaleta,San Lorenzo de Almagro,Metropolitano de Hockey (men),2002-01-01T00:00:00Z,2005-01-01T00:00:00Z,66
http://www.wikidata.org/entity/Q244790,Pablo Zabaleta,Argentina national under-17 football team,,2002-01-01T00:00:00Z,2003-01-01T00:00:00Z,12
http://www.wikidata.org/entity/Q244790,Pablo Zabaleta,Argentina national under-20 football team,,2003-01-01T00:00:00Z,2005-01-01T00:00:00Z,28
http://www.wikidata.org/entity/Q244790,Pablo Zabaleta,RCD Espanyol de Barcelona,La Liga,2005-01-01T00:00:00Z,2008-01-01T00:00:00Z,79
http://www.wikidata.org/entity/Q244790,Pablo Zabaleta,Argentina men's national association football team,,2005-01-01T00:00:00Z,2016-01-01T00:00:00Z,58
http://www.wikidata.org/entity/Q244790,Pablo Zabaleta,Argentina national under-23 football team,,2008-01-01T00:00:00Z,2008-01-01T00:00:00Z,9
http://www.wikidata.org/entity/Q244790,Pablo Zabaleta,Manchester City F.C.,Premier League,2008-08-31T00:00:00Z,2017-07-01T00:00:00Z,230
http://www.wikidata.org/entity/Q244790,Pablo Zabaleta,West Ham United F.C.,Premier League,2017-07-01T00:00:00Z,2020-01-01T00:00:00Z,73
http://www.wikidata.org/entity/Q245011,Demetrio Albertini,AC Milan,Serie A,1988-01-01T00:00:00Z,2002-01-01T00:00:00Z,293
http://www.wikidata.org/entity/Q245011,Demetrio Albertini,Calcio Padova,Serie B,1990-01-01T00:00:00Z,1991-01-01T00:00:00Z,28
http://www.wikidata.org/entity/Q245011,Demetrio Albertini,Italy national under-21 football team,,1990-01-01T00:00:00Z,1992-01-01T00:00:00Z,17
http://www.wikidata.org/entity/Q245011,Demetrio Albertini,Italy men's national association football team,,1991-01-01T00:00:00Z,2002-01-01T00:00:00Z,79
http://www.wikidata.org/entity/Q245011,Demetrio Albertini,Atlético Madrid,La Liga,2002-01-01T00:00:00Z,2003-01-01T00:00:00Z,28
http://www.wikidata.org/entity/Q245011,Demetrio Albertini,SS Lazio,Serie A,2003-01-01T00:00:00Z,2004-01-01T00:00:00Z,23
http://www.wikidata.org/entity/Q245011,Demetrio Albertini,Atalanta BC,Serie A,2004-01-01T00:00:00Z,2005-01-01T00:00:00Z,14
http://www.wikidata.org/entity/Q245011,Demetrio Albertini,Futbol Club Barcelona,La Liga,2005-01-01T00:00:00Z,2005-01-01T00:00:00Z,5
http://www.wikidata.org/entity/Q249198,Filip Kostić,FK Radnički 1923,Serbian SuperLiga,2009-01-01T00:00:00Z,2012-01-01T00:00:00Z,62
http://www.wikidata.org/entity/Q249198,Filip Kostić,Serbia national under-19 football team,,2010-01-01T00:00:00Z,2010-01-01T00:00:00Z,4
http://www.wikidata.org/entity/Q249198,Filip Kostić,FC Groningen,Eredivisie,2012-01-01T00:00:00Z,2014-01-01T00:00:00Z,45
http://www.wikidata.org/entity/Q249198,Filip Kostić,Serbia national under-21 football team,,2013-01-01T00:00:00Z,2015-01-01T00:00:00Z,8
http://www.wikidata.org/entity/Q249198,Filip Kostić,VfB Stuttgart,Bundesliga,2014-01-01T00:00:00Z,2016-01-01T00:00:00Z,59
http://www.wikidata.org/entity/Q249198,Filip Kostić,Serbia men's national football team,,2015-01-01T00:00:00Z,,70
http://www.wikidata.org/entity/Q249198,Filip Kostić,Hamburger SV,Bundesliga,2016-01-01T00:00:00Z,2018-01-01T00:00:00Z,61
http://www.wikidata.org/entity/Q249198,Filip Kostić,Eintracht Frankfurt,Bundesliga,2018-01-01T00:00:00Z,2022-01-01T00:00:00Z,129
http://www.wikidata.org/entity/Q249198,Filip Kostić,Juventus FC,Serie A,2022-08-01T00:00:00Z,,72
http://www.wikidata.org/entity/Q249198,Filip Kostić,Fenerbahçe Istanbul,Süper Lig,2024-09-01T00:00:00Z,2025-01-01T00:00:00Z,27
http://www.wikidata.org/entity/Q2499826,Oiertxu,CD Izarra,Segunda División B,,2003-01-01T00:00:00Z,
http://www.wikidata.org/entity/Q2499826,Oiertxu,Club Atlético Osasuna,La Liga,2003-01-01T00:00:00Z,2004-01-01T00:00:00Z,
http://www.wikidata.org/entity/Q2499826,Oiertxu,UCD Burladés,Tercera División,2004-01-01T00:00:00Z,2005-01-01T00:00:00Z,18
http://www.wikidata.org/entity/Q2499826,Oiertxu,Osasuna B,Primera Federación,2005-01-01T00:00:00Z,2009-01-01T00:00:00Z,99
http://www.wikidata.org/entity/Q2499826,Oiertxu,Club Atlético Osasuna,La Liga,2007-01-01T00:00:00Z,2022-01-01T00:00:00Z,356
http://www.wikidata.org/entity/Q2499826,Oiertxu,Basque Country regional football team,,2010-01-01T00:00:00Z,2020-01-01T00:00:00Z,5
http://www.wikidata.org/entity/Q2499826,Oiertxu,RC Celta de Vigo,La Liga,2011-01-01T00:00:00Z,2012-01-01T00:00:00Z,33
http://www.wikidata.org/entity/Q2499826,Oiertxu,AEK Larnaca F.C.,Cypriot First Division,2022-01-01T00:00:00Z,2023-01-01T00:00:00Z,43
http://www.wikidata.org/entity/Q250093,Marco Delvecchio,Inter Milan,Serie A,1991-01-01T00:00:00Z,1992-01-01T00:00:00Z,4
http://www.wikidata.org/entity/Q250093,Marco Delvecchio,Venezia F.C.,Serie B,1992-01-01T00:00:00Z,1993-01-01T00:00:00Z,20
http://www.wikidata.org/entity/Q250093,Marco Delvecchio,Italy national under-21 football team,,1992-01-01T00:00:00Z,1996-01-01T00:00:00Z,20
http://www.wikidata.org/entity/Q250093,Marco Delvecchio,Udinese Calcio,Serie A,1993-01-01T00:00:00Z,1994-01-01T00:00:00Z,7
http://www.wikidata.org/entity/Q250093,Marco Delvecchio,Italy national under-23 football team,,1993-01-01T00:00:00Z,1993-01-01T00:00:00Z,3
http://www.wikidata.org/entity/Q250093,Marco Delvecchio,Inter Milan,Serie A,1994-01-01T00:00:00Z,1995-01-01T00:00:00Z,33
http://www.wikidata.org/entity/Q250093,Marco Delvecchio,AS Roma,Serie A,1995-01-01T00:00:00Z,2005-01-01T00:00:00Z,269
http://www.wikidata.org/entity/Q250093,Marco Delvecchio,Italy men's national association football team,,1998-01-01T00:00:00Z,2004-01-01T00:00:00Z,22
http://www.wikidata.org/entity/Q250093,Marco Delvecchio,Parma Calcio 1913,Serie A,2005-01-01T00:00:00Z,2006-01-01T00:00:00Z,8
http://www.wikidata.org/entity/Q250093,Marco Delvecchio,Brescia Calcio,Serie B,2005-01-01T00:00:00Z,2005-01-01T00:00:00Z,5
http://www.wikidata.org/entity/Q250093,Marco Delvecchio,Ascoli Calcio 1898 FC,Serie C,2006-01-01T00:00:00Z,2007-01-01T00:00:00Z,10
http://www.wikidata.org/entity/Q2519072,Fabio Rossitto,Udinese Calcio,Serie A,1989-01-01T00:00:00Z,1997-01-01T00:00:00Z,187
http://www.wikidata.org/entity/Q2519072,Fabio Rossitto,Italy national under-21 football team,,1994-01-01T00:00:00Z,1994-01-01T00:00:00Z,9
http://www.wikidata.org/entity/Q2519072,Fabio Rossitto,Italy men's national association football team,,1996-01-01T00:00:00Z,1996-01-01T00:00:00Z,1
http://www.wikidata.org/entity/Q2519072,Fabio Rossitto,SSC Napoli,Serie A,1997-01-01T00:00:00Z,1999-01-01T00:00:00Z,53
http://www.wikidata.org/entity/Q2519072,Fabio Rossitto,ACF Fiorentina,Serie A,1999-01-01T00:00:00Z,2002-01-01T00:00:00Z,47
http://www.wikidata.org/entity/Q2519072,Fabio Rossitto,Udinese Calcio,Serie A,2002-01-01T00:00:00Z,2004-01-01T00:00:00Z,24
http://www.wikidata.org/entity/Q2519072,Fabio Rossitto,Beerschot A.C.,Belgian Pro League,2004-01-01T00:00:00Z,2005-01-01T00:00:00Z,10
http://www.wikidata.org/entity/Q2519072,Fabio Rossitto,Venezia F.C.,Serie B,2005-01-01T00:00:00Z,2005-01-01T00:00:00Z,9
http://www.wikidata.org/entity/Q2519072,Fabio Rossitto,A.S.D. Sacilese Calcio,Serie D,2005-01-01T00:00:00Z,2007-01-01T00:00:00Z,
http://www.wikidata.org/entity/Q2548011,Massimo Paci,SSC Ancona,Serie C,1997-01-01T00:00:00Z,1998-01-01T00:00:00Z,8
http://www.wikidata.org/entity/Q2548011,Massimo Paci,Juventus FC,Serie A,1998-01-01T00:00:00Z,1999-01-01T00:00:00Z,0
http://www.wikidata.org/entity/Q2548011,Massimo Paci,SSC Ancona,Serie C,1999-01-01T00:00:00Z,2000-01-01T00:00:00Z,8
http://www.wikidata.org/entity/Q2548011,Massimo Paci,U.S. Viterbese 1908,Serie D,2000-01-01T00:00:00Z,2002-01-01T00:00:00Z,45
http://www.wikidata.org/entity/Q2548011,Massimo Paci,Ternana Calcio,Serie C,2002-01-01T00:00:00Z,2004-01-01T00:00:00Z,65
http://www.wikidata.org/entity/Q2548011,Massimo Paci,US Lecce,Serie A,2004-01-01T00:00:00Z,2005-01-01T00:00:00Z,12
http://www.wikidata.org/entity/Q2548011,Massimo Paci,Genoa CFC,Serie A,2005-01-01T00:00:00Z,2006-01-01T00:00:00Z,0
http://www.wikidata.org/entity/Q2548011,Massimo Paci,Ascoli Calcio 1898 FC,Serie C,2005-01-01T00:00:00Z,2006-01-01T00:00:00Z,31
http://www.wikidata.org/entity/Q2548011,Massimo Paci,Parma Calcio 1913,Serie A,2006-01-01T00:00:00Z,2011-01-01T00:00:00Z,124
http://www.wikidata.org/entity/Q2548011,Massimo Paci,Novara Calcio,Serie C,2011-01-01T00:00:00Z,2012-01-01T00:00:00Z,26
http://www.wikidata.org/entity/Q2548011,Massimo Paci,Siena FC,Serie C,2012-01-01T00:00:00Z,2013-01-01T00:00:00Z,23
http://www.wikidata.org/entity/Q2548011,Massimo Paci,Brescia Calcio,Serie B,2013-01-01T00:00:00Z,2014-01-01T00:00:00Z,25
http://www.wikidata.org/entity/Q2548011,Massimo Paci,Pisa SC,Serie A,2014-01-01T00:00:00Z,2015-01-01T00:00:00Z,22
http://www.wikidata.org/entity/Q258115,Diego Simeone,Club Atlético Vélez Sarsfield,Argentine Primera División,1987-01-01T00:00:00Z,1990-01-01T00:00:00Z,76
http://www.wikidata.org/entity/Q258115,Diego Simeone,Argentina men's national association football team,,1988-01-01T00:00:00Z,2002-01-01T00:00:00Z,106
http://www.wikidata.org/entity/Q258115,Diego Simeone,Argentina national under-23 football team,,1988-01-01T00:00:00Z,1988-01-01T00:00:00Z,10
http://www.wikidata.org/entity/Q258115,Diego Simeone,Argentina national under-20 football team,,1989-01-01T00:00:00Z,1989-01-01T00:00:00Z,4
http://www.wikidata.org/entity/Q258115,Diego Simeone,Pisa SC,Serie A,1990-01-01T00:00:00Z,1992-01-01T00:00:00Z,55
http://www.wikidata.org/entity/Q258115,Diego Simeone,Sevilla FC,La Liga,1992-01-01T00:00:00Z,1994-01-01T00:00:00Z,64
http://www.wikidata.org/entity/Q258115,Diego Simeone,Atlético Madrid,La Liga,1994-01-01T00:00:00Z,1997-01-01T00:00:00Z,98
http://www.wikidata.org/entity/Q258115,Diego Simeone,Inter Milan,Serie A,1997-01-01T00:00:00Z,1999-01-01T00:00:00Z,57
http://www.wikidata.org/entity/Q258115,Diego Simeone,SS Lazio,Serie A,1999-01-01T00:00:00Z,2003-01-01T00:00:00Z,90
http://www.wikidata.org/entity/Q258115,Diego Simeone,Atlético Madrid,La Liga,2003-01-01T00:00:00Z,2005-01-01T00:00:00Z,36
http://www.wikidata.org/entity/Q258115,Diego Simeone,Racing Club,Argentine Primera División,2005-01-01T00:00:00Z,2006-01-01T00:00:00Z,37
http://www.wikidata.org/entity/Q2608437,Lee Clark,Newcastle United F.C.,Premier League,1990-01-01T00:00:00Z,1997-01-01T00:00:00Z,195
http://www.wikidata.org/entity/Q2608437,Lee Clark,England national under-21 association football team,,1992-01-01T00:00:00Z,1993-01-01T00:00:00Z,11
http://www.wikidata.org/entity/Q2608437,Lee Clark,Sunderland A.F.C.,Premier League,1997-01-01T00:00:00Z,1999-01-01T00:00:00Z,74
http://www.wikidata.org/entity/Q2608437,Lee Clark,Fulham F.C.,Premier League,1999-01-01T00:00:00Z,2005-01-01T00:00:00Z,149
http://www.wikidata.org/entity/Q2608437,Lee Clark,Newcastle United F.C.,Premier League,2005-01-01T00:00:00Z,2006-01-01T00:00:00Z,22
http://www.wikidata.org/entity/Q2608851,Cristhian Stuani,Uruguay national under-17 football team,,2003-01-01T00:00:00Z,2003-01-01T00:00:00Z,12
http://www.wikidata.org/entity/Q2608851,Cristhian Stuani,Danubio F.C.,Uruguayan Primera División,2004-01-01T00:00:00Z,2007-01-01T00:00:00Z,36
http://www.wikidata.org/entity/Q2608851,Cristhian Stuani,Danubio F.C.,Uruguayan Segunda División,2004-01-01T00:00:00Z,2007-01-01T00:00:00Z,36
http://www.wikidata.org/entity/Q2608851,Cristhian Stuani,C.A. Bella Vista,Primera División Amateur de Uruguay,2005-01-01T00:00:00Z,2007-01-01T00:00:00Z,14
http://www.wikidata.org/entity/Q2608851,Cristhian Stuani,Uruguay national under-20 football team,,2005-01-01T00:00:00Z,2005-01-01T00:00:00Z,15
http://www.wikidata.org/entity/Q2608851,Cristhian Stuani,AS Reggina 1914,Serie B,2008-01-01T00:00:00Z,2013-01-01T00:00:00Z,17
http://www.wikidata.org/entity/Q2608851,Cristhian Stuani,Albacete Balompié,LaLiga 2,2009-01-01T00:00:00Z,2010-01-01T00:00:00Z,39
http://www.wikidata.org/entity/Q2608851,Cristhian Stuani,Levante UD,La Liga,2010-01-01T00:00:00Z,2011-01-01T00:00:00Z,30
http://www.wikidata.org/entity/Q2608851,Cristhian Stuani,Racing de Santander,LaLiga 2,2011-01-01T00:00:00Z,2012-01-01T00:00:00Z,32
http://www.wikidata.org/entity/Q2608851,Cristhian Stuani,RCD Espanyol de Barcelona,La Liga,2012-01-01T00:00:00Z,2015-01-01T00:00:00Z,103
http://www.wikidata.org/entity/Q2608851,Cristhian Stuani,Uruguay men's national football team,,2012-01-01T00:00:00Z,2019-01-01T00:00:00Z,50
http://www.wikidata.org/entity/Q2608851,Cristhian Stuani,Middlesbrough F.C.,EFL Championship,2015-01-01T00:00:00Z,2017-01-01T00:00:00Z,59
http://www.wikidata.org/entity/Q2608851,Cristhian Stuani,Girona FC,La Liga,2017-01-01T00:00:00Z,,266
http://www.wikidata.org/entity/Q261534,Diego Forlán,Extremadura UD,LaLiga 2,,,
http://www.wikidata.org/entity/Q261534,Diego Forlán,Club Atlético Independiente,Argentine Primera División,1997-01-01T00:00:00Z,2002-01-01T00:00:00Z,80
http://www.wikidata.org/entity/Q261534,Diego Forlán,Uruguay national under-20 football team,,1999-01-01T00:00:00Z,1999-01-01T00:00:00Z,
http://www.wikidata.org/entity/Q261534,Diego Forlán,Manchester United F.C.,Premier League,2002-01-01T00:00:00Z,2004-01-01T00:00:00Z,63
http://www.wikidata.org/entity/Q261534,Diego Forlán,Uruguay men's national football team,,2002-01-01T00:00:00Z,2014-01-01T00:00:00Z,112
http://www.wikidata.org/entity/Q261534,Diego Forlán,Villarreal CF,La Liga,2004-01-01T00:00:00Z,2007-01-01T00:00:00Z,106
http://www.wikidata.org/entity/Q261534,Diego Forlán,Atlético Madrid,La Liga,2007-01-01T00:00:00Z,2011-01-01T00:00:00Z,134
http://www.wikidata.org/entity/Q261534,Diego Forlán,Inter Milan,Serie A,2011-01-01T00:00:00Z,2012-01-01T00:00:00Z,18
http://www.wikidata.org/entity/Q261534,Diego Forlán,S.C. Internacional,Campeonato Brasileiro Série A,2012-01-01T00:00:00Z,2014-01-01T00:00:00Z,34
http://www.wikidata.org/entity/Q261534,Diego Forlán,S.C. Internacional,Copa do Brasil,2012-01-01T00:00:00Z,2014-01-01T00:00:00Z,34
http://www.wikidata.org/entity/Q261534,Diego Forlán,S.C. Internacional,Campeonato Gaúcho,2012-01-01T00:00:00Z,2014-01-01T00:00:00Z,34
http://www.wikidata.org/entity/Q261534,Diego Forlán,Cerezo Osaka,J1 League,2014-01-01T00:00:00Z,2015-01-01T00:00:00Z,42
http://www.wikidata.org/entity/Q261534,Diego Forlán,Club Atlético Peñarol,Uruguayan Primera División,2015-01-01T00:00:00Z,,
http://www.wikidata.org/entity/Q262649,Stefano Rossini,U.S. Pergolettese 1932,Serie D,,,
http://www.wikidata.org/entity/Q262649,Stefano Rossini,Parma Calcio 1913,Serie A,1987-01-01T00:00:00Z,1989-01-01T00:00:00Z,28
http://www.wikidata.org/entity/Q262649,Stefano Rossini,Italy national under-21 football team,,1988-01-01T00:00:00Z,1992-01-01T00:00:00Z,30
http://www.wikidata.org/entity/Q262649,Stefano Rossini,Inter Milan,Serie A,1989-01-01T00:00:00Z,1990-01-01T00:00:00Z,14
http://www.wikidata.org/entity/Q262649,Stefano Rossini,ACF Fiorentina,Serie A,1990-01-01T00:00:00Z,1990-01-01T00:00:00Z,0
http://www.wikidata.org/entity/Q262649,Stefano Rossini,Parma Calcio 1913,Serie A,1990-01-01T00:00:00Z,1991-01-01T00:00:00Z,7
http://www.wikidata.org/entity/Q262649,Stefano Rossini,Udinese Calcio,Serie A,1991-01-01T00:00:00Z,1992-01-01T00:00:00Z,31
http://www.wikidata.org/entity/Q262649,Stefano Rossini,Inter Milan,Serie A,1992-01-01T00:00:00Z,1993-01-01T00:00:00Z,3
http://www.wikidata.org/entity/Q262649,Stefano Rossini,Udinese Calcio,Serie A,1993-01-01T00:00:00Z,1994-01-01T00:00:00Z,18
http://www.wikidata.org/entity/Q262649,Stefano Rossini,Piacenza Calcio,Serie D,1994-01-01T00:00:00Z,1996-01-01T00:00:00Z,60
http://www.wikidata.org/entity/Q262649,Stefano Rossini,Atalanta BC,Serie A,1996-01-01T00:00:00Z,1997-01-01T00:00:00Z,25
http://www.wikidata.org/entity/Q262649,Stefano Rossini,Genoa CFC,Serie A,1998-01-01T00:00:00Z,2001-01-01T00:00:00Z,77
http://www.wikidata.org/entity/Q262649,Stefano Rossini,US Lecce,Serie A,1998-01-01T00:00:00Z,1998-01-01T00:00:00Z,25
http://www.wikidata.org/entity/Q262649,Stefano Rossini,Ternana Calcio,Serie C,2001-01-01T00:00:00Z,2002-01-01T00:00:00Z,24
http://www.wikidata.org/entity/Q262649,Stefano Rossini,Genoa CFC,Serie A,2002-01-01T00:00:00Z,2003-01-01T00:00:00Z,34
http://www.wikidata.org/entity/Q262649,Stefano Rossini,Como 1907,Serie A,2003-01-01T00:00:00Z,2004-01-01T00:00:00Z,27
http://www.wikidata.org/entity/Q262649,Stefano Rossini,U.S. Cremonese,Serie A,2005-01-01T00:00:00Z,2006-01-01T00:00:00Z,36
http://www.wikidata.org/entity/Q262649,Stefano Rossini,A.C. Reggiana 1919,Serie B,2006-01-01T00:00:00Z,2007-01-01T00:00:00Z,18
http://www.wikidata.org/entity/Q262649,Stefano Rossini,A.S. Pizzighettone,Serie D,2007-01-01T00:00:00Z,2008-01-01T00:00:00Z,3
http://www.wikidata.org/entity/Q262649,Stefano Rossini,A.C. Fidenza 1922,Serie D,2008-01-01T00:00:00Z,2009-01-01T00:00:00Z,25
http://www.wikidata.org/entity/Q262649,Stefano Rossini,A.S.D. OltrepoVoghera,Serie D,2009-01-01T00:00:00Z,2010-01-01T00:00:00Z,18
http://www.wikidata.org/entity/Q2629845,Massimo Marazzina,Inter Milan,Serie A,1993-01-01T00:00:00Z,1994-01-01T00:00:00Z,3
http://www.wikidata.org/entity/Q2629845,Massimo Marazzina,Calcio Foggia 1920,Serie C,1994-01-01T00:00:00Z,1996-01-01T00:00:00Z,36
http://www.wikidata.org/entity/Q2629845,Massimo Marazzina,AC ChievoVerona,Serie B,1996-01-01T00:00:00Z,2004-01-01T00:00:00Z,157
http://www.wikidata.org/entity/Q2629845,Massimo Marazzina,AS Reggina 1914,Serie B,2000-01-01T00:00:00Z,2001-01-01T00:00:00Z,29
http://www.wikidata.org/entity/Q2629845,Massimo Marazzina,Italy men's national association football team,,2002-01-01T00:00:00Z,2002-01-01T00:00:00Z,3
http://www.wikidata.org/entity/Q2629845,Massimo Marazzina,U.C. Sampdoria,Serie B,2003-01-01T00:00:00Z,2004-01-01T00:00:00Z,12
http://www.wikidata.org/entity/Q2629845,Massimo Marazzina,AS Roma,Serie A,2003-01-01T00:00:00Z,2003-01-01T00:00:00Z,7
http://www.wikidata.org/entity/Q2629845,Massimo Marazzina,Torino FC,Serie A,2004-01-01T00:00:00Z,2005-01-01T00:00:00Z,41
http://www.wikidata.org/entity/Q2629845,Massimo Marazzina,Modena F.C.,Serie B,2004-01-01T00:00:00Z,2004-01-01T00:00:00Z,13
http://www.wikidata.org/entity/Q2629845,Massimo Marazzina,Siena FC,Serie C,2005-01-01T00:00:00Z,2005-01-01T00:00:00Z,8
http://www.wikidata.org/entity/Q2629845,Massimo Marazzina,Bologna F.C. 1909,Serie A,2006-01-01T00:00:00Z,2010-01-01T00:00:00Z,118
http://www.wikidata.org/entity/Q2637295,Miguel Ángel Sánchez Muñoz,Rayo Vallecano,La Liga,,,
http://www.wikidata.org/entity/Q2637295,Miguel Ángel Sánchez Muñoz,Girona FC,La Liga,,,
http://www.wikidata.org/entity/Q2637295,Miguel Ángel Sánchez Muñoz,Spain national under-16 association football team,,1991-01-01T00:00:00Z,1991-01-01T00:00:00Z,10
http://www.wikidata.org/entity/Q2637295,Miguel Ángel Sánchez Muñoz,Rayo Vallecano B,Segunda División B,1992-01-01T00:00:00Z,1996-01-01T00:00:00Z,
http://www.wikidata.org/entity/Q2637295,Miguel Ángel Sánchez Muñoz,Rayo Vallecano,La Liga,1993-01-01T00:00:00Z,2003-01-01T00:00:00Z,186
http://www.wikidata.org/entity/Q2637295,Miguel Ángel Sánchez Muñoz,Spain national under-18 football team,,1993-01-01T00:00:00Z,1994-01-01T00:00:00Z,17
http://www.wikidata.org/entity/Q2637295,Miguel Ángel Sánchez Muñoz,Spain national under-20 football team,,1995-01-01T00:00:00Z,1995-01-01T00:00:00Z,6
http://www.wikidata.org/entity/Q2637295,Miguel Ángel Sánchez Muñoz,Spain national under-19 football team,,1995-01-01T00:00:00Z,1995-01-01T00:00:00Z,1
http://www.wikidata.org/entity/Q2637295,Miguel Ángel Sánchez Muñoz,Unión Deportiva Almería,LaLiga 2,1997-01-01T00:00:00Z,1997-01-01T00:00:00Z,18
http://www.wikidata.org/entity/Q2637295,Miguel Ángel Sánchez Muñoz,Real Murcia,Primera Federación,2003-01-01T00:00:00Z,2006-01-01T00:00:00Z,39
http://www.wikidata.org/entity/Q2637295,Miguel Ángel Sánchez Muñoz,Málaga CF,LaLiga 2,2005-01-01T00:00:00Z,2005-01-01T00:00:00Z,9
http://www.wikidata.org/entity/Q2637295,Miguel Ángel Sánchez Muñoz,Rayo Vallecano,La Liga,2006-01-01T00:00:00Z,2012-01-01T00:00:00Z,177
http://www.wikidata.org/entity/Q2637295,Miguel Ángel Sánchez Muñoz,Girona FC,La Liga,2021-07-21T00:00:00Z,,
http://www.wikidata.org/entity/Q2650860,Alper Bagceci,SSV Ulm 1846,Fußball-Regionalliga Südwest,2003-01-01T00:00:00Z,2006-01-01T00:00:00Z,91
http://www.wikidata.org/entity/Q2650860,Alper Bagceci,SSV Ulm 1846 Fußball,3. Liga,2003-01-01T00:00:00Z,2006-01-01T00:00:00Z,91
http://www.wikidata.org/entity/Q2650860,Alper Bagceci,1. FC Heidenheim 1846,Bundesliga,2006-01-01T00:00:00Z,2015-01-01T00:00:00Z,260
http://www.wikidata.org/entity/Q2650860,Alper Bagceci,SSV Ulm 1846,Fußball-Regionalliga Südwest,2015-01-01T00:00:00Z,,
http://www.wikidata.org/entity/Q266021,Gorka Iraizoz,UDC Chantrea,Tercera División,1998-01-01T00:00:00Z,1999-01-01T00:00:00Z,
http://www.wikidata.org/entity/Q266021,Gorka Iraizoz,CD Baskonia,Tercera Federación,1999-01-01T00:00:00Z,2000-01-01T00:00:00Z,20
http://www.wikidata.org/entity/Q266021,Gorka Iraizoz,Athletic Bilbao B,Primera Federación,2000-01-01T00:00:00Z,2001-01-01T00:00:00Z,0
http://www.wikidata.org/entity/Q266021,Gorka Iraizoz,Gernika Club,Primera Federación,2001-01-01T00:00:00Z,2002-01-01T00:00:00Z,36
http://www.wikidata.org/entity/Q266021,Gorka Iraizoz,Gernika Club,Primera Federación,2001-01-01T00:00:00Z,2001-01-01T00:00:00Z,14
http://www.wikidata.org/entity/Q266021,Gorka Iraizoz,RCD Espanyol B,Segunda División B,2002-01-01T00:00:00Z,2004-01-01T00:00:00Z,59
http://www.wikidata.org/entity/Q266021,Gorka Iraizoz,RCD Espanyol de Barcelona,La Liga,2004-01-01T00:00:00Z,2007-01-01T00:00:00Z,23
http://www.wikidata.org/entity/Q266021,Gorka Iraizoz,SD Eibar,LaLiga 2,2004-01-01T00:00:00Z,2005-01-01T00:00:00Z,41
http://www.wikidata.org/entity/Q266021,Gorka Iraizoz,Basque Country regional football team,,2006-01-01T00:00:00Z,2016-01-01T00:00:00Z,12
http://www.wikidata.org/entity/Q266021,Gorka Iraizoz,Athletic Club,La Liga,2007-01-01T00:00:00Z,2017-01-01T00:00:00Z,392
http://www.wikidata.org/entity/Q266021,Gorka Iraizoz,Girona FC,La Liga,2017-01-01T00:00:00Z,2019-01-01T00:00:00Z,23
http://www.wikidata.org/entity/Q266613,Wayne Rooney,England national under-17 association football team,,2001-01-01T00:00:00Z,2002-01-01T00:00:00Z,12
http://www.wikidata.org/entity/Q266613,Wayne Rooney,Everton F.C.,Premier League,2002-01-01T00:00:00Z,2004-01-01T00:00:00Z,67
http://www.wikidata.org/entity/Q266613,Wayne Rooney,England national under-19 association football team,,2002-01-01T00:00:00Z,2003-01-01T00:00:00Z,1
http://www.wikidata.org/entity/Q266613,Wayne Rooney,England men's national association football team,,2003-01-01T00:00:00Z,2018-01-01T00:00:00Z,120
http://www.wikidata.org/entity/Q266613,Wayne Rooney,Manchester United F.C.,Premier League,2004-01-01T00:00:00Z,2017-01-01T00:00:00Z,393
http://www.wikidata.org/entity/Q266613,Wayne Rooney,Everton F.C.,Premier League,2017-07-01T00:00:00Z,2018-06-01T00:00:00Z,31
http://www.wikidata.org/entity/Q266613,Wayne Rooney,D.C. United,Major League Soccer,2018-07-01T00:00:00Z,2019-12-01T00:00:00Z,48
http://www.wikidata.org/entity/Q266613,Wayne Rooney,Derby County F.C.,EFL Championship,2019-11-01T00:00:00Z,2021-01-01T00:00:00Z,30
http://www.wikidata.org/entity/Q270359,Giuseppe Favalli,U.S. Cremonese,Serie A,1988-01-01T00:00:00Z,1992-01-01T00:00:00Z,94
http://www.wikidata.org/entity/Q270359,Giuseppe Favalli,Italy national under-21 football team,,1989-01-01T00:00:00Z,1994-01-01T00:00:00Z,24
http://www.wikidata.org/entity/Q270359,Giuseppe Favalli,Italy national under-18 football team,,1989-01-01T00:00:00Z,1989-01-01T00:00:00Z,9
http://www.wikidata.org/entity/Q270359,Giuseppe Favalli,SS Lazio,Serie A,1992-01-01T00:00:00Z,2004-01-01T00:00:00Z,401
http://www.wikidata.org/entity/Q270359,Giuseppe Favalli,Italy men's national association football team,,1994-01-01T00:00:00Z,2004-01-01T00:00:00Z,8
http://www.wikidata.org/entity/Q270359,Giuseppe Favalli,Inter Milan,Serie A,2004-01-01T00:00:00Z,2006-01-01T00:00:00Z,49
http://www.wikidata.org/entity/Q270359,Giuseppe Favalli,AC Milan,Serie A,2006-01-01T00:00:00Z,2010-01-01T00:00:00Z,75
http://www.wikidata.org/entity/Q2722211,Bittor Alkiza,Real Sociedad,La Liga,,1989-01-01T00:00:00Z,
http://www.wikidata.org/entity/Q2722211,Bittor Alkiza,Real Sociedad B,LaLiga 2,1989-01-01T00:00:00Z,1991-01-01T00:00:00Z,66
http://www.wikidata.org/entity/Q2722211,Bittor Alkiza,Spain national under-20 football team,,1990-01-01T00:00:00Z,1990-01-01T00:00:00Z,1
http://www.wikidata.org/entity/Q2722211,Bittor Alkiza,Spain national under-19 football team,,1990-01-01T00:00:00Z,1990-01-01T00:00:00Z,3
http://www.wikidata.org/entity/Q2722211,Bittor Alkiza,Real Sociedad,La Liga,1991-01-01T00:00:00Z,1994-01-01T00:00:00Z,105
http://www.wikidata.org/entity/Q2722211,Bittor Alkiza,Basque Country regional football team,,1993-01-01T00:00:00Z,2002-01-01T00:00:00Z,9
http://www.wikidata.org/entity/Q2722211,Bittor Alkiza,Athletic Club,La Liga,1994-01-01T00:00:00Z,2003-01-01T00:00:00Z,328
http://www.wikidata.org/entity/Q2722211,Bittor Alkiza,Spain men's national football team,,1998-01-01T00:00:00Z,1998-01-01T00:00:00Z,3
http://www.wikidata.org/entity/Q2722211,Bittor Alkiza,Real Sociedad,La Liga,2003-01-01T00:00:00Z,2005-01-01T00:00:00Z,48
http://www.wikidata.org/entity/Q273715,Jordan Henderson,Sunderland A.F.C.,Premier League,2008-01-01T00:00:00Z,2011-01-01T00:00:00Z,71
http://www.wikidata.org/entity/Q273715,Jordan Henderson,Coventry City F.C.,EFL Championship,2009-01-01T00:00:00Z,2009-01-01T00:00:00Z,10
http://www.wikidata.org/entity/Q273715,Jordan Henderson,England national under-20 association football team,,2009-01-01T00:00:00Z,2009-01-01T00:00:00Z,1
http://www.wikidata.org/entity/Q273715,Jordan Henderson,England national under-19 association football team,,2009-01-01T00:00:00Z,2009-01-01T00:00:00Z,1
http://www.wikidata.org/entity/Q273715,Jordan Henderson,England men's national association football team,,2010-01-01T00:00:00Z,,88
http://www.wikidata.org/entity/Q273715,Jordan Henderson,England national under-21 association football team,,2010-01-01T00:00:00Z,2013-01-01T00:00:00Z,27
http://www.wikidata.org/entity/Q273715,Jordan Henderson,Liverpool F.C.,Premier League,2011-01-01T00:00:00Z,2023-01-01T00:00:00Z,360
http://www.wikidata.org/entity/Q273715,Jordan Henderson,Al-Ettifaq FC,Saudi Pro League,2023-01-01T00:00:00Z,2024-01-01T00:00:00Z,17
http://www.wikidata.org/entity/Q273715,Jordan Henderson,AFC Ajax,Eredivisie,2024-01-01T00:00:00Z,2025-06-01T00:00:00Z,37
http://www.wikidata.org/entity/Q273715,Jordan Henderson,Brentford F.C.,Premier League,2025-07-01T00:00:00Z,,11
http://www.wikidata.org/entity/Q276091,Koke,Atlético Madrid B,Segunda División B,2008-01-01T00:00:00Z,2011-01-01T00:00:00Z,66
http://www.wikidata.org/entity/Q276091,Koke,Spain national under-17 association football team,,2008-01-01T00:00:00Z,2009-01-01T00:00:00Z,19
http://www.wikidata.org/entity/Q276091,Koke,Spain national under-16 association football team,,2008-01-01T00:00:00Z,2008-01-01T00:00:00Z,3
http://www.wikidata.org/entity/Q276091,Koke,Atlético Madrid,La Liga,2009-01-01T00:00:00Z,,497
http://www.wikidata.org/entity/Q276091,Koke,Spain national under-19 football team,,2010-01-01T00:00:00Z,2011-01-01T00:00:00Z,9
http://www.wikidata.org/entity/Q276091,Koke,Spain national under-21 association football team,,2011-01-01T00:00:00Z,2013-01-01T00:00:00Z,12
http://www.wikidata.org/entity/Q276091,Koke,Spain national under-20 football team,,2011-01-01T00:00:00Z,2011-01-01T00:00:00Z,5
http://www.wikidata.org/entity/Q276091,Koke,Spain national under-23 football team,,2012-01-01T00:00:00Z,2012-01-01T00:00:00Z,6
http://www.wikidata.org/entity/Q276091,Koke,Spain men's national football team,,2013-01-01T00:00:00Z,2022-01-01T00:00:00Z,70
http://www.wikidata.org/entity/Q276178,Leon Osman,England national under-16 association football team,,1997-01-01T00:00:00Z,1998-01-01T00:00:00Z,5
http://www.wikidata.org/entity/Q276178,Leon Osman,Everton F.C.,Premier League,2000-01-01T00:00:00Z,2016-01-01T00:00:00Z,352
http://www.wikidata.org/entity/Q276178,Leon Osman,Carlisle United F.C.,National League,2002-01-01T00:00:00Z,2003-01-01T00:00:00Z,12
http://www.wikidata.org/entity/Q276178,Leon Osman,Derby County F.C.,EFL Championship,2004-01-01T00:00:00Z,2004-01-01T00:00:00Z,17
http://www.wikidata.org/entity/Q276178,Leon Osman,England men's national association football team,,2012-01-01T00:00:00Z,2013-01-01T00:00:00Z,2
http://www.wikidata.org/entity/Q276399,José Antonio Reyes,Sevilla Atlético,Segunda División B,1999-01-01T00:00:00Z,2001-01-01T00:00:00Z,32
http://www.wikidata.org/entity/Q276399,José Antonio Reyes,Spain national under-16 association football team,,1999-01-01T00:00:00Z,2000-01-01T00:00:00Z,7
http://www.wikidata.org/entity/Q276399,José Antonio Reyes,Sevilla FC,La Liga,2000-01-01T00:00:00Z,2004-01-01T00:00:00Z,86
http://www.wikidata.org/entity/Q276399,José Antonio Reyes,Spain national under-19 football team,,2001-01-01T00:00:00Z,2002-01-01T00:00:00Z,7
http://www.wikidata.org/entity/Q276399,José Antonio Reyes,Spain national under-21 association football team,,2002-01-01T00:00:00Z,2003-01-01T00:00:00Z,7
http://www.wikidata.org/entity/Q276399,José Antonio Reyes,Spain men's national football team,,2003-01-01T00:00:00Z,2006-01-01T00:00:00Z,21
http://www.wikidata.org/entity/Q276399,José Antonio Reyes,Arsenal F.C.,Premier League,2004-01-01T00:00:00Z,2007-01-01T00:00:00Z,69
http://www.wikidata.org/entity/Q276399,José Antonio Reyes,Real Madrid Club de Fútbol,La Liga,2006-01-01T00:00:00Z,2007-01-01T00:00:00Z,30
http://www.wikidata.org/entity/Q276399,José Antonio Reyes,Atlético Madrid,La Liga,2007-01-01T00:00:00Z,2008-01-01T00:00:00Z,103
http://www.wikidata.org/entity/Q276399,José Antonio Reyes,Atlético Madrid,La Liga,2007-01-01T00:00:00Z,2012-01-01T00:00:00Z,103
http://www.wikidata.org/entity/Q276399,José Antonio Reyes,S.L. Benfica,Liga Portugal,2008-01-01T00:00:00Z,2009-01-01T00:00:00Z,26
http://www.wikidata.org/entity/Q276399,José Antonio Reyes,Atlético Madrid,La Liga,2009-01-01T00:00:00Z,2008-01-01T00:00:00Z,103
http://www.wikidata.org/entity/Q276399,José Antonio Reyes,Atlético Madrid,La Liga,2009-01-01T00:00:00Z,2012-01-01T00:00:00Z,103
http://www.wikidata.org/entity/Q276399,José Antonio Reyes,Sevilla FC,La Liga,2012-01-01T00:00:00Z,2016-01-01T00:00:00Z,109
http://www.wikidata.org/entity/Q276399,José Antonio Reyes,Andalusia autonomous football team,,2013-01-01T00:00:00Z,2013-01-01T00:00:00Z,1
http://www.wikidata.org/entity/Q276399,José Antonio Reyes,RCD Espanyol de Barcelona,La Liga,2016-06-01T00:00:00Z,2017-05-01T00:00:00Z,21
http://www.wikidata.org/entity/Q276399,José Antonio Reyes,Córdoba CF,LaLiga 2,2018-01-01T00:00:00Z,2018-06-01T00:00:00Z,17
http://www.wikidata.org/entity/Q276399,José Antonio Reyes,Xinjiang Tianshan Leopard F.C.,China League One,2018-06-01T00:00:00Z,2018-12-01T00:00:00Z,14
http://www.wikidata.org/entity/Q276399,José Antonio Reyes,Extremadura UD,LaLiga 2,2019-01-01T00:00:00Z,2019-06-01T00:00:00Z,9
http://www.wikidata.org/entity/Q279436,Ömer Toprak,SC Freiburg II,Oberliga Baden-Württemberg,2006-01-01T00:00:00Z,2008-01-01T00:00:00Z,24
http://www.wikidata.org/entity/Q279436,Ömer Toprak,SC Freiburg,Bundesliga,2008-01-01T00:00:00Z,2011-01-01T00:00:00Z,68
http://www.wikidata.org/entity/Q279436,Ömer Toprak,Germany national under-19 football team,,2008-01-01T00:00:00Z,2008-01-01T00:00:00Z,3
http://www.wikidata.org/entity/Q279436,Ömer Toprak,Bayer 04 Leverkusen,Bundesliga,2011-01-01T00:00:00Z,2017-01-01T00:00:00Z,153
http://www.wikidata.org/entity/Q279436,Ömer Toprak,Turkey men's national football team,,2011-11-01T00:00:00Z,2017-10-01T00:00:00Z,27
http://www.wikidata.org/entity/Q279436,Ömer Toprak,Borussia Dortmund,Bundesliga,2017-07-01T00:00:00Z,2019-08-01T00:00:00Z,35
http://www.wikidata.org/entity/Q279436,Ömer Toprak,SV Werder Bremen,Bundesliga,2019-08-01T00:00:00Z,2022-06-01T00:00:00Z,57
http://www.wikidata.org/entity/Q279436,Ömer Toprak,Antalyaspor,Süper Lig,2022-06-01T00:00:00Z,2024-01-01T00:00:00Z,45
http://www.wikidata.org/entity/Q2823938,Adam El-Abd,Brighton & Hove Albion F.C.,Premier League,2003-01-01T00:00:00Z,2014-01-01T00:00:00Z,300
http://www.wikidata.org/entity/Q2823938,Adam El-Abd,Bognor Regis Town F.C.,Isthmian League,2003-01-01T00:00:00Z,2003-01-01T00:00:00Z,2
http://www.wikidata.org/entity/Q2823938,Adam El-Abd,Egypt men's national football team,,2012-01-01T00:00:00Z,2013-01-01T00:00:00Z,7
http://www.wikidata.org/entity/Q2823938,Adam El-Abd,Bristol City F.C.,EFL Championship,2014-01-01T00:00:00Z,2014-01-01T00:00:00Z,16
http://www.wikidata.org/entity/Q2823938,Adam El-Abd,Bury F.C.,Northern Premier League,2014-01-01T00:00:00Z,2015-01-01T00:00:00Z,24
http://www.wikidata.org/entity/Q2823938,Adam El-Abd,Swindon Town F.C.,EFL League Two,2015-01-01T00:00:00Z,2016-01-01T00:00:00Z,13
http://www.wikidata.org/entity/Q2823938,Adam El-Abd,Gillingham F.C.,EFL League Two,2016-01-01T00:00:00Z,2016-01-01T00:00:00Z,1
http://www.wikidata.org/entity/Q283824,Borja Valero,Spain national under-17 association football team,,2002-01-01T00:00:00Z,2003-01-01T00:00:00Z,15
http://www.wikidata.org/entity/Q283824,Borja Valero,Spain national under-18 football team,,2003-01-01T00:00:00Z,2003-01-01T00:00:00Z,3
http://www.wikidata.org/entity/Q283824,Borja Valero,Spain national under-19 football team,,2004-01-01T00:00:00Z,2004-01-01T00:00:00Z,4
http://www.wikidata.org/entity/Q283824,Borja Valero,Real Madrid C,Tercera Federación,2004-07-01T00:00:00Z,2005-07-01T00:00:00Z,0
http://www.wikidata.org/entity/Q283824,Borja Valero,Real Madrid Castilla,Primera Federación,2005-07-01T00:00:00Z,2007-07-05T00:00:00Z,81
http://www.wikidata.org/entity/Q283824,Borja Valero,Real Madrid Club de Fútbol,La Liga,2006-10-25T00:00:00Z,2006-12-06T00:00:00Z,2
http://www.wikidata.org/entity/Q283824,Borja Valero,RCD Mallorca,La Liga,2007-07-05T00:00:00Z,2008-08-22T00:00:00Z,41
http://www.wikidata.org/entity/Q283824,Borja Valero,West Bromwich Albion F.C.,EFL Championship,2008-08-22T00:00:00Z,2011-07-02T00:00:00Z,31
http://www.wikidata.org/entity/Q283824,Borja Valero,RCD Mallorca,La Liga,2009-08-31T00:00:00Z,2010-05-30T00:00:00Z,38
http://www.wikidata.org/entity/Q283824,Borja Valero,Villarreal CF,La Liga,2010-07-19T00:00:00Z,2011-06-30T00:00:00Z,54
http://www.wikidata.org/entity/Q283824,Borja Valero,Spain men's national football team,,2011-01-01T00:00:00Z,2011-01-01T00:00:00Z,1
http://www.wikidata.org/entity/Q283824,Borja Valero,Villarreal CF,La Liga,2011-07-01T00:00:00Z,2012-08-02T00:00:00Z,43
http://www.wikidata.org/entity/Q283824,Borja Valero,ACF Fiorentina,Serie A,2012-08-02T00:00:00Z,2017-07-10T00:00:00Z,199
http://www.wikidata.org/entity/Q283824,Borja Valero,Junior de Barranquilla,Categoría Primera A,2017-01-01T00:00:00Z,,
http://www.wikidata.org/entity/Q283824,Borja Valero,Inter Milan,Serie A,2017-07-11T00:00:00Z,2020-08-29T00:00:00Z,97
http://www.wikidata.org/entity/Q283824,Borja Valero,ACF Fiorentina,Serie A,2020-09-17T00:00:00Z,2021-06-30T00:00:00Z,20
http://www.wikidata.org/entity/Q283824,Borja Valero,Centro Histórico de Lebowski,,2021-08-24T00:00:00Z,,
http://www.wikidata.org/entity/Q286981,Óscar de Marcos,Deportivo Alavés,La Liga,2001-01-01T00:00:00Z,2007-01-01T00:00:00Z,
http://www.wikidata.org/entity/Q286981,Óscar de Marcos,Deportivo Alavés B,Tercera Federación,2007-01-01T00:00:00Z,2009-01-01T00:00:00Z,16
http://www.wikidata.org/entity/Q286981,Óscar de Marcos,Deportivo Alavés,La Liga,2008-01-01T00:00:00Z,2009-01-01T00:00:00Z,20
http://www.wikidata.org/entity/Q286981,Óscar de Marcos,Athletic Club,La Liga,2009-01-01T00:00:00Z,2025-01-01T00:00:00Z,573
http://www.wikidata.org/entity/Q286981,Óscar de Marcos,Athletic Bilbao B,Primera Federación,2009-01-01T00:00:00Z,2010-01-01T00:00:00Z,1
http://www.wikidata.org/entity/Q286981,Óscar de Marcos,Spain national under-21 association football team,,2009-01-01T00:00:00Z,2009-01-01T00:00:00Z,1
http://www.wikidata.org/entity/Q286981,Óscar de Marcos,Spain national under-20 football team,,2009-01-01T00:00:00Z,2009-01-01T00:00:00Z,3
http://www.wikidata.org/entity/Q286981,Óscar de Marcos,Spain national under-23 football team,,2012-01-01T00:00:00Z,2012-01-01T00:00:00Z,1
http://www.wikidata.org/entity/Q286981,Óscar de Marcos,Basque Country regional football team,,2013-01-01T00:00:00Z,2013-01-01T00:00:00Z,1
http://www.wikidata.org/entity/Q294204,Joaquín,Real Betis B,Segunda División B,1999-01-01T00:00:00Z,2000-01-01T00:00:00Z,27
http://www.wikidata.org/entity/Q294204,Joaquín,Spain national under-18 football team,,1999-01-01T00:00:00Z,2000-01-01T00:00:00Z,4
http://www.wikidata.org/entity/Q294204,Joaquín,Real Betis Balompié,La Liga,2000-01-01T00:00:00Z,2006-01-01T00:00:00Z,218
http://www.wikidata.org/entity/Q294204,Joaquín,Spain national under-21 association football team,,2001-01-01T00:00:00Z,2001-01-01T00:00:00Z,7
http://www.wikidata.org/entity/Q294204,Joaquín,Spain men's national football team,,2002-01-01T00:00:00Z,2007-01-01T00:00:00Z,51
http://www.wikidata.org/entity/Q294204,Joaquín,Valencia CF,La Liga,2006-01-01T00:00:00Z,2011-01-01T00:00:00Z,158
http://www.wikidata.org/entity/Q294204,Joaquín,Málaga CF,LaLiga 2,2011-01-01T00:00:00Z,2013-01-01T00:00:00Z,57
http://www.wikidata.org/entity/Q294204,Joaquín,ACF Fiorentina,Serie A,2013-01-01T00:00:00Z,2015-01-01T00:00:00Z,49
http://www.wikidata.org/entity/Q294204,Joaquín,Real Betis Balompié,La Liga,2015-01-01T00:00:00Z,2023-06-01T00:00:00Z,227
http://www.wikidata.org/entity/Q294501,Steve McManaman,England national under-21 association football team,,1990-01-01T00:00:00Z,1993-01-01T00:00:00Z,7
http://www.wikidata.org/entity/Q294501,Steve McManaman,Liverpool F.C.,Premier League,1990-01-01T00:00:00Z,1999-01-01T00:00:00Z,272
http://www.wikidata.org/entity/Q294501,Steve McManaman,England national under-19 association football team,,1991-01-01T00:00:00Z,1991-01-01T00:00:00Z,2
http://www.wikidata.org/entity/Q294501,Steve McManaman,England men's national association football team,,1994-01-01T00:00:00Z,2001-01-01T00:00:00Z,37
http://www.wikidata.org/entity/Q294501,Steve McManaman,Real Madrid Club de Fútbol,La Liga,1999-01-01T00:00:00Z,2003-01-01T00:00:00Z,94
http://www.wikidata.org/entity/Q294501,Steve McManaman,Manchester City F.C.,Premier League,2003-01-01T00:00:00Z,2005-01-01T00:00:00Z,35
http://www.wikidata.org/entity/Q294565,Angelo Peruzzi,AS Roma,Serie A,1986-01-01T00:00:00Z,1989-01-01T00:00:00Z,13
http://www.wikidata.org/entity/Q294565,Angelo Peruzzi,Hellas Verona FC,Serie A,1989-01-01T00:00:00Z,1990-01-01T00:00:00Z,29
http://www.wikidata.org/entity/Q294565,Angelo Peruzzi,Italy national under-21 football team,,1989-01-01T00:00:00Z,1992-01-01T00:00:00Z,10
http://www.wikidata.org/entity/Q294565,Angelo Peruzzi,AS Roma,Serie A,1990-01-01T00:00:00Z,1991-01-01T00:00:00Z,3
http://www.wikidata.org/entity/Q294565,Angelo Peruzzi,Juventus FC,Serie A,1991-01-01T00:00:00Z,1999-01-01T00:00:00Z,208
http://www.wikidata.org/entity/Q294565,Angelo Peruzzi,Italy national under-23 football team,,1992-01-01T00:00:00Z,1992-01-01T00:00:00Z,
http://www.wikidata.org/entity/Q294565,Angelo Peruzzi,Italy men's national association football team,,1995-01-01T00:00:00Z,2006-01-01T00:00:00Z,31
http://www.wikidata.org/entity/Q294565,Angelo Peruzzi,Inter Milan,Serie A,1999-01-01T00:00:00Z,2000-01-01T00:00:00Z,33
http://www.wikidata.org/entity/Q294565,Angelo Peruzzi,SS Lazio,Serie A,2000-01-01T00:00:00Z,2007-01-01T00:00:00Z,192
http://www.wikidata.org/entity/Q294806,César Azpilicueta,Club Atlético Osasuna,La Liga,2001-01-01T00:00:00Z,2006-01-01T00:00:00Z,
http://www.wikidata.org/entity/Q294806,César Azpilicueta,Spain national under-16 association football team,,2005-01-01T00:00:00Z,2005-01-01T00:00:00Z,3
http://www.wikidata.org/entity/Q294806,César Azpilicueta,Spain national under-17 association football team,,2006-01-01T00:00:00Z,2006-01-01T00:00:00Z,14
http://www.wikidata.org/entity/Q294806,César Azpilicueta,Osasuna B,Primera Federación,2006-01-01T00:00:00Z,2007-01-01T00:00:00Z,27
http://www.wikidata.org/entity/Q294806,César Azpilicueta,Club Atlético Osasuna,La Liga,2007-01-01T00:00:00Z,2010-01-01T00:00:00Z,99
http://www.wikidata.org/entity/Q294806,César Azpilicueta,Spain national under-19 football team,,2007-01-01T00:00:00Z,2008-01-01T00:00:00Z,18
http://www.wikidata.org/entity/Q294806,César Azpilicueta,Spain national under-21 association football team,,2008-01-01T00:00:00Z,2011-01-01T00:00:00Z,19
http://www.wikidata.org/entity/Q294806,César Azpilicueta,Spain national under-20 football team,,2009-01-01T00:00:00Z,2009-01-01T00:00:00Z,5
http://www.wikidata.org/entity/Q294806,César Azpilicueta,Olympique de Marseille,Ligue 1,2010-01-01T00:00:00Z,2012-01-01T00:00:00Z,47
http://www.wikidata.org/entity/Q294806,César Azpilicueta,Chelsea F.C.,Premier League,2012-01-01T00:00:00Z,2023-01-01T00:00:00Z,349
http://www.wikidata.org/entity/Q294806,César Azpilicueta,Spain national under-23 football team,,2012-01-01T00:00:00Z,2012-01-01T00:00:00Z,6
http://www.wikidata.org/entity/Q294806,César Azpilicueta,Spain men's national football team,,2013-01-01T00:00:00Z,2022-01-01T00:00:00Z,44
http://www.wikidata.org/entity/Q294806,César Azpilicueta,Atlético Madrid,La Liga,2023-01-01T00:00:00Z,2025-01-01T00:00:00Z,39
http://www.wikidata.org/entity/Q294806,César Azpilicueta,Sevilla FC,La Liga,2025-01-01T00:00:00Z,,5
http://www.wikidata.org/entity/Q294852,David Albelda,Valencia CF Mestalla,Segunda División B,1995-01-01T00:00:00Z,1996-01-01T00:00:00Z,31
http://www.wikidata.org/entity/Q294852,David Albelda,Valencia CF,La Liga,1996-01-01T00:00:00Z,2013-01-01T00:00:00Z,351
http://www.wikidata.org/entity/Q294852,David Albelda,Villarreal CF,La Liga,1996-01-01T00:00:00Z,1997-01-01T00:00:00Z,34
http://www.wikidata.org/entity/Q294852,David Albelda,Spain national under-18 football team,,1996-01-01T00:00:00Z,1996-01-01T00:00:00Z,8
http://www.wikidata.org/entity/Q294852,David Albelda,Spain national under-20 football team,,1997-01-01T00:00:00Z,1997-01-01T00:00:00Z,5
http://www.wikidata.org/entity/Q294852,David Albelda,Villarreal CF,La Liga,1998-01-01T00:00:00Z,1999-01-01T00:00:00Z,35
http://www.wikidata.org/entity/Q294852,David Albelda,Spain national under-21 association football team,,1998-01-01T00:00:00Z,2000-01-01T00:00:00Z,12
http://www.wikidata.org/entity/Q294852,David Albelda,Spain national under-23 football team,,2000-01-01T00:00:00Z,2000-01-01T00:00:00Z,6
http://www.wikidata.org/entity/Q294852,David Albelda,Spain men's national football team,,2001-01-01T00:00:00Z,2008-01-01T00:00:00Z,51
http://www.wikidata.org/entity/Q294951,Christian Eriksen,Middelfart Boldklub,,1995-01-01T00:00:00Z,2005-01-01T00:00:00Z,
http://www.wikidata.org/entity/Q294951,Christian Eriksen,Odense Boldklub,Danish Superliga,2005-01-01T00:00:00Z,2008-01-01T00:00:00Z,
http://www.wikidata.org/entity/Q294951,Christian Eriksen,Denmark national under-17 football team,,2007-01-01T00:00:00Z,2009-01-01T00:00:00Z,27
http://www.wikidata.org/entity/Q294951,Christian Eriksen,Ajax Youth Academy,,2008-01-01T00:00:00Z,2010-01-01T00:00:00Z,
http://www.wikidata.org/entity/Q294951,Christian Eriksen,Denmark national under-18 football team,,2009-01-01T00:00:00Z,2009-01-01T00:00:00Z,5
http://www.wikidata.org/entity/Q294951,Christian Eriksen,Denmark national under-19 football team,,2009-01-01T00:00:00Z,2009-01-01T00:00:00Z,3
http://www.wikidata.org/entity/Q294951,Christian Eriksen,AFC Ajax,Eredivisie,2010-01-01T00:00:00Z,2013-01-01T00:00:00Z,113
http://www.wikidata.org/entity/Q294951,Christian Eriksen,Denmark men's national football team,,2010-01-01T00:00:00Z,,146
http://www.wikidata.org/entity/Q294951,Christian Eriksen,Denmark national under-21 football team,,2011-01-01T00:00:00Z,2011-01-01T00:00:00Z,3
http://www.wikidata.org/entity/Q294951,Christian Eriksen,Tottenham Hotspur F.C.,Premier League,2013-01-01T00:00:00Z,2020-01-01T00:00:00Z,226
http://www.wikidata.org/entity/Q294951,Christian Eriksen,Inter Milan,Serie A,2020-01-01T00:00:00Z,2021-01-01T00:00:00Z,43
http://www.wikidata.org/entity/Q294951,Christian Eriksen,Brentford F.C.,Premier League,2022-01-01T00:00:00Z,2022-07-01T00:00:00Z,11
http://www.wikidata.org/entity/Q294951,Christian Eriksen,Manchester United F.C.,Premier League,2022-07-01T00:00:00Z,2025-06-01T00:00:00Z,73
http://www.wikidata.org/entity/Q294951,Christian Eriksen,VfL Wolfsburg,Bundesliga,2025-09-01T00:00:00Z,,8
http://www.wikidata.org/entity/Q295410,Gaizka Mendieta,CD Castellón,LaLiga 2,1991-01-01T00:00:00Z,1992-01-01T00:00:00Z,19
http://www.wikidata.org/entity/Q295410,Gaizka Mendieta,Spain national under-18 football team,,1991-01-01T00:00:00Z,1991-01-01T00:00:00Z,5
http://www.wikidata.org/entity/Q295410,Gaizka Mendieta,Valencia CF Mestalla,Segunda División B,1992-01-01T00:00:00Z,1994-01-01T00:00:00Z,34
http://www.wikidata.org/entity/Q295410,Gaizka Mendieta,Spain national under-21 association football team,,1992-01-01T00:00:00Z,1996-01-01T00:00:00Z,13
http://www.wikidata.org/entity/Q295410,Gaizka Mendieta,Valencia CF,La Liga,1993-01-01T00:00:00Z,2001-01-01T00:00:00Z,305
http://www.wikidata.org/entity/Q295410,Gaizka Mendieta,Spain national under-20 football team,,1993-01-01T00:00:00Z,1993-01-01T00:00:00Z,3
http://www.wikidata.org/entity/Q295410,Gaizka Mendieta,Spain national under-23 football team,,1996-01-01T00:00:00Z,1996-01-01T00:00:00Z,2
http://www.wikidata.org/entity/Q295410,Gaizka Mendieta,Basque Country regional football team,,1998-01-01T00:00:00Z,2007-01-01T00:00:00Z,6
http://www.wikidata.org/entity/Q295410,Gaizka Mendieta,Spain men's national football team,,1999-01-01T00:00:00Z,2002-01-01T00:00:00Z,40
http://www.wikidata.org/entity/Q295410,Gaizka Mendieta,SS Lazio,Serie A,2001-01-01T00:00:00Z,2004-01-01T00:00:00Z,31
http://www.wikidata.org/entity/Q295410,Gaizka Mendieta,Futbol Club Barcelona,La Liga,2002-01-01T00:00:00Z,2003-01-01T00:00:00Z,49
http://www.wikidata.org/entity/Q295410,Gaizka Mendieta,Middlesbrough F.C.,EFL Championship,2003-01-01T00:00:00Z,2004-01-01T00:00:00Z,38
http://www.wikidata.org/entity/Q295410,Gaizka Mendieta,Middlesbrough F.C.,EFL Championship,2004-01-01T00:00:00Z,2008-01-01T00:00:00Z,45
http://www.wikidata.org/entity/Q295506,Nicky Butt,Manchester United F.C.,Premier League,1992-01-01T00:00:00Z,2004-01-01T00:00:00Z,270
http://www.wikidata.org/entity/Q295506,Nicky Butt,England national under-18 association football team,,1992-01-01T00:00:00Z,1993-01-01T00:00:00Z,5
http://www.wikidata.org/entity/Q295506,Nicky Butt,England national under-19 association football team,,1992-01-01T00:00:00Z,1992-01-01T00:00:00Z,1
http://www.wikidata.org/entity/Q295506,Nicky Butt,England national under-21 association football team,,1994-01-01T00:00:00Z,1996-01-01T00:00:00Z,7
http://www.wikidata.org/entity/Q295506,Nicky Butt,England men's national association football team,,1997-01-01T00:00:00Z,2004-01-01T00:00:00Z,39
http://www.wikidata.org/entity/Q295506,Nicky Butt,Newcastle United F.C.,Premier League,2004-01-01T00:00:00Z,2010-01-01T00:00:00Z,134
http://www.wikidata.org/entity/Q295506,Nicky Butt,Birmingham City F.C.,EFL Championship,2005-01-01T00:00:00Z,2006-01-01T00:00:00Z,24
http://www.wikidata.org/entity/Q295506,Nicky Butt,South China AA,Hong Kong First Division,2010-01-01T00:00:00Z,2011-01-01T00:00:00Z,3
http://www.wikidata.org/entity/Q296180,Vicente Rodríguez,Levante UD,La Liga,1997-01-01T00:00:00Z,2000-01-01T00:00:00Z,60
http://www.wikidata.org/entity/Q296180,Vicente Rodríguez,Spain national under-16 association football team,,1997-01-01T00:00:00Z,1998-01-01T00:00:00Z,11
http://www.wikidata.org/entity/Q296180,Vicente Rodríguez,Spain national under-17 association football team,,1998-01-01T00:00:00Z,1999-01-01T00:00:00Z,15
http://www.wikidata.org/entity/Q296180,Vicente Rodríguez,Spain national under-18 football team,,1999-01-01T00:00:00Z,2000-01-01T00:00:00Z,7
http://www.wikidata.org/entity/Q296180,Vicente Rodríguez,Valencia CF,La Liga,2000-01-01T00:00:00Z,2011-01-01T00:00:00Z,243
http://www.wikidata.org/entity/Q296180,Vicente Rodríguez,Spain national under-21 association football team,,2000-01-01T00:00:00Z,2001-01-01T00:00:00Z,11
http://www.wikidata.org/entity/Q296180,Vicente Rodríguez,Spain men's national football team,,2001-01-01T00:00:00Z,2005-01-01T00:00:00Z,38
http://www.wikidata.org/entity/Q296180,Vicente Rodríguez,Brighton & Hove Albion F.C.,Premier League,2011-01-01T00:00:00Z,2013-01-01T00:00:00Z,32
http://www.wikidata.org/entity/Q296589,Danny Murphy,Crewe Alexandra F.C.,EFL League Two,1993-01-01T00:00:00Z,1997-01-01T00:00:00Z,134
http://www.wikidata.org/entity/Q296589,Danny Murphy,England national under-18 association football team,,1994-01-01T00:00:00Z,1995-01-01T00:00:00Z,7
http://www.wikidata.org/entity/Q296589,Danny Murphy,England national under-21 association football team,,1997-01-01T00:00:00Z,2000-01-01T00:00:00Z,5
http://www.wikidata.org/entity/Q296589,Danny Murphy,England national under-20 association football team,,1997-01-01T00:00:00Z,1997-01-01T00:00:00Z,4
http://www.wikidata.org/entity/Q296589,Danny Murphy,Liverpool F.C.,Premier League,1997-01-01T00:00:00Z,2004-01-01T00:00:00Z,170
http://www.wikidata.org/entity/Q296589,Danny Murphy,Crewe Alexandra F.C.,EFL League Two,1999-01-01T00:00:00Z,1999-01-01T00:00:00Z,16
http://www.wikidata.org/entity/Q296589,Danny Murphy,England men's national association football team,,2001-01-01T00:00:00Z,2003-01-01T00:00:00Z,9
http://www.wikidata.org/entity/Q296589,Danny Murphy,Charlton Athletic F.C.,EFL Championship,2004-01-01T00:00:00Z,2006-01-01T00:00:00Z,56
http://www.wikidata.org/entity/Q296589,Danny Murphy,Tottenham Hotspur F.C.,Premier League,2006-01-01T00:00:00Z,2007-01-01T00:00:00Z,22
http://www.wikidata.org/entity/Q296589,Danny Murphy,Fulham F.C.,Premier League,2007-01-01T00:00:00Z,2012-01-01T00:00:00Z,169
http://www.wikidata.org/entity/Q296589,Danny Murphy,Blackburn Rovers F.C.,EFL Championship,2012-01-01T00:00:00Z,2013-01-01T00:00:00Z,33
http://www.wikidata.org/entity/Q296621,Jermaine Jenas,England national under-16 association football team,,1999-01-01T00:00:00Z,1999-01-01T00:00:00Z,3
http://www.wikidata.org/entity/Q296621,Jermaine Jenas,Nottingham Forest F.C.,Premier League,2000-01-01T00:00:00Z,2002-01-01T00:00:00Z,29
http://www.wikidata.org/entity/Q296621,Jermaine Jenas,England national under-17 association football team,,2000-01-01T00:00:00Z,2000-01-01T00:00:00Z,1
http://www.wikidata.org/entity/Q296621,Jermaine Jenas,England national under-18 association football team,,2001-01-01T00:00:00Z,2001-01-01T00:00:00Z,2
http://www.wikidata.org/entity/Q296621,Jermaine Jenas,England national under-19 association football team,,2001-01-01T00:00:00Z,2002-01-01T00:00:00Z,5
http://www.wikidata.org/entity/Q296621,Jermaine Jenas,Newcastle United F.C.,Premier League,2002-01-01T00:00:00Z,2005-01-01T00:00:00Z,110
http://www.wikidata.org/entity/Q296621,Jermaine Jenas,England national under-21 association football team,,2002-01-01T00:00:00Z,2003-01-01T00:00:00Z,9
http://www.wikidata.org/entity/Q296621,Jermaine Jenas,England men's national association football team,,2003-01-01T00:00:00Z,2009-01-01T00:00:00Z,21
http://www.wikidata.org/entity/Q296621,Jermaine Jenas,Tottenham Hotspur F.C.,Premier League,2005-01-01T00:00:00Z,2013-01-01T00:00:00Z,155
http://www.wikidata.org/entity/Q296621,Jermaine Jenas,England national association football B team,,2006-01-01T00:00:00Z,2006-01-01T00:00:00Z,2
http://www.wikidata.org/entity/Q296621,Jermaine Jenas,Aston Villa F.C.,Premier League,2011-01-01T00:00:00Z,2012-01-01T00:00:00Z,3
http://www.wikidata.org/entity/Q296621,Jermaine Jenas,Aston Villa F.C.,Premier League,2011-01-01T00:00:00Z,2011-01-01T00:00:00Z,3
http://www.wikidata.org/entity/Q296621,Jermaine Jenas,Nottingham Forest F.C.,Premier League,2012-01-01T00:00:00Z,2012-01-01T00:00:00Z,6
http://www.wikidata.org/entity/Q296621,Jermaine Jenas,Nottingham Forest F.C.,Premier League,2012-01-01T00:00:00Z,2013-01-01T00:00:00Z,6
http://www.wikidata.org/entity/Q296621,Jermaine Jenas,Queens Park Rangers F.C.,EFL Championship,2013-01-01T00:00:00Z,2014-01-01T00:00:00Z,38
http://www.wikidata.org/entity/Q299360,Antonio López,Atlético Madrid B,Segunda División B,1999-01-01T00:00:00Z,2001-01-01T00:00:00Z,39
http://www.wikidata.org/entity/Q299360,Antonio López,Atlético Madrid,La Liga,2000-01-01T00:00:00Z,2012-01-01T00:00:00Z,216
http://www.wikidata.org/entity/Q299360,Antonio López,Club Atlético Osasuna,La Liga,2002-01-01T00:00:00Z,2004-01-01T00:00:00Z,71
http://www.wikidata.org/entity/Q299360,Antonio López,Spain national under-21 association football team,,2002-01-01T00:00:00Z,2003-01-01T00:00:00Z,6
http://www.wikidata.org/entity/Q299360,Antonio López,Spain men's national football team,,2005-01-01T00:00:00Z,2007-01-01T00:00:00Z,16
http://www.wikidata.org/entity/Q299360,Antonio López,RCD Mallorca,La Liga,2012-01-01T00:00:00Z,2014-01-01T00:00:00Z,17
http://www.wikidata.org/entity/Q302130,Aaron Hughes,Northern Ireland national under-19 association football team,,,,
http://www.wikidata.org/entity/Q302130,Aaron Hughes,Northern Ireland national under-16 association football team,,,,2
http://www.wikidata.org/entity/Q302130,Aaron Hughes,Newcastle United F.C.,Premier League,1997-01-01T00:00:00Z,2005-01-01T00:00:00Z,205
http://www.wikidata.org/entity/Q302130,Aaron Hughes,Northern Ireland B national football team,,1997-01-01T00:00:00Z,1998-01-01T00:00:00Z,2
http://www.wikidata.org/entity/Q302130,Aaron Hughes,Northern Ireland men's national association football team,,1998-01-01T00:00:00Z,2018-01-01T00:00:00Z,112
http://www.wikidata.org/entity/Q302130,Aaron Hughes,Aston Villa F.C.,Premier League,2005-01-01T00:00:00Z,2007-01-01T00:00:00Z,54
http://www.wikidata.org/entity/Q302130,Aaron Hughes,Fulham F.C.,Premier League,2007-01-01T00:00:00Z,2014-01-01T00:00:00Z,196
http://www.wikidata.org/entity/Q302130,Aaron Hughes,Queens Park Rangers F.C.,EFL Championship,2014-01-01T00:00:00Z,2014-01-01T00:00:00Z,11
http://www.wikidata.org/entity/Q302130,Aaron Hughes,Brighton & Hove Albion F.C.,Premier League,2014-01-01T00:00:00Z,2015-01-01T00:00:00Z,10
http://www.wikidata.org/entity/Q302130,Aaron Hughes,Melbourne City FC,A-League Men,2015-01-01T00:00:00Z,2016-01-01T00:00:00Z,6
http://www.wikidata.org/entity/Q302130,Aaron Hughes,Kerala Blasters FC,Indian Super League,2016-01-01T00:00:00Z,2017-01-01T00:00:00Z,11
http://www.wikidata.org/entity/Q302130,Aaron Hughes,Heart of Midlothian F.C.,Scottish Premiership,2017-01-01T00:00:00Z,2019-01-01T00:00:00Z,32
http://www.wikidata.org/entity/Q306351,John O'Shea,Manchester United F.C.,Premier League,1999-01-01T00:00:00Z,2011-01-01T00:00:00Z,256
http://www.wikidata.org/entity/Q306351,John O'Shea,AFC Bournemouth,Premier League,2000-01-01T00:00:00Z,2000-01-01T00:00:00Z,10
http://www.wikidata.org/entity/Q306351,John O'Shea,Republic of Ireland national under-21 football team,,2000-01-01T00:00:00Z,2002-01-01T00:00:00Z,13
http://www.wikidata.org/entity/Q306351,John O'Shea,Republic of Ireland men's national association football team,,2001-01-01T00:00:00Z,2018-01-01T00:00:00Z,118
http://www.wikidata.org/entity/Q306351,John O'Shea,Royal Antwerp F.C.,Belgian Pro League,2001-01-01T00:00:00Z,2001-01-01T00:00:00Z,14
http://www.wikidata.org/entity/Q306351,John O'Shea,Sunderland A.F.C.,Premier League,2011-01-01T00:00:00Z,2018-01-01T00:00:00Z,226
http://www.wikidata.org/entity/Q306351,John O'Shea,Reading F.C.,EFL League One,2018-01-01T00:00:00Z,2019-01-01T00:00:00Z,9
http://www.wikidata.org/entity/Q309966,Bernd Leno,VfB Stuttgart II,3. Liga,2009-01-01T00:00:00Z,2011-01-01T00:00:00Z,57
http://www.wikidata.org/entity/Q309966,Bernd Leno,Bayer 04 Leverkusen,Bundesliga,2011-01-01T00:00:00Z,2018-01-01T00:00:00Z,233
http://www.wikidata.org/entity/Q309966,Bernd Leno,Germany men's national association football team,,2016-01-01T00:00:00Z,,9
http://www.wikidata.org/entity/Q309966,Bernd Leno,Arsenal F.C.,Premier League,2018-01-01T00:00:00Z,2022-01-01T00:00:00Z,101
http://www.wikidata.org/entity/Q309966,Bernd Leno,Fulham F.C.,Premier League,2022-01-01T00:00:00Z,,75
http://www.wikidata.org/entity/Q310022,Fernando Navarro,Spain national under-17 association football team,,1999-01-01T00:00:00Z,1999-01-01T00:00:00Z,1
http://www.wikidata.org/entity/Q310022,Fernando Navarro,FC Barcelona C,Tercera División,1999-01-01T00:00:00Z,1999-01-01T00:00:00Z,1
http://www.wikidata.org/entity/Q310022,Fernando Navarro,FC Barcelona Atlètic,Primera Federación,2000-01-01T00:00:00Z,2004-01-01T00:00:00Z,65
http://www.wikidata.org/entity/Q310022,Fernando Navarro,Spain national under-18 football team,,2000-01-01T00:00:00Z,2001-01-01T00:00:00Z,8
http://www.wikidata.org/entity/Q310022,Fernando Navarro,Futbol Club Barcelona,La Liga,2001-01-01T00:00:00Z,2006-01-01T00:00:00Z,21
http://www.wikidata.org/entity/Q310022,Fernando Navarro,Spain national under-21 association football team,,2002-01-01T00:00:00Z,2002-01-01T00:00:00Z,3
http://www.wikidata.org/entity/Q310022,Fernando Navarro,Albacete Balompié,LaLiga 2,2004-01-01T00:00:00Z,2004-01-01T00:00:00Z,7
http://www.wikidata.org/entity/Q310022,Fernando Navarro,RCD Mallorca,La Liga,2005-01-01T00:00:00Z,2006-01-01T00:00:00Z,33
http://www.wikidata.org/entity/Q310022,Fernando Navarro,RCD Mallorca,La Liga,2006-01-01T00:00:00Z,2008-01-01T00:00:00Z,73
http://www.wikidata.org/entity/Q310022,Fernando Navarro,Catalonia national football team,,2006-01-01T00:00:00Z,,
http://www.wikidata.org/entity/Q310022,Fernando Navarro,Sevilla FC,La Liga,2008-01-01T00:00:00Z,2015-01-01T00:00:00Z,203
http://www.wikidata.org/entity/Q310022,Fernando Navarro,Spain men's national football team,,2008-01-01T00:00:00Z,2008-01-01T00:00:00Z,2
http://www.wikidata.org/entity/Q310022,Fernando Navarro,Deportivo de La Coruña,LaLiga 2,2015-01-01T00:00:00Z,,
http://www.wikidata.org/entity/Q310354,Joseba Etxeberria,CD Elgoibar,Tercera División,1986-01-01T00:00:00Z,1990-01-01T00:00:00Z,
http://www.wikidata.org/entity/Q310354,Joseba Etxeberria,Real Sociedad,La Liga,1990-01-01T00:00:00Z,1993-01-01T00:00:00Z,
http://www.wikidata.org/entity/Q310354,Joseba Etxeberria,Spain national under-16 association football team,,1992-01-01T00:00:00Z,1994-01-01T00:00:00Z,17
http://www.wikidata.org/entity/Q310354,Joseba Etxeberria,Real Sociedad B,LaLiga 2,1993-01-01T00:00:00Z,1995-01-01T00:00:00Z,29
http://www.wikidata.org/entity/Q310354,Joseba Etxeberria,Real Sociedad,La Liga,1994-01-01T00:00:00Z,1995-01-01T00:00:00Z,7
http://www.wikidata.org/entity/Q310354,Joseba Etxeberria,Spain national under-18 football team,,1994-01-01T00:00:00Z,1995-01-01T00:00:00Z,7
http://www.wikidata.org/entity/Q310354,Joseba Etxeberria,Athletic Club,La Liga,1995-01-01T00:00:00Z,2010-01-01T00:00:00Z,514
http://www.wikidata.org/entity/Q310354,Joseba Etxeberria,Spain national under-20 football team,,1995-01-01T00:00:00Z,1995-01-01T00:00:00Z,6
http://www.wikidata.org/entity/Q310354,Joseba Etxeberria,Spain national under-21 association football team,,1996-01-01T00:00:00Z,1997-01-01T00:00:00Z,3
http://www.wikidata.org/entity/Q310354,Joseba Etxeberria,Spain men's national football team,,1997-01-01T00:00:00Z,2004-01-01T00:00:00Z,53
http://www.wikidata.org/entity/Q310354,Joseba Etxeberria,Basque Country regional football team,,1998-01-01T00:00:00Z,2007-01-01T00:00:00Z,11
http://www.wikidata.org/entity/Q310635,Rodrigo Palacio,Huracán de Tres Arroyos,Torneo Federal C,2002-01-01T00:00:00Z,2003-01-01T00:00:00Z,53
http://www.wikidata.org/entity/Q310635,Rodrigo Palacio,Club Atlético Banfield,Argentine Primera División,2003-01-01T00:00:00Z,2004-01-01T00:00:00Z,36
http://www.wikidata.org/entity/Q310635,Rodrigo Palacio,Argentina men's national association football team,,2005-01-01T00:00:00Z,2014-01-01T00:00:00Z,27
http://www.wikidata.org/entity/Q310635,Rodrigo Palacio,Boca Juniors,Argentine Primera División,2005-01-01T00:00:00Z,2009-01-01T00:00:00Z,131
http://www.wikidata.org/entity/Q310635,Rodrigo Palacio,Boca Juniors,Liga Nacional de Básquet,2005-01-01T00:00:00Z,2009-01-01T00:00:00Z,131
http://www.wikidata.org/entity/Q310635,Rodrigo Palacio,Boca Juniors,Liga de Voleibol Argentina – Serie A1,2005-01-01T00:00:00Z,2009-01-01T00:00:00Z,131
http://www.wikidata.org/entity/Q310635,Rodrigo Palacio,Genoa CFC,Serie A,2009-01-01T00:00:00Z,2012-01-01T00:00:00Z,90
http://www.wikidata.org/entity/Q310635,Rodrigo Palacio,Inter Milan,Serie A,2012-01-01T00:00:00Z,2017-01-01T00:00:00Z,140
http://www.wikidata.org/entity/Q310635,Rodrigo Palacio,Bologna F.C. 1909,Serie A,2017-01-01T00:00:00Z,2021-01-01T00:00:00Z,127
http://www.wikidata.org/entity/Q310635,Rodrigo Palacio,Brescia Calcio,Serie B,2021-01-01T00:00:00Z,2022-01-01T00:00:00Z,30
http://www.wikidata.org/entity/Q310733,Simon Davies,Peterborough United F.C.,EFL League One,1997-01-01T00:00:00Z,2000-01-01T00:00:00Z,65
http://www.wikidata.org/entity/Q310733,Simon Davies,Wales national under-21 football team,,1998-01-01T00:00:00Z,2001-01-01T00:00:00Z,10
http://www.wikidata.org/entity/Q310733,Simon Davies,Tottenham Hotspur F.C.,Premier League,2000-01-01T00:00:00Z,2005-01-01T00:00:00Z,121
http://www.wikidata.org/entity/Q310733,Simon Davies,Wales men's national association football team,,2001-01-01T00:00:00Z,2010-01-01T00:00:00Z,58
http://www.wikidata.org/entity/Q310733,Simon Davies,Everton F.C.,Premier League,2005-01-01T00:00:00Z,2007-01-01T00:00:00Z,45
http://www.wikidata.org/entity/Q310733,Simon Davies,Fulham F.C.,Premier League,2007-01-01T00:00:00Z,2013-01-01T00:00:00Z,137
http://www.wikidata.org/entity/Q311108,Sébastien Frey,AS Cannes,Championnat National 2,1997-01-01T00:00:00Z,1998-01-01T00:00:00Z,24
http://www.wikidata.org/entity/Q311108,Sébastien Frey,Inter Milan,Serie A,1998-01-01T00:00:00Z,2001-01-01T00:00:00Z,35
http://www.wikidata.org/entity/Q311108,Sébastien Frey,Hellas Verona FC,Serie A,1999-01-01T00:00:00Z,2000-01-01T00:00:00Z,30
http://www.wikidata.org/entity/Q311108,Sébastien Frey,Parma Calcio 1913,Serie A,2001-01-01T00:00:00Z,2005-01-01T00:00:00Z,132
http://www.wikidata.org/entity/Q311108,Sébastien Frey,France national under-21 association football team,,2001-01-01T00:00:00Z,2002-01-01T00:00:00Z,4
http://www.wikidata.org/entity/Q311108,Sébastien Frey,ACF Fiorentina,Serie A,2005-01-01T00:00:00Z,2011-01-01T00:00:00Z,175
http://www.wikidata.org/entity/Q311108,Sébastien Frey,France men's national association football team,,2007-01-01T00:00:00Z,2008-01-01T00:00:00Z,2
http://www.wikidata.org/entity/Q311108,Sébastien Frey,Genoa CFC,Serie A,2011-01-01T00:00:00Z,2013-01-01T00:00:00Z,74
http://www.wikidata.org/entity/Q311108,Sébastien Frey,Bursaspor,TFF Second League,2013-01-01T00:00:00Z,2015-01-01T00:00:00Z,27
http://www.wikidata.org/entity/Q311619,Cristian Brocchi,AC Milan,Serie A,1994-01-01T00:00:00Z,1998-01-01T00:00:00Z,0
http://www.wikidata.org/entity/Q311619,Cristian Brocchi,Pro Sesto 1913,Serie D,1995-01-01T00:00:00Z,1997-01-01T00:00:00Z,57
http://www.wikidata.org/entity/Q311619,Cristian Brocchi,A.C. Lumezzane,Serie C1,1997-01-01T00:00:00Z,1998-01-01T00:00:00Z,30
http://www.wikidata.org/entity/Q311619,Cristian Brocchi,Hellas Verona FC,Serie A,1998-01-01T00:00:00Z,2000-01-01T00:00:00Z,59
http://www.wikidata.org/entity/Q311619,Cristian Brocchi,Inter Milan,Serie A,2000-01-01T00:00:00Z,2001-01-01T00:00:00Z,15
http://www.wikidata.org/entity/Q311619,Cristian Brocchi,AC Milan,Serie A,2001-01-01T00:00:00Z,2008-01-01T00:00:00Z,99
http://www.wikidata.org/entity/Q311619,Cristian Brocchi,ACF Fiorentina,Serie A,2005-01-01T00:00:00Z,2006-01-01T00:00:00Z,35
http://www.wikidata.org/entity/Q311619,Cristian Brocchi,Italy men's national association football team,,2006-01-01T00:00:00Z,2006-01-01T00:00:00Z,1
http://www.wikidata.org/entity/Q311619,Cristian Brocchi,SS Lazio,Serie A,2008-01-01T00:00:00Z,2013-01-01T00:00:00Z,111
http://www.wikidata.org/entity/Q311813,Rolando Bianchi,F.C. Pro Vercelli 1892,Serie C,,,
http://www.wikidata.org/entity/Q311813,Rolando Bianchi,Atalanta BC,Serie A,2000-01-01T00:00:00Z,2004-01-01T00:00:00Z,21
http://www.wikidata.org/entity/Q311813,Rolando Bianchi,Italy national under-17 football team,,2000-01-01T00:00:00Z,2001-01-01T00:00:00Z,3
http://www.wikidata.org/entity/Q311813,Rolando Bianchi,Italy national under-21 football team,,2002-01-01T00:00:00Z,2006-01-01T00:00:00Z,13
http://www.wikidata.org/entity/Q311813,Rolando Bianchi,Cagliari Calcio,Serie A,2004-01-01T00:00:00Z,2005-01-01T00:00:00Z,39
http://www.wikidata.org/entity/Q311813,Rolando Bianchi,Italy national under-20 football team,,2004-01-01T00:00:00Z,2004-01-01T00:00:00Z,3
http://www.wikidata.org/entity/Q311813,Rolando Bianchi,AS Reggina 1914,Serie B,2005-01-01T00:00:00Z,2007-01-01T00:00:00Z,46
http://www.wikidata.org/entity/Q311813,Rolando Bianchi,Manchester City F.C.,Premier League,2007-01-01T00:00:00Z,2008-01-01T00:00:00Z,19
http://www.wikidata.org/entity/Q311813,Rolando Bianchi,SS Lazio,Serie A,2008-01-01T00:00:00Z,2008-01-01T00:00:00Z,15
http://www.wikidata.org/entity/Q311813,Rolando Bianchi,Torino FC,Serie A,2008-01-01T00:00:00Z,2013-01-01T00:00:00Z,180
http://www.wikidata.org/entity/Q311813,Rolando Bianchi,Bologna F.C. 1909,Serie A,2013-01-01T00:00:00Z,2015-01-01T00:00:00Z,28
http://www.wikidata.org/entity/Q311813,Rolando Bianchi,Atalanta BC,Serie A,2014-01-01T00:00:00Z,2015-01-01T00:00:00Z,21
http://www.wikidata.org/entity/Q311813,Rolando Bianchi,RCD Mallorca,La Liga,2015-01-01T00:00:00Z,2016-01-01T00:00:00Z,16
http://www.wikidata.org/entity/Q311813,Rolando Bianchi,A.C. Perugia Calcio,Serie C,2016-01-01T00:00:00Z,,
http://www.wikidata.org/entity/Q311872,Philippe Coutinho,Inter Milan,Serie A,2008-01-01T00:00:00Z,2013-01-01T00:00:00Z,28
http://www.wikidata.org/entity/Q311872,Philippe Coutinho,Brazil national under-17 football team,,2009-01-01T00:00:00Z,2009-01-01T00:00:00Z,5
http://www.wikidata.org/entity/Q311872,Philippe Coutinho,CR Vasco da Gama,Campeonato Brasileiro Série A,2009-01-01T00:00:00Z,2010-01-01T00:00:00Z,19
http://www.wikidata.org/entity/Q311872,Philippe Coutinho,Brazil men's national football team,,2010-01-01T00:00:00Z,2022-01-01T00:00:00Z,68
http://www.wikidata.org/entity/Q311872,Philippe Coutinho,Brazil national under-20 football team,,2011-01-01T00:00:00Z,2012-01-01T00:00:00Z,7
http://www.wikidata.org/entity/Q311872,Philippe Coutinho,RCD Espanyol de Barcelona,La Liga,2012-01-01T00:00:00Z,2012-01-01T00:00:00Z,16
http://www.wikidata.org/entity/Q311872,Philippe Coutinho,Liverpool F.C.,Premier League,2013-01-30T00:00:00Z,2018-01-06T00:00:00Z,152
http://www.wikidata.org/entity/Q311872,Philippe Coutinho,Futbol Club Barcelona,La Liga,2018-01-07T00:00:00Z,2022-06-01T00:00:00Z,76
http://www.wikidata.org/entity/Q311872,Philippe Coutinho,FC Bayern Munich,Bundesliga,2019-08-17T00:00:00Z,2020-08-01T00:00:00Z,23
http://www.wikidata.org/entity/Q311872,Philippe Coutinho,Aston Villa F.C.,Premier League,2022-01-01T00:00:00Z,2022-06-01T00:00:00Z,19
http://www.wikidata.org/entity/Q311872,Philippe Coutinho,Aston Villa F.C.,Premier League,2022-07-01T00:00:00Z,2025-07-01T00:00:00Z,22
http://www.wikidata.org/entity/Q311872,Philippe Coutinho,Al-Duhail SC,Qatar Stars League,2023-09-01T00:00:00Z,2024-06-01T00:00:00Z,16
http://www.wikidata.org/entity/Q311872,Philippe Coutinho,CR Vasco da Gama,Campeonato Brasileiro Série A,2024-07-01T00:00:00Z,2025-06-01T00:00:00Z,31
http://www.wikidata.org/entity/Q311872,Philippe Coutinho,CR Vasco da Gama,Campeonato Brasileiro Série A,2025-07-01T00:00:00Z,,22
http://www.wikidata.org/entity/Q311956,Paolo Cannavaro,Italy national under-16 football team,,1996-01-01T00:00:00Z,1996-01-01T00:00:00Z,3
http://www.wikidata.org/entity/Q311956,Paolo Cannavaro,Italy national under-15 football team,,1996-01-01T00:00:00Z,1996-01-01T00:00:00Z,2
http://www.wikidata.org/entity/Q311956,Paolo Cannavaro,SSC Napoli,Serie A,1998-01-01T00:00:00Z,1999-01-01T00:00:00Z,2
http://www.wikidata.org/entity/Q311956,Paolo Cannavaro,Parma Calcio 1913,Serie A,1999-01-01T00:00:00Z,2006-01-01T00:00:00Z,92
http://www.wikidata.org/entity/Q311956,Paolo Cannavaro,Italy national under-18 football team,,1999-01-01T00:00:00Z,2000-01-01T00:00:00Z,6
http://www.wikidata.org/entity/Q311956,Paolo Cannavaro,Hellas Verona FC,Serie A,2001-01-01T00:00:00Z,2002-01-01T00:00:00Z,24
http://www.wikidata.org/entity/Q311956,Paolo Cannavaro,Italy national under-20 football team,,2001-01-01T00:00:00Z,2001-01-01T00:00:00Z,1
http://www.wikidata.org/entity/Q311956,Paolo Cannavaro,Italy national under-21 football team,,2002-01-01T00:00:00Z,2004-01-01T00:00:00Z,18
http://www.wikidata.org/entity/Q311956,Paolo Cannavaro,SSC Napoli,Serie A,2006-01-01T00:00:00Z,2014-01-01T00:00:00Z,236
http://www.wikidata.org/entity/Q311956,Paolo Cannavaro,US Sassuolo Calcio,Serie A,2014-01-01T00:00:00Z,2014-01-01T00:00:00Z,16
http://www.wikidata.org/entity/Q311972,Santiago Ezquerro,CD Calahorra,Segunda División B,,1993-01-01T00:00:00Z,
http://www.wikidata.org/entity/Q311972,Santiago Ezquerro,Club Atlético Osasuna,La Liga,1993-01-01T00:00:00Z,1994-01-01T00:00:00Z,
http://www.wikidata.org/entity/Q311972,Santiago Ezquerro,Osasuna B,Primera Federación,1994-01-01T00:00:00Z,1995-01-01T00:00:00Z,15
http://www.wikidata.org/entity/Q311972,Santiago Ezquerro,Club Atlético Osasuna,La Liga,1995-01-01T00:00:00Z,1996-01-01T00:00:00Z,38
http://www.wikidata.org/entity/Q311972,Santiago Ezquerro,Atlético Madrid,La Liga,1996-01-01T00:00:00Z,1998-01-01T00:00:00Z,8
http://www.wikidata.org/entity/Q311972,Santiago Ezquerro,Atlético Madrid B,Segunda División B,1996-01-01T00:00:00Z,1997-01-01T00:00:00Z,34
http://www.wikidata.org/entity/Q311972,Santiago Ezquerro,Spain national under-21 association football team,,1996-01-01T00:00:00Z,1996-01-01T00:00:00Z,1
http://www.wikidata.org/entity/Q311972,Santiago Ezquerro,Athletic Club,La Liga,1998-01-01T00:00:00Z,2005-01-01T00:00:00Z,222
http://www.wikidata.org/entity/Q311972,Santiago Ezquerro,RCD Mallorca,La Liga,1998-01-01T00:00:00Z,1998-01-01T00:00:00Z,14
http://www.wikidata.org/entity/Q311972,Santiago Ezquerro,Spain men's national football team,,1998-01-01T00:00:00Z,1998-01-01T00:00:00Z,1
http://www.wikidata.org/entity/Q311972,Santiago Ezquerro,Futbol Club Barcelona,La Liga,2005-01-01T00:00:00Z,2008-01-01T00:00:00Z,24
http://www.wikidata.org/entity/Q311972,Santiago Ezquerro,Club Atlético Osasuna,La Liga,2008-01-01T00:00:00Z,2009-01-01T00:00:00Z,10
http://www.wikidata.org/entity/Q312157,Raheem Sterling,England national under-16 association football team,,2009-01-01T00:00:00Z,2010-01-01T00:00:00Z,7
http://www.wikidata.org/entity/Q312157,Raheem Sterling,England national under-17 association football team,,2010-01-01T00:00:00Z,2011-01-01T00:00:00Z,13
http://www.wikidata.org/entity/Q312157,Raheem Sterling,England men's national association football team,,2012-01-01T00:00:00Z,2022-01-01T00:00:00Z,82
http://www.wikidata.org/entity/Q312157,Raheem Sterling,England national under-21 association football team,,2012-01-01T00:00:00Z,2013-01-01T00:00:00Z,8
http://www.wikidata.org/entity/Q312157,Raheem Sterling,Liverpool F.C.,Premier League,2012-01-01T00:00:00Z,2015-01-01T00:00:00Z,95
http://www.wikidata.org/entity/Q312157,Raheem Sterling,England national under-19 association football team,,2012-01-01T00:00:00Z,2012-01-01T00:00:00Z,1
http://www.wikidata.org/entity/Q312157,Raheem Sterling,Manchester City F.C.,Premier League,2015-01-01T00:00:00Z,2022-01-01T00:00:00Z,225
http://www.wikidata.org/entity/Q312157,Raheem Sterling,Chelsea F.C.,Premier League,2022-01-01T00:00:00Z,2026-01-28T00:00:00Z,59
http://www.wikidata.org/entity/Q312157,Raheem Sterling,Arsenal F.C.,Premier League,2024-01-01T00:00:00Z,2025-01-01T00:00:00Z,17
http://www.wikidata.org/entity/Q312157,Raheem Sterling,Feyenoord Rotterdam,Eredivisie,2026-02-01T00:00:00Z,,2
http://www.wikidata.org/entity/Q312400,Alessandro Gamberini,Bologna F.C. 1909,Serie A,1999-01-01T00:00:00Z,2005-01-01T00:00:00Z,78
http://www.wikidata.org/entity/Q312400,Alessandro Gamberini,Italy national under-21 football team,,2000-01-01T00:00:00Z,2000-01-01T00:00:00Z,1
http://www.wikidata.org/entity/Q312400,Alessandro Gamberini,Italy national under-20 football team,,2000-01-01T00:00:00Z,2000-01-01T00:00:00Z,1
http://www.wikidata.org/entity/Q312400,Alessandro Gamberini,Italy national under-21 football team,,2001-01-01T00:00:00Z,2004-01-01T00:00:00Z,4
http://www.wikidata.org/entity/Q312400,Alessandro Gamberini,Hellas Verona FC,Serie A,2002-01-01T00:00:00Z,2003-01-01T00:00:00Z,20
http://www.wikidata.org/entity/Q312400,Alessandro Gamberini,ACF Fiorentina,Serie A,2005-01-01T00:00:00Z,2012-01-01T00:00:00Z,194
http://www.wikidata.org/entity/Q312400,Alessandro Gamberini,Italy men's national association football team,,2007-01-01T00:00:00Z,2011-01-01T00:00:00Z,8
http://www.wikidata.org/entity/Q312400,Alessandro Gamberini,SSC Napoli,Serie A,2012-01-01T00:00:00Z,2014-01-01T00:00:00Z,25
http://www.wikidata.org/entity/Q312400,Alessandro Gamberini,Genoa CFC,Serie A,2013-01-01T00:00:00Z,2014-01-01T00:00:00Z,10
http://www.wikidata.org/entity/Q312400,Alessandro Gamberini,AC ChievoVerona,Serie B,2014-01-01T00:00:00Z,,
http://www.wikidata.org/entity/Q312437,Mikel San José,UDC Chantrea,Tercera División,,2005-01-01T00:00:00Z,
http://www.wikidata.org/entity/Q312437,Mikel San José,Athletic Club,La Liga,2005-01-01T00:00:00Z,2007-01-01T00:00:00Z,
http://www.wikidata.org/entity/Q312437,Mikel San José,Liverpool F.C.,Premier League,2007-01-01T00:00:00Z,2010-01-01T00:00:00Z,0
http://www.wikidata.org/entity/Q312437,Mikel San José,Spain national under-19 football team,,2007-01-01T00:00:00Z,2008-01-01T00:00:00Z,16
http://www.wikidata.org/entity/Q312437,Mikel San José,Athletic Club,La Liga,2009-01-01T00:00:00Z,2010-01-01T00:00:00Z,25
http://www.wikidata.org/entity/Q312437,Mikel San José,Spain national under-21 association football team,,2009-01-01T00:00:00Z,2011-01-01T00:00:00Z,8
http://www.wikidata.org/entity/Q312437,Mikel San José,Athletic Club,La Liga,2010-01-01T00:00:00Z,2020-01-01T00:00:00Z,279
http://www.wikidata.org/entity/Q312437,Mikel San José,Basque Country regional football team,,2011-01-01T00:00:00Z,2016-01-01T00:00:00Z,7
http://www.wikidata.org/entity/Q312437,Mikel San José,Spain national under-23 football team,,2012-01-01T00:00:00Z,2012-01-01T00:00:00Z,1
http://www.wikidata.org/entity/Q312437,Mikel San José,Spain men's national football team,,2014-01-01T00:00:00Z,2016-01-01T00:00:00Z,7
http://www.wikidata.org/entity/Q312437,Mikel San José,Birmingham City F.C.,EFL Championship,2020-01-01T00:00:00Z,2021-01-01T00:00:00Z,27
http://www.wikidata.org/entity/Q312437,Mikel San José,SD Amorebieta,Primera Federación,2021-01-01T00:00:00Z,2022-01-01T00:00:00Z,27
http://www.wikidata.org/entity/Q312516,Martin Jørgensen,Denmark national under-16 association football team,,1991-01-01T00:00:00Z,1991-01-01T00:00:00Z,2
http://www.wikidata.org/entity/Q312516,Martin Jørgensen,Denmark national under-17 football team,,1991-01-01T00:00:00Z,1992-01-01T00:00:00Z,11
http://www.wikidata.org/entity/Q312516,Martin Jørgensen,Denmark national under-19 football team,,1992-01-01T00:00:00Z,1994-01-01T00:00:00Z,10
http://www.wikidata.org/entity/Q312516,Martin Jørgensen,Aarhus Gymnastikforening,Danish Superliga,1994-01-01T00:00:00Z,1997-01-01T00:00:00Z,93
http://www.wikidata.org/entity/Q312516,Martin Jørgensen,Denmark national under-21 football team,,1994-01-01T00:00:00Z,1997-01-01T00:00:00Z,31
http://www.wikidata.org/entity/Q312516,Martin Jørgensen,Udinese Calcio,Serie A,1997-01-01T00:00:00Z,2004-01-01T00:00:00Z,184
http://www.wikidata.org/entity/Q312516,Martin Jørgensen,Denmark men's national football team,,1998-01-01T00:00:00Z,2011-01-01T00:00:00Z,102
http://www.wikidata.org/entity/Q312516,Martin Jørgensen,ACF Fiorentina,Serie A,2004-01-01T00:00:00Z,2010-01-01T00:00:00Z,151
http://www.wikidata.org/entity/Q312516,Martin Jørgensen,Aarhus Gymnastikforening,Danish Superliga,2010-01-01T00:00:00Z,2014-01-01T00:00:00Z,102
http://www.wikidata.org/entity/Q312516,Martin Jørgensen,Aarhus Gymnastikforening,Danish Superliga,2014-01-01T00:00:00Z,2015-01-01T00:00:00Z,0
http://www.wikidata.org/entity/Q312937,Angelo Ogbonna,Torino FC,Serie A,2006-01-01T00:00:00Z,2013-01-01T00:00:00Z,150
http://www.wikidata.org/entity/Q312937,Angelo Ogbonna,F.C. Crotone,Serie C,2007-01-01T00:00:00Z,2008-01-01T00:00:00Z,22
http://www.wikidata.org/entity/Q312937,Angelo Ogbonna,Italy national under-21 football team,,2009-01-01T00:00:00Z,2010-01-01T00:00:00Z,10
http://www.wikidata.org/entity/Q312937,Angelo Ogbonna,Italy men's national association football team,,2011-01-01T00:00:00Z,2016-01-01T00:00:00Z,13
http://www.wikidata.org/entity/Q312937,Angelo Ogbonna,Juventus FC,Serie A,2013-01-01T00:00:00Z,2015-01-01T00:00:00Z,41
http://www.wikidata.org/entity/Q312937,Angelo Ogbonna,West Ham United F.C.,Premier League,2015-01-01T00:00:00Z,2024-01-01T00:00:00Z,201
http://www.wikidata.org/entity/Q312937,Angelo Ogbonna,Watford F.C.,EFL Championship,2024-01-01T00:00:00Z,2025-01-01T00:00:00Z,6
http://www.wikidata.org/entity/Q312946,Raúl Tamudo,RCD Espanyol B,Segunda División B,1996-01-01T00:00:00Z,1998-01-01T00:00:00Z,46
http://www.wikidata.org/entity/Q312946,Raúl Tamudo,RCD Espanyol de Barcelona,La Liga,1997-01-01T00:00:00Z,2010-01-01T00:00:00Z,340
http://www.wikidata.org/entity/Q312946,Raúl Tamudo,Spain national under-20 football team,,1997-01-01T00:00:00Z,1997-01-01T00:00:00Z,1
http://www.wikidata.org/entity/Q312946,Raúl Tamudo,Catalonia national football team,,1998-01-01T00:00:00Z,2000-01-01T00:00:00Z,2
http://www.wikidata.org/entity/Q312946,Raúl Tamudo,Deportivo Alavés,La Liga,1998-01-01T00:00:00Z,1998-01-01T00:00:00Z,6
http://www.wikidata.org/entity/Q312946,Raúl Tamudo,Spain national under-21 association football team,,1998-01-01T00:00:00Z,2000-01-01T00:00:00Z,11
http://www.wikidata.org/entity/Q312946,Raúl Tamudo,UE Lleida,Segunda División B,1999-01-01T00:00:00Z,1999-01-01T00:00:00Z,14
http://www.wikidata.org/entity/Q312946,Raúl Tamudo,Spain men's national football team,,2000-01-01T00:00:00Z,2007-01-01T00:00:00Z,13
http://www.wikidata.org/entity/Q312946,Raúl Tamudo,Spain national under-23 football team,,2000-01-01T00:00:00Z,2000-01-01T00:00:00Z,6
http://www.wikidata.org/entity/Q312946,Raúl Tamudo,Real Sociedad,La Liga,2010-01-01T00:00:00Z,2011-01-01T00:00:00Z,31
http://www.wikidata.org/entity/Q312946,Raúl Tamudo,Rayo Vallecano,La Liga,2011-01-01T00:00:00Z,2012-01-01T00:00:00Z,32
http://www.wikidata.org/entity/Q312946,Raúl Tamudo,CF Pachuca,Liga MX,2012-01-01T00:00:00Z,2012-01-01T00:00:00Z,9
http://www.wikidata.org/entity/Q312946,Raúl Tamudo,Rayo Vallecano,La Liga,2013-01-01T00:00:00Z,2013-01-01T00:00:00Z,4
http://www.wikidata.org/entity/Q312946,Raúl Tamudo,Centre d'Esports Sabadell Futbol Club,Primera Federación,2013-01-01T00:00:00Z,2015-01-01T00:00:00Z,32
http://www.wikidata.org/entity/Q313050,Darko Kovačević,FK Proleter Zrenjanin,Serbian SuperLiga,1992-01-01T00:00:00Z,1994-01-01T00:00:00Z,51
http://www.wikidata.org/entity/Q313050,Darko Kovačević,FK Crvena zvezda,Serbian SuperLiga,1994-01-01T00:00:00Z,1996-01-01T00:00:00Z,47
http://www.wikidata.org/entity/Q313050,Darko Kovačević,Serbia and Montenegro national football team,,1994-01-01T00:00:00Z,2004-01-01T00:00:00Z,59
http://www.wikidata.org/entity/Q313050,Darko Kovačević,Real Sociedad,La Liga,1996-01-01T00:00:00Z,1999-01-01T00:00:00Z,98
http://www.wikidata.org/entity/Q313050,Darko Kovačević,Sheffield Wednesday F.C.,EFL Championship,1996-01-01T00:00:00Z,1996-01-01T00:00:00Z,16
http://www.wikidata.org/entity/Q313050,Darko Kovačević,Juventus FC,Serie A,1999-01-01T00:00:00Z,2001-01-01T00:00:00Z,71
http://www.wikidata.org/entity/Q313050,Darko Kovačević,SS Lazio,Serie A,2001-01-01T00:00:00Z,2001-01-01T00:00:00Z,7
http://www.wikidata.org/entity/Q313050,Darko Kovačević,Real Sociedad,La Liga,2001-01-01T00:00:00Z,2007-01-01T00:00:00Z,180
http://www.wikidata.org/entity/Q313050,Darko Kovačević,Olympiacos F.C.,Super League Greece,2007-01-01T00:00:00Z,2009-01-01T00:00:00Z,60
http://www.wikidata.org/entity/Q313085,Shola Ameobi,Newcastle United F.C.,Premier League,2000-01-01T00:00:00Z,2014-01-01T00:00:00Z,312
http://www.wikidata.org/entity/Q313085,Shola Ameobi,England national under-21 association football team,,2000-01-01T00:00:00Z,2003-01-01T00:00:00Z,20
http://www.wikidata.org/entity/Q313085,Shola Ameobi,Stoke City F.C.,EFL Championship,2008-01-01T00:00:00Z,2008-01-01T00:00:00Z,6
http://www.wikidata.org/entity/Q313085,Shola Ameobi,Nigeria men's national football team,,2012-01-01T00:00:00Z,,
http://www.wikidata.org/entity/Q313085,Shola Ameobi,Gaziantepspor,dissolution,2014-01-01T00:00:00Z,2015-01-01T00:00:00Z,11
http://www.wikidata.org/entity/Q313085,Shola Ameobi,Gaziantep F.K.,Süper Lig,2014-01-01T00:00:00Z,2015-01-01T00:00:00Z,11
http://www.wikidata.org/entity/Q313085,Shola Ameobi,Bolton Wanderers F.C.,EFL League One,2015-01-01T00:00:00Z,2016-01-01T00:00:00Z,8
http://www.wikidata.org/entity/Q313085,Shola Ameobi,Crystal Palace F.C.,Premier League,2015-01-01T00:00:00Z,2015-01-01T00:00:00Z,4
http://www.wikidata.org/entity/Q313085,Shola Ameobi,Fleetwood Town F.C.,EFL League One,2016-01-01T00:00:00Z,,
http://www.wikidata.org/entity/Q313130,Emiliano Moretti,Italy national under-16 football team,,1997-01-01T00:00:00Z,1998-01-01T00:00:00Z,4
http://www.wikidata.org/entity/Q313130,Emiliano Moretti,ACF Fiorentina,Serie A,1998-01-01T00:00:00Z,2002-01-01T00:00:00Z,36
http://www.wikidata.org/entity/Q313130,Emiliano Moretti,Atletico Roma F.C.,,1998-01-01T00:00:00Z,1998-01-01T00:00:00Z,5
http://www.wikidata.org/entity/Q313130,Emiliano Moretti,A.S. Lodigiani,N/A,1998-01-01T00:00:00Z,1998-01-01T00:00:00Z,5
http://www.wikidata.org/entity/Q313130,Emiliano Moretti,Atletico Roma F.C.,,1999-01-01T00:00:00Z,2000-01-01T00:00:00Z,5
http://www.wikidata.org/entity/Q313130,Emiliano Moretti,Italy national under-21 football team,,2001-01-01T00:00:00Z,2004-01-01T00:00:00Z,24
http://www.wikidata.org/entity/Q313130,Emiliano Moretti,Italy national under-20 football team,,2001-01-01T00:00:00Z,2001-01-01T00:00:00Z,1
http://www.wikidata.org/entity/Q313130,Emiliano Moretti,Juventus FC,Serie A,2002-01-01T00:00:00Z,2003-01-01T00:00:00Z,8
http://www.wikidata.org/entity/Q313130,Emiliano Moretti,Bologna F.C. 1909,Serie A,2003-01-01T00:00:00Z,2004-01-01T00:00:00Z,32
http://www.wikidata.org/entity/Q313130,Emiliano Moretti,Parma Calcio 1913,Serie A,2003-01-01T00:00:00Z,2004-01-01T00:00:00Z,0
http://www.wikidata.org/entity/Q313130,Emiliano Moretti,Modena F.C.,Serie B,2003-01-01T00:00:00Z,2003-01-01T00:00:00Z,9
http://www.wikidata.org/entity/Q313130,Emiliano Moretti,Valencia CF,La Liga,2004-01-01T00:00:00Z,2009-01-01T00:00:00Z,135
http://www.wikidata.org/entity/Q313130,Emiliano Moretti,Genoa CFC,Serie A,2009-01-01T00:00:00Z,2013-01-01T00:00:00Z,107
http://www.wikidata.org/entity/Q313130,Emiliano Moretti,Torino FC,Serie A,2013-01-01T00:00:00Z,,
http://www.wikidata.org/entity/Q313130,Emiliano Moretti,Italy men's national association football team,,2014-01-01T00:00:00Z,,
http://www.wikidata.org/entity/Q313143,Juan Arango,Central University of Venezuela,,1986-01-01T00:00:00Z,1996-01-01T00:00:00Z,
http://www.wikidata.org/entity/Q313143,Juan Arango,Nueva Cádiz Fútbol Club,,1996-01-01T00:00:00Z,1999-01-01T00:00:00Z,
http://www.wikidata.org/entity/Q313143,Juan Arango,Zulia FC,Venezuelan Primera División,1999-01-01T00:00:00Z,1999-01-01T00:00:00Z,12
http://www.wikidata.org/entity/Q313143,Juan Arango,Venezuela national under-20 association football team,,1999-01-01T00:00:00Z,2000-01-01T00:00:00Z,8
http://www.wikidata.org/entity/Q313143,Juan Arango,Venezuela men's national football team,,1999-01-27T00:00:00Z,2015-09-08T00:00:00Z,129
http://www.wikidata.org/entity/Q313143,Juan Arango,Club de Fútbol Monterrey,Liga MX,2000-01-01T00:00:00Z,2001-01-01T00:00:00Z,45
http://www.wikidata.org/entity/Q313143,Juan Arango,Caracas Fútbol Club,Venezuelan Primera División,2000-01-01T00:00:00Z,2000-01-01T00:00:00Z,19
http://www.wikidata.org/entity/Q313143,Juan Arango,CF Pachuca,Liga MX,2002-01-01T00:00:00Z,2003-01-01T00:00:00Z,52
http://www.wikidata.org/entity/Q313143,Juan Arango,Puebla F.C.,Liga MX,2003-01-01T00:00:00Z,2004-01-01T00:00:00Z,36
http://www.wikidata.org/entity/Q313143,Juan Arango,RCD Mallorca,La Liga,2004-07-20T00:00:00Z,2009-06-26T00:00:00Z,196
http://www.wikidata.org/entity/Q313143,Juan Arango,Borussia Mönchengladbach,Bundesliga,2009-06-26T00:00:00Z,2014-06-30T00:00:00Z,163
http://www.wikidata.org/entity/Q313143,Juan Arango,Club Tijuana,Liga MX,2014-01-01T00:00:00Z,2016-01-01T00:00:00Z,45
http://www.wikidata.org/entity/Q313143,Juan Arango,Club Tijuana,Liga MX,2014-07-01T00:00:00Z,2016-01-01T00:00:00Z,45
http://www.wikidata.org/entity/Q313143,Juan Arango,New York Cosmos,North American Soccer League,2016-01-01T00:00:00Z,2017-01-01T00:00:00Z,31
http://www.wikidata.org/entity/Q313143,Juan Arango,Zulia FC,Venezuelan Primera División,2017-01-01T00:00:00Z,2017-01-01T00:00:00Z,15
http://www.wikidata.org/entity/Q313161,Claudio Bravo,Club Social y Deportivo Colo Colo,Chilean Primera División,2001-01-01T00:00:00Z,2006-01-01T00:00:00Z,123
http://www.wikidata.org/entity/Q313161,Claudio Bravo,Chile men's national football team,,2004-01-01T00:00:00Z,2024-01-01T00:00:00Z,150
http://www.wikidata.org/entity/Q313161,Claudio Bravo,Chile Olympic football team,,2004-01-01T00:00:00Z,2004-01-01T00:00:00Z,7
http://www.wikidata.org/entity/Q313161,Claudio Bravo,Real Sociedad,La Liga,2006-01-01T00:00:00Z,2014-01-01T00:00:00Z,229
http://www.wikidata.org/entity/Q313161,Claudio Bravo,Futbol Club Barcelona,La Liga,2014-01-01T00:00:00Z,2016-01-01T00:00:00Z,70
http://www.wikidata.org/entity/Q313161,Claudio Bravo,Manchester City F.C.,Premier League,2016-08-15T00:00:00Z,2020-08-01T00:00:00Z,29
http://www.wikidata.org/entity/Q313161,Claudio Bravo,Real Betis Balompié,La Liga,2020-08-01T00:00:00Z,2024-06-01T00:00:00Z,56
http://www.wikidata.org/entity/Q313201,Sergio García de la Fuente,Spain national under-16 association football team,,1999-01-01T00:00:00Z,1999-01-01T00:00:00Z,2
http://www.wikidata.org/entity/Q313201,Sergio García de la Fuente,Spain national under-17 association football team,,2001-01-01T00:00:00Z,2001-01-01T00:00:00Z,3
http://www.wikidata.org/entity/Q313201,Sergio García de la Fuente,FC Barcelona C,Tercera División,2001-01-01T00:00:00Z,2002-01-01T00:00:00Z,22
http://www.wikidata.org/entity/Q313201,Sergio García de la Fuente,Spain national under-19 football team,,2001-01-01T00:00:00Z,2002-01-01T00:00:00Z,9
http://www.wikidata.org/entity/Q313201,Sergio García de la Fuente,FC Barcelona Atlètic,Primera Federación,2002-01-01T00:00:00Z,2004-01-01T00:00:00Z,60
http://www.wikidata.org/entity/Q313201,Sergio García de la Fuente,Futbol Club Barcelona,La Liga,2003-01-01T00:00:00Z,2005-01-01T00:00:00Z,4
http://www.wikidata.org/entity/Q313201,Sergio García de la Fuente,Catalonia national football team,,2003-01-01T00:00:00Z,2019-01-01T00:00:00Z,16
http://www.wikidata.org/entity/Q313201,Sergio García de la Fuente,Spain national under-20 football team,,2003-01-01T00:00:00Z,2003-01-01T00:00:00Z,11
http://www.wikidata.org/entity/Q313201,Sergio García de la Fuente,Levante UD,La Liga,2004-01-01T00:00:00Z,2005-01-01T00:00:00Z,31
http://www.wikidata.org/entity/Q313201,Sergio García de la Fuente,Spain national under-21 association football team,,2004-01-01T00:00:00Z,2005-01-01T00:00:00Z,11
http://www.wikidata.org/entity/Q313201,Sergio García de la Fuente,Real Zaragoza,LaLiga 2,2005-01-01T00:00:00Z,2008-01-01T00:00:00Z,90
http://www.wikidata.org/entity/Q313201,Sergio García de la Fuente,Real Betis Balompié,La Liga,2008-01-01T00:00:00Z,2010-01-01T00:00:00Z,62
http://www.wikidata.org/entity/Q313201,Sergio García de la Fuente,Spain men's national football team,,2008-01-01T00:00:00Z,2008-01-01T00:00:00Z,2
http://www.wikidata.org/entity/Q313201,Sergio García de la Fuente,RCD Espanyol de Barcelona,La Liga,2010-01-01T00:00:00Z,2015-01-01T00:00:00Z,145
http://www.wikidata.org/entity/Q313201,Sergio García de la Fuente,Al-Rayyan,Qatar Stars League,2015-01-01T00:00:00Z,2017-01-01T00:00:00Z,49
http://www.wikidata.org/entity/Q313201,Sergio García de la Fuente,RCD Espanyol de Barcelona,La Liga,2017-01-01T00:00:00Z,2019-01-01T00:00:00Z,62
http://www.wikidata.org/entity/Q313201,Sergio García de la Fuente,CF Montañesa,Tercera División,2020-01-01T00:00:00Z,2021-01-01T00:00:00Z,8
http://www.wikidata.org/entity/Q313208,Cristiano Zanetti,AS Reggina 1914,Serie B,,,
http://www.wikidata.org/entity/Q313208,Cristiano Zanetti,Inter Milan,Serie A,1990-01-01T00:00:00Z,1999-01-01T00:00:00Z,0
http://www.wikidata.org/entity/Q313208,Cristiano Zanetti,ACF Fiorentina,Serie A,1993-01-01T00:00:00Z,1996-01-01T00:00:00Z,4
http://www.wikidata.org/entity/Q313208,Cristiano Zanetti,Italy national under-18 football team,,1995-01-01T00:00:00Z,1995-01-01T00:00:00Z,1
http://www.wikidata.org/entity/Q313208,Cristiano Zanetti,Venezia F.C.,Serie B,1996-01-01T00:00:00Z,1997-01-01T00:00:00Z,21
http://www.wikidata.org/entity/Q313208,Cristiano Zanetti,A.C. Reggiana 1919,Serie B,1997-01-01T00:00:00Z,1998-01-01T00:00:00Z,31
http://www.wikidata.org/entity/Q313208,Cristiano Zanetti,Inter Milan,Serie A,1998-01-01T00:00:00Z,1998-01-01T00:00:00Z,0
http://www.wikidata.org/entity/Q313208,Cristiano Zanetti,Cagliari Calcio,Serie A,1998-01-01T00:00:00Z,1999-01-01T00:00:00Z,18
http://www.wikidata.org/entity/Q313208,Cristiano Zanetti,Italy national under-21 football team,,1998-01-01T00:00:00Z,2000-01-01T00:00:00Z,19
http://www.wikidata.org/entity/Q313208,Cristiano Zanetti,AS Roma,Serie A,1999-01-01T00:00:00Z,2001-01-01T00:00:00Z,38
http://www.wikidata.org/entity/Q313208,Cristiano Zanetti,Inter Milan,Serie A,2001-01-01T00:00:00Z,2006-01-01T00:00:00Z,99
http://www.wikidata.org/entity/Q313208,Cristiano Zanetti,Italy men's national association football team,,2001-01-01T00:00:00Z,2004-01-01T00:00:00Z,17
http://www.wikidata.org/entity/Q313208,Cristiano Zanetti,Juventus FC,Serie A,2006-01-01T00:00:00Z,2009-01-01T00:00:00Z,63
http://www.wikidata.org/entity/Q313208,Cristiano Zanetti,ACF Fiorentina,Serie A,2009-01-01T00:00:00Z,2011-01-01T00:00:00Z,29
http://www.wikidata.org/entity/Q313208,Cristiano Zanetti,Brescia Calcio,Serie B,2011-01-01T00:00:00Z,2012-01-01T00:00:00Z,8
http://www.wikidata.org/entity/Q313308,Miguel Ángel Angulo,Sporting de Gijón,LaLiga 2,,,
http://www.wikidata.org/entity/Q313308,Miguel Ángel Angulo,Spain national under-18 football team,,1994-01-01T00:00:00Z,1995-01-01T00:00:00Z,7
http://www.wikidata.org/entity/Q313308,Miguel Ángel Angulo,Valencia CF Mestalla,Segunda División B,1995-01-01T00:00:00Z,1996-01-01T00:00:00Z,15
http://www.wikidata.org/entity/Q313308,Miguel Ángel Angulo,Valencia CF,La Liga,1996-01-01T00:00:00Z,2009-01-01T00:00:00Z,313
http://www.wikidata.org/entity/Q313308,Miguel Ángel Angulo,Villarreal CF,La Liga,1996-01-01T00:00:00Z,1997-01-01T00:00:00Z,32
http://www.wikidata.org/entity/Q313308,Miguel Ángel Angulo,Spain national under-20 football team,,1997-01-01T00:00:00Z,1997-01-01T00:00:00Z,7
http://www.wikidata.org/entity/Q313308,Miguel Ángel Angulo,Spain national under-21 association football team,,1998-01-01T00:00:00Z,2000-01-01T00:00:00Z,14
http://www.wikidata.org/entity/Q313308,Miguel Ángel Angulo,Asturias autonomous football team,,2000-01-01T00:00:00Z,2000-01-01T00:00:00Z,1
http://www.wikidata.org/entity/Q313308,Miguel Ángel Angulo,Spain national under-23 football team,,2000-01-01T00:00:00Z,2000-01-01T00:00:00Z,5
http://www.wikidata.org/entity/Q313308,Miguel Ángel Angulo,Spain men's national football team,,2004-01-01T00:00:00Z,2007-01-01T00:00:00Z,11
http://www.wikidata.org/entity/Q313308,Miguel Ángel Angulo,Sporting CP,Liga Portugal,2009-01-01T00:00:00Z,2009-01-01T00:00:00Z,4
http://www.wikidata.org/entity/Q313316,Romelu Lukaku,R.S.C. Anderlecht,Belgian Pro League,2009-01-01T00:00:00Z,2011-01-01T00:00:00Z,73
http://www.wikidata.org/entity/Q313316,Romelu Lukaku,Belgium men's national football team,,2010-01-01T00:00:00Z,,124
http://www.wikidata.org/entity/Q313316,Romelu Lukaku,Chelsea F.C.,Premier League,2011-01-01T00:00:00Z,2014-01-01T00:00:00Z,10
http://www.wikidata.org/entity/Q313316,Romelu Lukaku,West Bromwich Albion F.C.,EFL Championship,2012-01-01T00:00:00Z,2013-01-01T00:00:00Z,35
http://www.wikidata.org/entity/Q313316,Romelu Lukaku,Everton F.C.,Premier League,2013-01-01T00:00:00Z,2014-01-01T00:00:00Z,31
http://www.wikidata.org/entity/Q313316,Romelu Lukaku,Everton F.C.,Premier League,2014-01-01T00:00:00Z,2017-01-01T00:00:00Z,110
http://www.wikidata.org/entity/Q313316,Romelu Lukaku,Manchester United F.C.,Premier League,2017-01-01T00:00:00Z,2019-01-01T00:00:00Z,66
http://www.wikidata.org/entity/Q313316,Romelu Lukaku,Inter Milan,Serie A,2019-01-01T00:00:00Z,2021-01-01T00:00:00Z,72
http://www.wikidata.org/entity/Q313316,Romelu Lukaku,Chelsea F.C.,Premier League,2021-08-12T00:00:00Z,2024-08-01T00:00:00Z,26
http://www.wikidata.org/entity/Q313316,Romelu Lukaku,Inter Milan,Serie A,2022-06-01T00:00:00Z,2023-06-30T00:00:00Z,25
http://www.wikidata.org/entity/Q313316,Romelu Lukaku,AS Roma,Serie A,2023-08-31T00:00:00Z,2024-07-01T00:00:00Z,32
http://www.wikidata.org/entity/Q313316,Romelu Lukaku,SSC Napoli,Serie A,2024-08-01T00:00:00Z,,36
http://www.wikidata.org/entity/Q314250,Fernando Amorebieta,Athletic Club,La Liga,1996-01-01T00:00:00Z,2003-01-01T00:00:00Z,
http://www.wikidata.org/entity/Q314250,Fernando Amorebieta,CD Baskonia,Tercera Federación,2003-01-01T00:00:00Z,2004-01-01T00:00:00Z,26
http://www.wikidata.org/entity/Q314250,Fernando Amorebieta,Athletic Bilbao B,Primera Federación,2004-01-01T00:00:00Z,2005-01-01T00:00:00Z,35
http://www.wikidata.org/entity/Q314250,Fernando Amorebieta,Spain national under-19 football team,,2004-01-01T00:00:00Z,2004-01-01T00:00:00Z,4
http://www.wikidata.org/entity/Q314250,Fernando Amorebieta,Athletic Club,La Liga,2005-01-01T00:00:00Z,2013-01-01T00:00:00Z,254
http://www.wikidata.org/entity/Q314250,Fernando Amorebieta,Basque Country regional football team,,2007-01-01T00:00:00Z,2011-01-01T00:00:00Z,4
http://www.wikidata.org/entity/Q314250,Fernando Amorebieta,Venezuela men's national football team,,2011-01-01T00:00:00Z,2015-01-01T00:00:00Z,15
http://www.wikidata.org/entity/Q314250,Fernando Amorebieta,Fulham F.C.,Premier League,2013-01-01T00:00:00Z,2016-01-01T00:00:00Z,48
http://www.wikidata.org/entity/Q314250,Fernando Amorebieta,Middlesbrough F.C.,EFL Championship,2015-01-01T00:00:00Z,2015-01-01T00:00:00Z,21
http://www.wikidata.org/entity/Q314250,Fernando Amorebieta,Sporting de Gijón,LaLiga 2,2016-01-01T00:00:00Z,2017-01-01T00:00:00Z,27
http://www.wikidata.org/entity/Q314250,Fernando Amorebieta,Club Atlético Independiente,Argentine Primera División,2017-01-01T00:00:00Z,2019-01-01T00:00:00Z,23
http://www.wikidata.org/entity/Q314250,Fernando Amorebieta,Cerro Porteño,Paraguayan Primera División,2019-01-01T00:00:00Z,2020-01-01T00:00:00Z,21
http://www.wikidata.org/entity/Q314250,Fernando Amorebieta,Q61365632,,2021-01-01T00:00:00Z,2022-01-01T00:00:00Z,
http://www.wikidata.org/entity/Q314259,Iker Muníain,UDC Chantrea,Tercera División,2000-01-01T00:00:00Z,2005-01-01T00:00:00Z,
http://www.wikidata.org/entity/Q314259,Iker Muníain,Athletic Club,La Liga,2005-01-01T00:00:00Z,2009-01-01T00:00:00Z,
http://www.wikidata.org/entity/Q314259,Iker Muníain,Spain national under-17 association football team,,2008-01-01T00:00:00Z,2009-01-01T00:00:00Z,20
http://www.wikidata.org/entity/Q314259,Iker Muníain,Spain national under-16 association football team,,2008-01-01T00:00:00Z,2008-01-01T00:00:00Z,2
http://www.wikidata.org/entity/Q314259,Iker Muníain,Athletic Club,La Liga,2009-01-01T00:00:00Z,2024-01-01T00:00:00Z,560
http://www.wikidata.org/entity/Q314259,Iker Muníain,Athletic Bilbao B,Primera Federación,2009-01-01T00:00:00Z,2010-01-01T00:00:00Z,19
http://www.wikidata.org/entity/Q314259,Iker Muníain,Basque Country regional football team,,2010-01-01T00:00:00Z,2020-01-01T00:00:00Z,4
http://www.wikidata.org/entity/Q314259,Iker Muníain,Spain national under-19 football team,,2010-01-01T00:00:00Z,2010-01-01T00:00:00Z,5
http://www.wikidata.org/entity/Q314259,Iker Muníain,Spain national under-21 association football team,,2011-01-01T00:00:00Z,2014-01-01T00:00:00Z,31
http://www.wikidata.org/entity/Q314259,Iker Muníain,Spain national under-20 football team,,2011-01-01T00:00:00Z,2011-01-01T00:00:00Z,1
http://www.wikidata.org/entity/Q314259,Iker Muníain,Spain men's national football team,,2012-01-01T00:00:00Z,2019-01-01T00:00:00Z,2
http://www.wikidata.org/entity/Q314259,Iker Muníain,Spain national under-23 football team,,2012-01-01T00:00:00Z,2012-01-01T00:00:00Z,3
http://www.wikidata.org/entity/Q314259,Iker Muníain,San Lorenzo de Almagro,Argentine Primera División,2024-01-01T00:00:00Z,2025-01-01T00:00:00Z,22
http://www.wikidata.org/entity/Q314259,Iker Muníain,San Lorenzo de Almagro,Metropolitano de Hockey (men),2024-01-01T00:00:00Z,2025-01-01T00:00:00Z,22
http://www.wikidata.org/entity/Q314445,Ariel Ibagaza,Club Atlético Lanús,Argentine Primera División,1994-01-01T00:00:00Z,1998-01-01T00:00:00Z,97
http://www.wikidata.org/entity/Q314445,Ariel Ibagaza,Argentina national under-20 football team,,1995-01-01T00:00:00Z,1995-01-01T00:00:00Z,6
http://www.wikidata.org/entity/Q314445,Ariel Ibagaza,RCD Mallorca,La Liga,1998-01-01T00:00:00Z,2003-01-01T00:00:00Z,143
http://www.wikidata.org/entity/Q314445,Ariel Ibagaza,Atlético Madrid,La Liga,2003-01-01T00:00:00Z,2006-01-01T00:00:00Z,85
http://www.wikidata.org/entity/Q314445,Ariel Ibagaza,Argentina men's national association football team,,2004-01-01T00:00:00Z,2004-01-01T00:00:00Z,1
http://www.wikidata.org/entity/Q314445,Ariel Ibagaza,RCD Mallorca,La Liga,2006-01-01T00:00:00Z,2008-01-01T00:00:00Z,61
http://www.wikidata.org/entity/Q314445,Ariel Ibagaza,Villarreal CF,La Liga,2008-01-01T00:00:00Z,2010-01-01T00:00:00Z,54
http://www.wikidata.org/entity/Q314445,Ariel Ibagaza,Olympiacos F.C.,Super League Greece,2010-01-01T00:00:00Z,2014-01-01T00:00:00Z,72
http://www.wikidata.org/entity/Q314445,Ariel Ibagaza,Panionios F.C.,Super League Greece 2,2014-01-01T00:00:00Z,2015-01-01T00:00:00Z,23
http://www.wikidata.org/entity/Q315008,Javad Nekounam,Pas Tehran F.C.,Persian Gulf Pro League,1998-01-01T00:00:00Z,2005-01-01T00:00:00Z,179
http://www.wikidata.org/entity/Q315008,Javad Nekounam,Iran national under-20 football team,,1998-01-01T00:00:00Z,2000-01-01T00:00:00Z,
http://www.wikidata.org/entity/Q315008,Javad Nekounam,Iran national under-23 football team,,1999-01-01T00:00:00Z,2002-01-01T00:00:00Z,10
http://www.wikidata.org/entity/Q315008,Javad Nekounam,Iran men's national football team,,2000-01-01T00:00:00Z,2015-01-01T00:00:00Z,151
http://www.wikidata.org/entity/Q315008,Javad Nekounam,Al-Wahda S.C.C.,UAE Pro League,2005-01-01T00:00:00Z,2006-01-01T00:00:00Z,11
http://www.wikidata.org/entity/Q315008,Javad Nekounam,Club Atlético Osasuna,La Liga,2006-01-01T00:00:00Z,2012-01-01T00:00:00Z,149
http://www.wikidata.org/entity/Q315008,Javad Nekounam,Sharjah FC,UAE Division 1 Group A,2006-01-01T00:00:00Z,2006-01-01T00:00:00Z,11
http://www.wikidata.org/entity/Q315008,Javad Nekounam,Esteghlal F.C.,Persian Gulf Pro League,2012-01-01T00:00:00Z,2014-01-01T00:00:00Z,44
http://www.wikidata.org/entity/Q315008,Javad Nekounam,Club Atlético Osasuna,La Liga,2014-01-01T00:00:00Z,2015-01-01T00:00:00Z,22
http://www.wikidata.org/entity/Q315008,Javad Nekounam,Kuwait SC,Kuwaiti Premier League,2014-01-01T00:00:00Z,2014-01-01T00:00:00Z,11
http://www.wikidata.org/entity/Q315008,Javad Nekounam,Saipa F.C.,Persian Gulf Pro League,2015-01-01T00:00:00Z,2016-01-01T00:00:00Z,15
http://www.wikidata.org/entity/Q315008,Javad Nekounam,Al-Arabi SC,Qatar Stars League,2016-01-01T00:00:00Z,,
http://www.wikidata.org/entity/Q316457,Cristian Daniel Ledesma,US Lecce,Serie A,2002-01-01T00:00:00Z,2006-01-01T00:00:00Z,126
http://www.wikidata.org/entity/Q316457,Cristian Daniel Ledesma,SS Lazio,Serie A,2006-01-01T00:00:00Z,2015-01-01T00:00:00Z,259
http://www.wikidata.org/entity/Q316457,Cristian Daniel Ledesma,Italy men's national association football team,,2010-01-01T00:00:00Z,2010-01-01T00:00:00Z,1
http://www.wikidata.org/entity/Q316457,Cristian Daniel Ledesma,Santos F.C.,Campeonato Brasileiro Série A,2015-01-01T00:00:00Z,2015-01-01T00:00:00Z,4
http://www.wikidata.org/entity/Q316457,Cristian Daniel Ledesma,Santos F.C.,Campeonato Paulista de Futebol,2015-01-01T00:00:00Z,2015-01-01T00:00:00Z,4
http://www.wikidata.org/entity/Q316512,Luís Boa Morte,Portugal national under-18 football team,,1995-01-01T00:00:00Z,1996-01-01T00:00:00Z,2
http://www.wikidata.org/entity/Q316512,Luís Boa Morte,Sporting CP,Liga Portugal,1996-01-01T00:00:00Z,1997-01-01T00:00:00Z,0
http://www.wikidata.org/entity/Q316512,Luís Boa Morte,Sporting Clube Lourinhanense,Campeonato de Portugal,1996-01-01T00:00:00Z,1997-01-01T00:00:00Z,
http://www.wikidata.org/entity/Q316512,Luís Boa Morte,Arsenal F.C.,Premier League,1997-01-01T00:00:00Z,1999-01-01T00:00:00Z,25
http://www.wikidata.org/entity/Q316512,Luís Boa Morte,Portugal national under-21 football team,,1997-01-01T00:00:00Z,1999-01-01T00:00:00Z,10
http://www.wikidata.org/entity/Q316512,Luís Boa Morte,Southampton F.C.,EFL Championship,1999-01-01T00:00:00Z,2001-01-01T00:00:00Z,14
http://www.wikidata.org/entity/Q316512,Luís Boa Morte,Fulham F.C.,Premier League,2000-01-01T00:00:00Z,2001-01-01T00:00:00Z,39
http://www.wikidata.org/entity/Q316512,Luís Boa Morte,Fulham F.C.,Premier League,2001-01-01T00:00:00Z,2007-01-01T00:00:00Z,166
http://www.wikidata.org/entity/Q316512,Luís Boa Morte,Portugal men's national football team,,2001-01-01T00:00:00Z,2009-01-01T00:00:00Z,28
http://www.wikidata.org/entity/Q316512,Luís Boa Morte,West Ham United F.C.,Premier League,2007-01-01T00:00:00Z,2011-01-01T00:00:00Z,91
http://www.wikidata.org/entity/Q316512,Luís Boa Morte,Athlitiki Enosi Larissa F.C.,Super League Greece,2011-01-01T00:00:00Z,2012-01-01T00:00:00Z,7
http://www.wikidata.org/entity/Q316512,Luís Boa Morte,Chesterfield F.C.,EFL League Two,2012-01-01T00:00:00Z,2013-01-01T00:00:00Z,12
http://www.wikidata.org/entity/Q316512,Luís Boa Morte,Orlando Pirates F.C.,South African Premier Division,2012-01-01T00:00:00Z,2012-01-01T00:00:00Z,3
http://www.wikidata.org/entity/Q316614,Pablo Cavallero,Club Atlético Vélez Sarsfield,Argentine Primera División,1995-01-01T00:00:00Z,1998-01-01T00:00:00Z,15
http://www.wikidata.org/entity/Q316614,Pablo Cavallero,Argentina men's national association football team,,1996-01-01T00:00:00Z,2004-01-01T00:00:00Z,26
http://www.wikidata.org/entity/Q316614,Pablo Cavallero,Argentina national under-23 football team,,1996-01-01T00:00:00Z,1996-01-01T00:00:00Z,4
http://www.wikidata.org/entity/Q316614,Pablo Cavallero,Unión de Santa Fe,Argentine Primera División,1998-01-01T00:00:00Z,1999-01-01T00:00:00Z,34
http://www.wikidata.org/entity/Q316614,Pablo Cavallero,Unión de Santa Fe,Argentine Primera División,1998-01-01T00:00:00Z,1998-01-01T00:00:00Z,34
http://www.wikidata.org/entity/Q316614,Pablo Cavallero,RCD Espanyol de Barcelona,La Liga,1999-01-01T00:00:00Z,1999-01-01T00:00:00Z,26
http://www.wikidata.org/entity/Q316614,Pablo Cavallero,RCD Espanyol de Barcelona,La Liga,1999-01-01T00:00:00Z,2000-01-01T00:00:00Z,26
http://www.wikidata.org/entity/Q316614,Pablo Cavallero,RC Celta de Vigo,La Liga,2000-01-01T00:00:00Z,2004-01-01T00:00:00Z,121
http://www.wikidata.org/entity/Q316614,Pablo Cavallero,Levante UD,La Liga,2005-01-01T00:00:00Z,2008-01-01T00:00:00Z,43
http://www.wikidata.org/entity/Q316614,Pablo Cavallero,Club Atlético Peñarol,Uruguayan Primera División,2008-01-01T00:00:00Z,2009-01-01T00:00:00Z,15
http://www.wikidata.org/entity/Q316681,Gareth Southgate,Crystal Palace F.C.,Premier League,1988-01-01T00:00:00Z,1995-01-01T00:00:00Z,152
http://www.wikidata.org/entity/Q316681,Gareth Southgate,Aston Villa F.C.,Premier League,1995-01-01T00:00:00Z,2001-01-01T00:00:00Z,191
http://www.wikidata.org/entity/Q316681,Gareth Southgate,England men's national association football team,,1995-01-01T00:00:00Z,2004-01-01T00:00:00Z,57
http://www.wikidata.org/entity/Q316681,Gareth Southgate,Middlesbrough F.C.,EFL Championship,2001-01-01T00:00:00Z,2006-01-01T00:00:00Z,160
http://www.wikidata.org/entity/Q316695,Sylvain Distin,US Joué-lès-Tours,,1997-01-01T00:00:00Z,1998-01-01T00:00:00Z,32
http://www.wikidata.org/entity/Q316695,Sylvain Distin,Tours FC.,Championnat National,1998-01-01T00:00:00Z,1999-01-01T00:00:00Z,26
http://www.wikidata.org/entity/Q316695,Sylvain Distin,FC Gueugnon,Championnat National 3,1999-01-01T00:00:00Z,2000-01-01T00:00:00Z,32
http://www.wikidata.org/entity/Q316695,Sylvain Distin,Paris Saint-Germain FC,Ligue 1,2000-01-01T00:00:00Z,2002-01-01T00:00:00Z,28
http://www.wikidata.org/entity/Q316695,Sylvain Distin,Newcastle United F.C.,Premier League,2001-01-01T00:00:00Z,2002-01-01T00:00:00Z,28
http://www.wikidata.org/entity/Q316695,Sylvain Distin,Manchester City F.C.,Premier League,2002-01-01T00:00:00Z,2007-01-01T00:00:00Z,178
http://www.wikidata.org/entity/Q316695,Sylvain Distin,Portsmouth F.C.,EFL Championship,2007-01-01T00:00:00Z,2009-01-01T00:00:00Z,77
http://www.wikidata.org/entity/Q316695,Sylvain Distin,Everton F.C.,Premier League,2009-01-01T00:00:00Z,2015-01-01T00:00:00Z,174
http://www.wikidata.org/entity/Q316695,Sylvain Distin,AFC Bournemouth,Premier League,2015-01-01T00:00:00Z,2016-01-01T00:00:00Z,12
http://www.wikidata.org/entity/Q316724,Séamus Coleman,Sligo Rovers F.C.,League of Ireland Premier Division,2006-01-01T00:00:00Z,2008-01-01T00:00:00Z,56
http://www.wikidata.org/entity/Q316724,Séamus Coleman,Republic of Ireland national under-21 football team,,2007-01-01T00:00:00Z,2010-01-01T00:00:00Z,13
http://www.wikidata.org/entity/Q316724,Séamus Coleman,Everton F.C.,Premier League,2009-01-01T00:00:00Z,,372
http://www.wikidata.org/entity/Q316724,Séamus Coleman,Blackpool F.C.,EFL League One,2010-01-01T00:00:00Z,2010-01-01T00:00:00Z,9
http://www.wikidata.org/entity/Q316724,Séamus Coleman,Republic of Ireland men's national association football team,,2011-01-01T00:00:00Z,,77
http://www.wikidata.org/entity/Q316762,Cristián Zapata,Colombia national under-17 football team,,2003-01-01T00:00:00Z,2003-01-01T00:00:00Z,2
http://www.wikidata.org/entity/Q316762,Cristián Zapata,Deportivo Cali,Categoría Primera A,2004-01-01T00:00:00Z,2005-01-01T00:00:00Z,17
http://www.wikidata.org/entity/Q316762,Cristián Zapata,Udinese Calcio,Serie A,2005-01-01T00:00:00Z,2011-01-01T00:00:00Z,168
http://www.wikidata.org/entity/Q316762,Cristián Zapata,Colombia national under-20 football team,,2005-01-01T00:00:00Z,2005-01-01T00:00:00Z,4
http://www.wikidata.org/entity/Q316762,Cristián Zapata,Colombia men's national football team,,2007-01-01T00:00:00Z,2019-01-01T00:00:00Z,58
http://www.wikidata.org/entity/Q316762,Cristián Zapata,Villarreal CF,La Liga,2011-01-01T00:00:00Z,2013-01-01T00:00:00Z,28
http://www.wikidata.org/entity/Q316762,Cristián Zapata,AC Milan,Serie A,2012-01-01T00:00:00Z,2013-01-01T00:00:00Z,23
http://www.wikidata.org/entity/Q316762,Cristián Zapata,AC Milan,Serie A,2013-01-01T00:00:00Z,2019-01-01T00:00:00Z,88
http://www.wikidata.org/entity/Q316762,Cristián Zapata,Genoa CFC,Serie A,2019-01-01T00:00:00Z,2021-01-01T00:00:00Z,32
http://www.wikidata.org/entity/Q316762,Cristián Zapata,San Lorenzo de Almagro,Argentine Primera División,2021-01-01T00:00:00Z,2022-01-01T00:00:00Z,50
http://www.wikidata.org/entity/Q316762,Cristián Zapata,San Lorenzo de Almagro,Metropolitano de Hockey (men),2021-01-01T00:00:00Z,2022-01-01T00:00:00Z,50
http://www.wikidata.org/entity/Q316762,Cristián Zapata,Atlético Nacional,Categoría Primera A,2023-01-01T00:00:00Z,2023-01-01T00:00:00Z,38
http://www.wikidata.org/entity/Q316762,Cristián Zapata,E.C. Vitória,Campeonato Brasileiro Série A,2024-01-01T00:00:00Z,2024-07-01T00:00:00Z,2
http://www.wikidata.org/entity/Q316762,Cristián Zapata,Atlético Bucaramanga,Categoría Primera A,2024-07-01T00:00:00Z,2025-01-01T00:00:00Z,15
http://www.wikidata.org/entity/Q316762,Cristián Zapata,Atlético Bucaramanga,Copa Colombia,2024-07-01T00:00:00Z,2025-01-01T00:00:00Z,15
http://www.wikidata.org/entity/Q316772,Raúl García,Club Atlético Osasuna,La Liga,,2004-01-01T00:00:00Z,
http://www.wikidata.org/entity/Q316772,Raúl García,CF Ardoi FE,Tercera División,,,
http://www.wikidata.org/entity/Q316772,Raúl García,Club Atlético Osasuna,La Liga,2004-01-01T00:00:00Z,2007-01-01T00:00:00Z,91
http://www.wikidata.org/entity/Q316772,Raúl García,Osasuna B,Primera Federación,2004-01-01T00:00:00Z,2005-01-01T00:00:00Z,28
http://www.wikidata.org/entity/Q316772,Raúl García,Spain national under-19 football team,,2004-01-01T00:00:00Z,2005-01-01T00:00:00Z,7
http://www.wikidata.org/entity/Q316772,Raúl García,Basque Country regional football team,,2005-01-01T00:00:00Z,,1
http://www.wikidata.org/entity/Q316772,Raúl García,Spain national under-21 association football team,,2006-01-01T00:00:00Z,2009-01-01T00:00:00Z,20
http://www.wikidata.org/entity/Q316772,Raúl García,Atlético Madrid,La Liga,2007-01-01T00:00:00Z,2015-01-01T00:00:00Z,306
http://www.wikidata.org/entity/Q316772,Raúl García,Club Atlético Osasuna,La Liga,2011-01-01T00:00:00Z,2012-01-01T00:00:00Z,35
http://www.wikidata.org/entity/Q316772,Raúl García,Spain men's national football team,,2014-01-01T00:00:00Z,2014-01-01T00:00:00Z,2
http://www.wikidata.org/entity/Q316772,Raúl García,Athletic Club,La Liga,2015-01-01T00:00:00Z,2024-01-01T00:00:00Z,363
http://www.wikidata.org/entity/Q316852,Stefano Mauri,A.C. Meda 1913,,1998-01-01T00:00:00Z,2001-01-01T00:00:00Z,83
http://www.wikidata.org/entity/Q316852,Stefano Mauri,Modena F.C.,Serie B,2001-01-01T00:00:00Z,2004-01-01T00:00:00Z,34
http://www.wikidata.org/entity/Q316852,Stefano Mauri,Brescia Calcio,Serie B,2003-01-01T00:00:00Z,2004-01-01T00:00:00Z,30
http://www.wikidata.org/entity/Q316852,Stefano Mauri,Udinese Calcio,Serie A,2004-01-01T00:00:00Z,2006-01-01T00:00:00Z,48
http://www.wikidata.org/entity/Q316852,Stefano Mauri,Italy men's national association football team,,2004-01-01T00:00:00Z,2011-01-01T00:00:00Z,11
http://www.wikidata.org/entity/Q316852,Stefano Mauri,SS Lazio,Serie A,2006-01-01T00:00:00Z,2016-01-01T00:00:00Z,253
http://www.wikidata.org/entity/Q316852,Stefano Mauri,Brescia Calcio,Serie B,2017-01-01T00:00:00Z,2017-06-01T00:00:00Z,12
http://www.wikidata.org/entity/Q317216,Andoni Iraola,Antiguoko,,1991-01-01T00:00:00Z,1999-01-01T00:00:00Z,
http://www.wikidata.org/entity/Q317216,Andoni Iraola,Athletic Club,La Liga,1999-01-01T00:00:00Z,2000-01-01T00:00:00Z,
http://www.wikidata.org/entity/Q317216,Andoni Iraola,CD Baskonia,Tercera Federación,2000-01-01T00:00:00Z,2001-01-01T00:00:00Z,35
http://www.wikidata.org/entity/Q317216,Andoni Iraola,Athletic Bilbao B,Primera Federación,2001-01-01T00:00:00Z,2003-01-01T00:00:00Z,75
http://www.wikidata.org/entity/Q317216,Andoni Iraola,Spain national under-18 football team,,2001-01-01T00:00:00Z,2001-01-01T00:00:00Z,1
http://www.wikidata.org/entity/Q317216,Andoni Iraola,Athletic Club,La Liga,2003-01-01T00:00:00Z,2015-01-01T00:00:00Z,406
http://www.wikidata.org/entity/Q317216,Andoni Iraola,Basque Country regional football team,,2003-01-01T00:00:00Z,2013-01-01T00:00:00Z,9
http://www.wikidata.org/entity/Q317216,Andoni Iraola,Spain national under-21 association football team,,2003-01-01T00:00:00Z,2003-01-01T00:00:00Z,1
http://www.wikidata.org/entity/Q317216,Andoni Iraola,Spain men's national football team,,2008-01-01T00:00:00Z,2011-01-01T00:00:00Z,7
http://www.wikidata.org/entity/Q317216,Andoni Iraola,New York City FC,Major League Soccer,2015-01-01T00:00:00Z,2016-01-01T00:00:00Z,38
http://www.wikidata.org/entity/Q317322,Alfonso Pérez,Al Ittihad FC,Saudi Pro League,,,
http://www.wikidata.org/entity/Q317322,Alfonso Pérez,Spain national under-16 association football team,,1988-01-01T00:00:00Z,1989-01-01T00:00:00Z,12
http://www.wikidata.org/entity/Q317322,Alfonso Pérez,Real Madrid Castilla,Primera Federación,1989-01-01T00:00:00Z,1992-01-01T00:00:00Z,3
http://www.wikidata.org/entity/Q317322,Alfonso Pérez,Spain national under-18 football team,,1989-01-01T00:00:00Z,1990-01-01T00:00:00Z,12
http://www.wikidata.org/entity/Q317322,Alfonso Pérez,Real Madrid Club de Fútbol,La Liga,1990-01-01T00:00:00Z,1995-01-01T00:00:00Z,88
http://www.wikidata.org/entity/Q317322,Alfonso Pérez,Spain national under-21 association football team,,1991-01-01T00:00:00Z,1993-01-01T00:00:00Z,7
http://www.wikidata.org/entity/Q317322,Alfonso Pérez,Spain national under-23 football team,,1991-01-01T00:00:00Z,1992-01-01T00:00:00Z,11
http://www.wikidata.org/entity/Q317322,Alfonso Pérez,Spain national under-19 football team,,1991-01-01T00:00:00Z,1991-01-01T00:00:00Z,1
http://www.wikidata.org/entity/Q317322,Alfonso Pérez,Spain men's national football team,,1992-01-01T00:00:00Z,2000-01-01T00:00:00Z,38
http://www.wikidata.org/entity/Q317322,Alfonso Pérez,Real Betis Balompié,La Liga,1995-01-01T00:00:00Z,2000-01-01T00:00:00Z,152
http://www.wikidata.org/entity/Q317322,Alfonso Pérez,Futbol Club Barcelona,La Liga,2000-01-01T00:00:00Z,2002-01-01T00:00:00Z,21
http://www.wikidata.org/entity/Q317322,Alfonso Pérez,Real Betis Balompié,La Liga,2002-01-01T00:00:00Z,2005-01-01T00:00:00Z,45
http://www.wikidata.org/entity/Q317322,Alfonso Pérez,Olympique de Marseille,Ligue 1,2002-01-01T00:00:00Z,2002-01-01T00:00:00Z,11
http://www.wikidata.org/entity/Q318226,Stefano Fiore,Cosenza Calcio,Serie B,1992-01-01T00:00:00Z,1994-01-01T00:00:00Z,10
http://www.wikidata.org/entity/Q318226,Stefano Fiore,Cosenza Calcio 1914,,1992-01-01T00:00:00Z,1994-01-01T00:00:00Z,11
http://www.wikidata.org/entity/Q318226,Stefano Fiore,Parma Calcio 1913,Serie A,1994-01-01T00:00:00Z,1995-01-01T00:00:00Z,8
http://www.wikidata.org/entity/Q318226,Stefano Fiore,Calcio Padova,Serie B,1995-01-01T00:00:00Z,1996-01-01T00:00:00Z,24
http://www.wikidata.org/entity/Q318226,Stefano Fiore,Italy national under-21 football team,,1995-01-01T00:00:00Z,1997-01-01T00:00:00Z,8
http://www.wikidata.org/entity/Q318226,Stefano Fiore,AC ChievoVerona,Serie B,1996-01-01T00:00:00Z,1997-01-01T00:00:00Z,38
http://www.wikidata.org/entity/Q318226,Stefano Fiore,Parma Calcio 1913,Serie A,1997-01-01T00:00:00Z,1999-01-01T00:00:00Z,54
http://www.wikidata.org/entity/Q318226,Stefano Fiore,Italy national under-23 football team,,1997-01-01T00:00:00Z,1997-01-01T00:00:00Z,3
http://www.wikidata.org/entity/Q318226,Stefano Fiore,Udinese Calcio,Serie A,1999-01-01T00:00:00Z,2001-01-01T00:00:00Z,67
http://www.wikidata.org/entity/Q318226,Stefano Fiore,Italy men's national association football team,,2000-01-01T00:00:00Z,2004-01-01T00:00:00Z,38
http://www.wikidata.org/entity/Q318226,Stefano Fiore,SS Lazio,Serie A,2001-01-01T00:00:00Z,2004-01-01T00:00:00Z,95
http://www.wikidata.org/entity/Q318226,Stefano Fiore,Valencia CF,La Liga,2004-01-01T00:00:00Z,2007-01-01T00:00:00Z,20
http://www.wikidata.org/entity/Q318226,Stefano Fiore,ACF Fiorentina,Serie A,2005-01-01T00:00:00Z,2006-01-01T00:00:00Z,38
http://www.wikidata.org/entity/Q318226,Stefano Fiore,Torino FC,Serie A,2006-01-01T00:00:00Z,2006-01-01T00:00:00Z,19
http://www.wikidata.org/entity/Q318226,Stefano Fiore,US Livorno 1915,Eccellenza Tuscany,2007-01-01T00:00:00Z,2007-01-01T00:00:00Z,16
http://www.wikidata.org/entity/Q318226,Stefano Fiore,Mantova 1911,Serie B,2007-01-01T00:00:00Z,2008-01-01T00:00:00Z,24
http://www.wikidata.org/entity/Q318226,Stefano Fiore,Cosenza Calcio,Serie B,2009-01-01T00:00:00Z,2011-01-01T00:00:00Z,37
http://www.wikidata.org/entity/Q318281,Marko Babić,Croatia national under-17 football team,,1996-01-01T00:00:00Z,1999-01-01T00:00:00Z,12
http://www.wikidata.org/entity/Q318281,Marko Babić,NK Osijek,Croatian Football League,1997-01-01T00:00:00Z,1999-01-01T00:00:00Z,16
http://www.wikidata.org/entity/Q318281,Marko Babić,Croatia national under-19 football team,,1999-01-01T00:00:00Z,2000-01-01T00:00:00Z,8
http://www.wikidata.org/entity/Q318281,Marko Babić,Croatia national under-18 football team,,1999-01-01T00:00:00Z,2000-01-01T00:00:00Z,3
http://www.wikidata.org/entity/Q318281,Marko Babić,Bayer 04 Leverkusen,Bundesliga,2000-01-01T00:00:00Z,2007-07-01T00:00:00Z,144
http://www.wikidata.org/entity/Q318281,Marko Babić,Croatia national under-20 football team,,2000-01-01T00:00:00Z,2001-01-01T00:00:00Z,3
http://www.wikidata.org/entity/Q318281,Marko Babić,Croatia men's national football team,,2002-01-01T00:00:00Z,2008-01-01T00:00:00Z,49
http://www.wikidata.org/entity/Q318281,Marko Babić,Croatia national under-21 football team,,2002-01-01T00:00:00Z,2004-01-01T00:00:00Z,9
http://www.wikidata.org/entity/Q318281,Marko Babić,Real Betis Balompié,La Liga,2007-01-01T00:00:00Z,2009-01-01T00:00:00Z,12
http://www.wikidata.org/entity/Q318281,Marko Babić,Real Zaragoza,LaLiga 2,2009-01-01T00:00:00Z,2010-01-01T00:00:00Z,14
http://www.wikidata.org/entity/Q318281,Marko Babić,Hertha BSC,2. Bundesliga,2009-01-01T00:00:00Z,2009-08-01T00:00:00Z,8
http://www.wikidata.org/entity/Q318281,Marko Babić,NK Osijek,Croatian Football League,2010-01-01T00:00:00Z,2012-01-01T00:00:00Z,26
http://www.wikidata.org/entity/Q318281,Marko Babić,LASK Linz,Bundesliga,2013-01-01T00:00:00Z,2013-01-01T00:00:00Z,8
http://www.wikidata.org/entity/Q318546,Abelardo Fernández,RCD Espanyol de Barcelona,La Liga,,,
http://www.wikidata.org/entity/Q318546,Abelardo Fernández,Sporting de Gijón,LaLiga 2,1989-01-01T00:00:00Z,1994-01-01T00:00:00Z,179
http://www.wikidata.org/entity/Q318546,Abelardo Fernández,Spain national under-21 association football team,,1990-01-01T00:00:00Z,1991-01-01T00:00:00Z,6
http://www.wikidata.org/entity/Q318546,Abelardo Fernández,Spain national under-20 football team,,1990-01-01T00:00:00Z,1990-01-01T00:00:00Z,1
http://www.wikidata.org/entity/Q318546,Abelardo Fernández,Spain men's national football team,,1991-01-01T00:00:00Z,2001-01-01T00:00:00Z,54
http://www.wikidata.org/entity/Q318546,Abelardo Fernández,Spain national under-23 football team,,1991-01-01T00:00:00Z,1992-01-01T00:00:00Z,12
http://www.wikidata.org/entity/Q318546,Abelardo Fernández,Futbol Club Barcelona,La Liga,1994-01-01T00:00:00Z,2002-01-01T00:00:00Z,178
http://www.wikidata.org/entity/Q318546,Abelardo Fernández,Deportivo Alavés,La Liga,2002-01-01T00:00:00Z,2003-01-01T00:00:00Z,28
http://www.wikidata.org/entity/Q318546,Abelardo Fernández,Asturias autonomous football team,,2002-01-01T00:00:00Z,2002-01-01T00:00:00Z,1
http://www.wikidata.org/entity/Q3189078,Julian Brandt,Germany national under-15 football team,,2011-01-01T00:00:00Z,2011-01-01T00:00:00Z,2
http://www.wikidata.org/entity/Q3189078,Julian Brandt,Germany national under-16 football team,,2011-01-01T00:00:00Z,2012-01-01T00:00:00Z,3
http://www.wikidata.org/entity/Q3189078,Julian Brandt,Germany national under-17 association football team,,2012-01-01T00:00:00Z,2013-01-01T00:00:00Z,19
http://www.wikidata.org/entity/Q3189078,Julian Brandt,Germany national under-19 football team,,2013-01-01T00:00:00Z,2014-01-01T00:00:00Z,12
http://www.wikidata.org/entity/Q3189078,Julian Brandt,Bayer 04 Leverkusen,Bundesliga,2014-01-01T00:00:00Z,2019-01-01T00:00:00Z,165
http://www.wikidata.org/entity/Q3189078,Julian Brandt,Bayer 04 Leverkusen II,Regionalliga West,2014-01-01T00:00:00Z,2014-01-01T00:00:00Z,1
http://www.wikidata.org/entity/Q3189078,Julian Brandt,Germany national under-20 football team,,2015-01-01T00:00:00Z,2015-01-01T00:00:00Z,6
http://www.wikidata.org/entity/Q3189078,Julian Brandt,Germany national under-21 football team,,2015-01-01T00:00:00Z,2016-01-01T00:00:00Z,8
http://www.wikidata.org/entity/Q3189078,Julian Brandt,Germany men's national association football team,,2016-01-01T00:00:00Z,,48
http://www.wikidata.org/entity/Q3189078,Julian Brandt,Germany national under-23 football team,,2016-01-01T00:00:00Z,2016-01-01T00:00:00Z,6
http://www.wikidata.org/entity/Q3189078,Julian Brandt,Borussia Dortmund,Bundesliga,2019-01-01T00:00:00Z,,197
http://www.wikidata.org/entity/Q319543,Gianluca Pessotto,AC Milan,Serie A,,,
http://www.wikidata.org/entity/Q319543,Gianluca Pessotto,Italy national under-17 football team,,1987-01-01T00:00:00Z,1987-01-01T00:00:00Z,6
http://www.wikidata.org/entity/Q319543,Gianluca Pessotto,Varese Calcio,,1989-01-01T00:00:00Z,1991-01-01T00:00:00Z,64
http://www.wikidata.org/entity/Q319543,Gianluca Pessotto,S.S.D. Massese,Serie D,1991-01-01T00:00:00Z,1992-01-01T00:00:00Z,22
http://www.wikidata.org/entity/Q319543,Gianluca Pessotto,Bologna F.C. 1909,Serie A,1992-01-01T00:00:00Z,1993-01-01T00:00:00Z,21
http://www.wikidata.org/entity/Q319543,Gianluca Pessotto,Hellas Verona FC,Serie A,1993-01-01T00:00:00Z,1994-01-01T00:00:00Z,34
http://www.wikidata.org/entity/Q319543,Gianluca Pessotto,Torino FC,Serie A,1994-01-01T00:00:00Z,1995-01-01T00:00:00Z,32
http://www.wikidata.org/entity/Q319543,Gianluca Pessotto,Juventus FC,Serie A,1995-01-01T00:00:00Z,2006-01-01T00:00:00Z,243
http://www.wikidata.org/entity/Q319543,Gianluca Pessotto,Italy men's national association football team,,1996-01-01T00:00:00Z,2002-01-01T00:00:00Z,22
http://www.wikidata.org/entity/Q325886,Pablo Orbaiz,Club Atlético Osasuna,La Liga,1985-01-01T00:00:00Z,1996-01-01T00:00:00Z,
http://www.wikidata.org/entity/Q325886,Pablo Orbaiz,Club Atlético Osasuna,La Liga,1996-01-01T00:00:00Z,2000-01-01T00:00:00Z,73
http://www.wikidata.org/entity/Q325886,Pablo Orbaiz,Osasuna B,Primera Federación,1996-01-01T00:00:00Z,1998-01-01T00:00:00Z,27
http://www.wikidata.org/entity/Q325886,Pablo Orbaiz,Spain national under-18 football team,,1996-01-01T00:00:00Z,1998-01-01T00:00:00Z,15
http://www.wikidata.org/entity/Q325886,Pablo Orbaiz,Spain national under-17 association football team,,1997-01-01T00:00:00Z,1997-01-01T00:00:00Z,5
http://www.wikidata.org/entity/Q325886,Pablo Orbaiz,Spain national under-20 football team,,1998-01-01T00:00:00Z,1999-01-01T00:00:00Z,12
http://www.wikidata.org/entity/Q325886,Pablo Orbaiz,Spain national under-21 association football team,,1999-01-01T00:00:00Z,2001-01-01T00:00:00Z,14
http://www.wikidata.org/entity/Q325886,Pablo Orbaiz,Athletic Club,La Liga,2000-01-01T00:00:00Z,2012-01-01T00:00:00Z,318
http://www.wikidata.org/entity/Q325886,Pablo Orbaiz,Spain men's national football team,,2002-01-01T00:00:00Z,2005-01-01T00:00:00Z,4
http://www.wikidata.org/entity/Q325886,Pablo Orbaiz,Basque Country regional football team,,2005-01-01T00:00:00Z,2007-01-01T00:00:00Z,3
http://www.wikidata.org/entity/Q325886,Pablo Orbaiz,Olympiacos F.C.,Super League Greece,2011-01-01T00:00:00Z,2012-01-01T00:00:00Z,24
http://www.wikidata.org/entity/Q325886,Pablo Orbaiz,Rubin Kazan,Russian Premier League,2012-01-01T00:00:00Z,2013-01-01T00:00:00Z,23
http://www.wikidata.org/entity/Q325886,Pablo Orbaiz,CD Egüés,Tercera División,2013-01-01T00:00:00Z,2016-01-01T00:00:00Z,
http://www.wikidata.org/entity/Q328770,Dino Baggio,Inter Milan,Serie A,,,
http://www.wikidata.org/entity/Q328770,Dino Baggio,Torino FC,Serie A,1989-01-01T00:00:00Z,1991-01-01T00:00:00Z,28
http://www.wikidata.org/entity/Q328770,Dino Baggio,Italy national under-21 football team,,1990-01-01T00:00:00Z,1992-01-01T00:00:00Z,18
http://www.wikidata.org/entity/Q328770,Dino Baggio,Inter Milan,Serie A,1991-01-01T00:00:00Z,1992-01-01T00:00:00Z,27
http://www.wikidata.org/entity/Q328770,Dino Baggio,Italy men's national association football team,,1991-01-01T00:00:00Z,1999-01-01T00:00:00Z,60
http://www.wikidata.org/entity/Q328770,Dino Baggio,Juventus FC,Serie A,1992-01-01T00:00:00Z,1994-01-01T00:00:00Z,49
http://www.wikidata.org/entity/Q328770,Dino Baggio,Parma Calcio 1913,Serie A,1994-01-01T00:00:00Z,2000-01-01T00:00:00Z,172
http://www.wikidata.org/entity/Q328770,Dino Baggio,SS Lazio,Serie A,2000-01-01T00:00:00Z,2005-01-01T00:00:00Z,44
http://www.wikidata.org/entity/Q328770,Dino Baggio,Blackburn Rovers F.C.,EFL Championship,2003-01-01T00:00:00Z,2003-01-01T00:00:00Z,9
http://www.wikidata.org/entity/Q328770,Dino Baggio,SSC Ancona,Serie C,2004-01-01T00:00:00Z,2004-01-01T00:00:00Z,9
http://www.wikidata.org/entity/Q328770,Dino Baggio,US Triestina Calcio 1918,Serie C,2005-01-01T00:00:00Z,2005-01-01T00:00:00Z,13
http://www.wikidata.org/entity/Q3294458,Juan José Cañas Gutiérrez,Real Betis Balompié,La Liga,1991-01-01T00:00:00Z,2006-01-01T00:00:00Z,303
http://www.wikidata.org/entity/Q3294458,Juan José Cañas Gutiérrez,Real Betis B,Segunda División B,1993-01-01T00:00:00Z,1994-01-01T00:00:00Z,
http://www.wikidata.org/entity/Q3294458,Juan José Cañas Gutiérrez,CD Alcalá,Segunda División B,2006-01-01T00:00:00Z,2008-01-01T00:00:00Z,63
http://www.wikidata.org/entity/Q3323965,Juan Merino,Real Betis B,Segunda División B,1989-01-01T00:00:00Z,1990-01-01T00:00:00Z,
http://www.wikidata.org/entity/Q3323965,Juan Merino,Real Betis Balompié,La Liga,1990-01-01T00:00:00Z,2002-01-01T00:00:00Z,315
http://www.wikidata.org/entity/Q3323965,Juan Merino,Spain national under-21 association football team,,1991-01-01T00:00:00Z,1991-01-01T00:00:00Z,1
http://www.wikidata.org/entity/Q3323965,Juan Merino,Spain national under-23 football team,,1991-01-01T00:00:00Z,1992-01-01T00:00:00Z,6
http://www.wikidata.org/entity/Q3323965,Juan Merino,Recreativo de Huelva,Segunda División B,2002-01-01T00:00:00Z,2007-01-01T00:00:00Z,137
http://www.wikidata.org/entity/Q334576,Stephen Ward,Bohemian F.C.,League of Ireland Premier Division,2003-01-01T00:00:00Z,2007-01-01T00:00:00Z,93
http://www.wikidata.org/entity/Q334576,Stephen Ward,Republic of Ireland national under-19 football team,,2003-01-01T00:00:00Z,2004-01-01T00:00:00Z,5
http://www.wikidata.org/entity/Q334576,Stephen Ward,Republic of Ireland national under-20 football team,,2003-01-01T00:00:00Z,2004-01-01T00:00:00Z,5
http://www.wikidata.org/entity/Q334576,Stephen Ward,Republic of Ireland national under-21 football team,,2005-01-01T00:00:00Z,2008-01-01T00:00:00Z,13
http://www.wikidata.org/entity/Q334576,Stephen Ward,Wolverhampton Wanderers F.C.,Premier League,2007-01-01T00:00:00Z,2014-01-01T00:00:00Z,222
http://www.wikidata.org/entity/Q334576,Stephen Ward,Republic of Ireland B national football team,,2007-01-01T00:00:00Z,2007-01-01T00:00:00Z,1
http://www.wikidata.org/entity/Q334576,Stephen Ward,Republic of Ireland men's national association football team,,2011-01-01T00:00:00Z,2018-01-01T00:00:00Z,50
http://www.wikidata.org/entity/Q334576,Stephen Ward,Brighton & Hove Albion F.C.,Premier League,2013-01-01T00:00:00Z,2014-01-01T00:00:00Z,44
http://www.wikidata.org/entity/Q334576,Stephen Ward,Burnley F.C.,Premier League,2014-01-01T00:00:00Z,2019-06-01T00:00:00Z,101
http://www.wikidata.org/entity/Q334576,Stephen Ward,Stoke City F.C.,EFL Championship,2019-07-01T00:00:00Z,2020-08-01T00:00:00Z,15
http://www.wikidata.org/entity/Q334576,Stephen Ward,Ipswich Town F.C.,EFL Championship,2020-08-01T00:00:00Z,2021-06-01T00:00:00Z,30
http://www.wikidata.org/entity/Q334576,Stephen Ward,Walsall F.C.,EFL League Two,2021-07-01T00:00:00Z,2022-04-01T00:00:00Z,27
http://www.wikidata.org/entity/Q337617,Erik Lamela,Club Atlético River Plate,Argentine Primera División,2009-01-01T00:00:00Z,2011-01-01T00:00:00Z,36
http://www.wikidata.org/entity/Q337617,Erik Lamela,Club Atlético River Plate,Liga de Voleibol Argentina – Serie A1,2009-01-01T00:00:00Z,2011-01-01T00:00:00Z,36
http://www.wikidata.org/entity/Q337617,Erik Lamela,AS Roma,Serie A,2011-01-01T00:00:00Z,2013-01-01T00:00:00Z,62
http://www.wikidata.org/entity/Q337617,Erik Lamela,Argentina men's national association football team,,2011-01-01T00:00:00Z,2018-01-01T00:00:00Z,25
http://www.wikidata.org/entity/Q337617,Erik Lamela,Argentina national under-20 football team,,2011-01-01T00:00:00Z,2012-01-01T00:00:00Z,4
http://www.wikidata.org/entity/Q337617,Erik Lamela,Tottenham Hotspur F.C.,Premier League,2013-01-01T00:00:00Z,2021-01-01T00:00:00Z,177
http://www.wikidata.org/entity/Q337617,Erik Lamela,Sevilla FC,La Liga,2021-01-01T00:00:00Z,2024-01-01T00:00:00Z,65
http://www.wikidata.org/entity/Q337617,Erik Lamela,AEK Athens F.C.,Super League Greece,2024-07-01T00:00:00Z,2025-01-01T00:00:00Z,24
http://www.wikidata.org/entity/Q338794,Agustín Aranzábal,Real Sociedad B,LaLiga 2,1991-01-01T00:00:00Z,1994-01-01T00:00:00Z,90
http://www.wikidata.org/entity/Q338794,Agustín Aranzábal,Real Sociedad,La Liga,1992-01-01T00:00:00Z,2004-01-01T00:00:00Z,351
http://www.wikidata.org/entity/Q338794,Agustín Aranzábal,Spain national under-21 association football team,,1994-01-01T00:00:00Z,1996-01-01T00:00:00Z,9
http://www.wikidata.org/entity/Q338794,Agustín Aranzábal,Spain men's national football team,,1995-01-01T00:00:00Z,2003-01-01T00:00:00Z,28
http://www.wikidata.org/entity/Q338794,Agustín Aranzábal,Basque Country regional football team,,1995-01-01T00:00:00Z,2003-01-01T00:00:00Z,8
http://www.wikidata.org/entity/Q338794,Agustín Aranzábal,Spain national under-23 football team,,1996-01-01T00:00:00Z,1996-01-01T00:00:00Z,4
http://www.wikidata.org/entity/Q338794,Agustín Aranzábal,Real Zaragoza,LaLiga 2,2004-01-01T00:00:00Z,2007-01-01T00:00:00Z,39
http://www.wikidata.org/entity/Q338794,Agustín Aranzábal,CD Vera (Tenerife),,2007-01-01T00:00:00Z,2008-01-01T00:00:00Z,
http://www.wikidata.org/entity/Q338794,Agustín Aranzábal,Kitchee SC,Hong Kong Premier League,2010-01-01T00:00:00Z,2010-01-01T00:00:00Z,0
http://www.wikidata.org/entity/Q340077,David Unsworth,Everton F.C.,Premier League,1992-01-01T00:00:00Z,1997-01-01T00:00:00Z,116
http://www.wikidata.org/entity/Q340077,David Unsworth,England national under-21 association football team,,1994-01-01T00:00:00Z,1995-01-01T00:00:00Z,7
http://www.wikidata.org/entity/Q340077,David Unsworth,England men's national association football team,,1995-01-01T00:00:00Z,1995-01-01T00:00:00Z,1
http://www.wikidata.org/entity/Q340077,David Unsworth,West Ham United F.C.,Premier League,1997-01-01T00:00:00Z,1998-01-01T00:00:00Z,32
http://www.wikidata.org/entity/Q340077,David Unsworth,Everton F.C.,Premier League,1998-01-01T00:00:00Z,2004-01-01T00:00:00Z,188
http://www.wikidata.org/entity/Q340077,David Unsworth,Aston Villa F.C.,Premier League,1998-01-01T00:00:00Z,1998-01-01T00:00:00Z,0
http://www.wikidata.org/entity/Q340077,David Unsworth,Portsmouth F.C.,EFL Championship,2004-01-01T00:00:00Z,2005-01-01T00:00:00Z,15
http://www.wikidata.org/entity/Q340077,David Unsworth,Ipswich Town F.C.,EFL Championship,2005-01-01T00:00:00Z,2005-01-01T00:00:00Z,16
http://www.wikidata.org/entity/Q340077,David Unsworth,Sheffield United F.C.,EFL Championship,2005-01-01T00:00:00Z,2007-01-01T00:00:00Z,39
http://www.wikidata.org/entity/Q340077,David Unsworth,Wigan Athletic F.C.,EFL League One,2007-01-01T00:00:00Z,2007-01-01T00:00:00Z,10
http://www.wikidata.org/entity/Q340077,David Unsworth,Burnley F.C.,Premier League,2007-01-01T00:00:00Z,2008-01-01T00:00:00Z,29
http://www.wikidata.org/entity/Q340077,David Unsworth,Huddersfield Town A.F.C.,EFL League One,2008-01-01T00:00:00Z,2009-01-01T00:00:00Z,4
http://www.wikidata.org/entity/Q342219,Nacho Monreal,Spain national under-19 football team,,2004-01-01T00:00:00Z,2005-01-01T00:00:00Z,4
http://www.wikidata.org/entity/Q342219,Nacho Monreal,Osasuna B,Primera Federación,2005-01-01T00:00:00Z,2006-01-01T00:00:00Z,36
http://www.wikidata.org/entity/Q342219,Nacho Monreal,Club Atlético Osasuna,La Liga,2006-01-01T00:00:00Z,2011-01-01T00:00:00Z,127
http://www.wikidata.org/entity/Q342219,Nacho Monreal,Spain national under-21 association football team,,2007-01-01T00:00:00Z,2009-01-01T00:00:00Z,9
http://www.wikidata.org/entity/Q342219,Nacho Monreal,Spain men's national football team,,2009-01-01T00:00:00Z,2018-01-01T00:00:00Z,22
http://www.wikidata.org/entity/Q342219,Nacho Monreal,Málaga CF,LaLiga 2,2011-01-01T00:00:00Z,2012-01-01T00:00:00Z,45
http://www.wikidata.org/entity/Q342219,Nacho Monreal,Arsenal F.C.,Premier League,2013-01-01T00:00:00Z,2019-01-01T00:00:00Z,187
http://www.wikidata.org/entity/Q342219,Nacho Monreal,Real Sociedad,La Liga,2019-01-01T00:00:00Z,2022-01-01T00:00:00Z,55
http://www.wikidata.org/entity/Q342223,Sergi Barjuan,Spain national under-18 football team,,1990-01-01T00:00:00Z,1990-01-01T00:00:00Z,1
http://www.wikidata.org/entity/Q342223,Sergi Barjuan,FC Barcelona Atlètic,Primera Federación,1992-01-01T00:00:00Z,1993-01-01T00:00:00Z,42
http://www.wikidata.org/entity/Q342223,Sergi Barjuan,Futbol Club Barcelona,La Liga,1993-01-01T00:00:00Z,2002-01-01T00:00:00Z,267
http://www.wikidata.org/entity/Q342223,Sergi Barjuan,Spain national under-21 association football team,,1993-01-01T00:00:00Z,1994-01-01T00:00:00Z,5
http://www.wikidata.org/entity/Q342223,Sergi Barjuan,Spain men's national football team,,1994-01-01T00:00:00Z,2002-01-01T00:00:00Z,56
http://www.wikidata.org/entity/Q342223,Sergi Barjuan,Catalonia national football team,,1998-01-01T00:00:00Z,2004-01-01T00:00:00Z,4
http://www.wikidata.org/entity/Q342223,Sergi Barjuan,Atlético Madrid,La Liga,2002-01-01T00:00:00Z,2005-01-01T00:00:00Z,85
http://www.wikidata.org/entity/Q342308,Stephen Carr,Tottenham Hotspur F.C.,Premier League,1993-01-01T00:00:00Z,2004-01-01T00:00:00Z,226
http://www.wikidata.org/entity/Q342308,Stephen Carr,Republic of Ireland national under-21 football team,,1994-01-01T00:00:00Z,1997-01-01T00:00:00Z,12
http://www.wikidata.org/entity/Q342308,Stephen Carr,Republic of Ireland men's national association football team,,1999-01-01T00:00:00Z,2007-01-01T00:00:00Z,44
http://www.wikidata.org/entity/Q342308,Stephen Carr,Newcastle United F.C.,Premier League,2004-01-01T00:00:00Z,2008-01-01T00:00:00Z,78
http://www.wikidata.org/entity/Q342308,Stephen Carr,Birmingham City F.C.,EFL Championship,2009-01-01T00:00:00Z,2013-01-01T00:00:00Z,106
http://www.wikidata.org/entity/Q342484,Massimo brambella,Club Atlético Peñarol,Uruguayan Primera División,1990-01-01T00:00:00Z,1992-01-01T00:00:00Z,34
http://www.wikidata.org/entity/Q342484,Massimo brambella,Uruguay men's national football team,,1991-01-01T00:00:00Z,2005-01-01T00:00:00Z,61
http://www.wikidata.org/entity/Q342484,Massimo brambella,Uruguay national under-20 football team,,1991-01-01T00:00:00Z,1991-01-01T00:00:00Z,6
http://www.wikidata.org/entity/Q342484,Massimo brambella,Atalanta BC,Serie A,1992-01-01T00:00:00Z,1996-01-01T00:00:00Z,114
http://www.wikidata.org/entity/Q342484,Massimo brambella,Juventus FC,Serie A,1996-01-01T00:00:00Z,2005-01-01T00:00:00Z,186
http://www.wikidata.org/entity/Q342484,Massimo brambella,San Lorenzo de Almagro,Argentine Primera División,2005-01-01T00:00:00Z,2006-01-01T00:00:00Z,14
http://www.wikidata.org/entity/Q342484,Massimo brambella,San Lorenzo de Almagro,Metropolitano de Hockey (men),2005-01-01T00:00:00Z,2006-01-01T00:00:00Z,14
http://www.wikidata.org/entity/Q342484,Massimo brambella,Club Atlético Peñarol,Uruguayan Primera División,2006-01-01T00:00:00Z,2007-01-01T00:00:00Z,26
http://www.wikidata.org/entity/Q348407,Domenico Berardi,Cosenza Calcio,Serie B,,,
http://www.wikidata.org/entity/Q348407,Domenico Berardi,US Sassuolo Calcio,Serie A,2012-01-01T00:00:00Z,2013-01-01T00:00:00Z,37
http://www.wikidata.org/entity/Q348407,Domenico Berardi,Italy national under-19 football team,,2012-01-01T00:00:00Z,2013-01-01T00:00:00Z,3
http://www.wikidata.org/entity/Q348407,Domenico Berardi,Juventus FC,Serie A,2013-01-01T00:00:00Z,2015-01-01T00:00:00Z,0
http://www.wikidata.org/entity/Q348407,Domenico Berardi,US Sassuolo Calcio,Serie A,2013-01-01T00:00:00Z,2015-01-01T00:00:00Z,61
http://www.wikidata.org/entity/Q348407,Domenico Berardi,Italy national under-21 football team,,2014-01-01T00:00:00Z,2017-01-01T00:00:00Z,23
http://www.wikidata.org/entity/Q348407,Domenico Berardi,US Sassuolo Calcio,Serie A,2015-01-01T00:00:00Z,http://www.wikidata.org/.well-known/genid/1ec7436b595deeb6fda8996e7883723a,252
http://www.wikidata.org/entity/Q348407,Domenico Berardi,Italy men's national association football team,,2018-01-01T00:00:00Z,http://www.wikidata.org/.well-known/genid/c7fa06751b53274e3e47d6fd0b2f5b1f,27
http://www.wikidata.org/entity/Q348857,Gary Neville,Manchester United F.C.,Premier League,1992-01-01T00:00:00Z,2011-01-01T00:00:00Z,400
http://www.wikidata.org/entity/Q348857,Gary Neville,England national under-18 association football team,,1992-01-01T00:00:00Z,1993-01-01T00:00:00Z,8
http://www.wikidata.org/entity/Q348857,Gary Neville,England national under-16 association football team,,1992-01-01T00:00:00Z,1992-01-01T00:00:00Z,1
http://www.wikidata.org/entity/Q348857,Gary Neville,England men's national association football team,,1995-01-01T00:00:00Z,2007-01-01T00:00:00Z,85
http://www.wikidata.org/entity/Q3497229,Juan Redondo,Spain national under-16 association football team,,1992-01-01T00:00:00Z,1993-01-01T00:00:00Z,16
http://www.wikidata.org/entity/Q3497229,Juan Redondo,Spain national under-18 football team,,1993-01-01T00:00:00Z,1995-01-01T00:00:00Z,15
http://www.wikidata.org/entity/Q3497229,Juan Redondo,Real Betis B,Segunda División B,1994-01-01T00:00:00Z,1997-01-01T00:00:00Z,91
http://www.wikidata.org/entity/Q3497229,Juan Redondo,Spain national under-19 football team,,1995-01-01T00:00:00Z,1995-01-01T00:00:00Z,2
http://www.wikidata.org/entity/Q3497229,Juan Redondo,Real Betis Balompié,La Liga,1997-01-01T00:00:00Z,1997-01-01T00:00:00Z,2
http://www.wikidata.org/entity/Q3497229,Juan Redondo,Hércules CF,Primera Federación,1997-01-01T00:00:00Z,1998-01-01T00:00:00Z,34
http://www.wikidata.org/entity/Q3497229,Juan Redondo,Spain national under-20 football team,,1997-01-01T00:00:00Z,1997-01-01T00:00:00Z,6
http://www.wikidata.org/entity/Q3497229,Juan Redondo,CD Logroñés,Segunda División B,1998-01-01T00:00:00Z,1999-01-01T00:00:00Z,24
http://www.wikidata.org/entity/Q3497229,Juan Redondo,Elche CF,La Liga,1999-01-01T00:00:00Z,2002-01-01T00:00:00Z,107
http://www.wikidata.org/entity/Q3497229,Juan Redondo,Sevilla FC,La Liga,2002-01-01T00:00:00Z,2005-01-01T00:00:00Z,59
http://www.wikidata.org/entity/Q3497229,Juan Redondo,Hércules CF,Primera Federación,2005-01-01T00:00:00Z,2007-01-01T00:00:00Z,51
http://www.wikidata.org/entity/Q3497229,Juan Redondo,Xerez C.D.,Primera Federación,2007-01-01T00:00:00Z,2011-01-01T00:00:00Z,72
http://www.wikidata.org/entity/Q350270,Cata Díaz,Club Atlético Rosario Central,Argentine Primera División,1999-01-01T00:00:00Z,2003-01-01T00:00:00Z,118
http://www.wikidata.org/entity/Q350270,Cata Díaz,Argentina men's national association football team,,2003-01-01T00:00:00Z,2009-01-01T00:00:00Z,12
http://www.wikidata.org/entity/Q350270,Cata Díaz,Cruz Azul,CONCACAF Champions Cup,2003-01-01T00:00:00Z,2004-01-01T00:00:00Z,46
http://www.wikidata.org/entity/Q350270,Cata Díaz,Cruz Azul,Liga MX,2003-01-01T00:00:00Z,2004-01-01T00:00:00Z,46
http://www.wikidata.org/entity/Q350270,Cata Díaz,Cruz Azul,Copa MX,2003-01-01T00:00:00Z,2004-01-01T00:00:00Z,46
http://www.wikidata.org/entity/Q350270,Cata Díaz,Club Atlético Colón,Primera Nacional,2004-01-01T00:00:00Z,2005-01-01T00:00:00Z,36
http://www.wikidata.org/entity/Q350270,Cata Díaz,Boca Juniors,Argentine Primera División,2005-01-01T00:00:00Z,2007-01-01T00:00:00Z,91
http://www.wikidata.org/entity/Q350270,Cata Díaz,Boca Juniors,Liga Nacional de Básquet,2005-01-01T00:00:00Z,2007-01-01T00:00:00Z,91
http://www.wikidata.org/entity/Q350270,Cata Díaz,Boca Juniors,Liga de Voleibol Argentina – Serie A1,2005-01-01T00:00:00Z,2007-01-01T00:00:00Z,91
http://www.wikidata.org/entity/Q350270,Cata Díaz,Getafe CF,La Liga,2007-01-01T00:00:00Z,2012-01-01T00:00:00Z,199
http://www.wikidata.org/entity/Q350270,Cata Díaz,Atlético Madrid,La Liga,2012-01-01T00:00:00Z,2013-01-01T00:00:00Z,22
http://www.wikidata.org/entity/Q350270,Cata Díaz,Boca Juniors,Argentine Primera División,2013-01-01T00:00:00Z,,
http://www.wikidata.org/entity/Q350270,Cata Díaz,Boca Juniors,Liga Nacional de Básquet,2013-01-01T00:00:00Z,,
http://www.wikidata.org/entity/Q350270,Cata Díaz,Boca Juniors,Liga de Voleibol Argentina – Serie A1,2013-01-01T00:00:00Z,,
http://www.wikidata.org/entity/Q350271,Damiano Tommasi,Inter Milan,Serie A,,,
http://www.wikidata.org/entity/Q350271,Damiano Tommasi,Hellas Verona FC,Serie A,1993-01-01T00:00:00Z,1996-01-01T00:00:00Z,77
http://www.wikidata.org/entity/Q350271,Damiano Tommasi,Italy national under-21 football team,,1994-01-01T00:00:00Z,1996-01-01T00:00:00Z,4
http://www.wikidata.org/entity/Q350271,Damiano Tommasi,AS Roma,Serie A,1996-01-01T00:00:00Z,2006-01-01T00:00:00Z,262
http://www.wikidata.org/entity/Q350271,Damiano Tommasi,Italy men's national association football team,,1998-01-01T00:00:00Z,2003-01-01T00:00:00Z,25
http://www.wikidata.org/entity/Q350271,Damiano Tommasi,Levante UD,La Liga,2006-01-01T00:00:00Z,2008-01-01T00:00:00Z,44
http://www.wikidata.org/entity/Q350271,Damiano Tommasi,Queens Park Rangers F.C.,EFL Championship,2008-01-01T00:00:00Z,2008-01-01T00:00:00Z,7
http://www.wikidata.org/entity/Q350271,Damiano Tommasi,Tianjin Jinmen Tiger F.C.,Chinese Super League,2009-01-01T00:00:00Z,2009-01-01T00:00:00Z,29
http://www.wikidata.org/entity/Q350271,Damiano Tommasi,Tianjin Jinmen Tiger F.C.,Chinese Super League,2009-01-01T00:00:00Z,2010-01-01T00:00:00Z,49
http://www.wikidata.org/entity/Q350271,Damiano Tommasi,S.P. La Fiorita,Campionato Sammarinese di Calcio,2015-01-01T00:00:00Z,2015-01-01T00:00:00Z,1
http://www.wikidata.org/entity/Q350489,Cristiano Doni,U.C. Sampdoria,Serie B,,,
http://www.wikidata.org/entity/Q350489,Cristiano Doni,Modena F.C.,Serie B,1991-01-01T00:00:00Z,1992-01-01T00:00:00Z,0
http://www.wikidata.org/entity/Q350489,Cristiano Doni,Rimini FC,Serie C2,1992-01-01T00:00:00Z,1993-01-01T00:00:00Z,31
http://www.wikidata.org/entity/Q350489,Cristiano Doni,Pistoiese FC,Serie D,1993-01-01T00:00:00Z,1994-01-01T00:00:00Z,31
http://www.wikidata.org/entity/Q350489,Cristiano Doni,Bologna F.C. 1909,Serie A,1994-01-01T00:00:00Z,1996-01-01T00:00:00Z,54
http://www.wikidata.org/entity/Q350489,Cristiano Doni,Brescia Calcio,Serie B,1996-01-01T00:00:00Z,1998-01-01T00:00:00Z,51
http://www.wikidata.org/entity/Q350489,Cristiano Doni,Atalanta BC,Serie A,1998-01-01T00:00:00Z,2003-01-01T00:00:00Z,145
http://www.wikidata.org/entity/Q350489,Cristiano Doni,Italy men's national association football team,,2001-01-01T00:00:00Z,2002-01-01T00:00:00Z,7
http://www.wikidata.org/entity/Q350489,Cristiano Doni,U.C. Sampdoria,Serie B,2003-01-01T00:00:00Z,2005-01-01T00:00:00Z,44
http://www.wikidata.org/entity/Q350489,Cristiano Doni,RCD Mallorca,La Liga,2005-01-01T00:00:00Z,2006-01-01T00:00:00Z,24
http://www.wikidata.org/entity/Q350489,Cristiano Doni,Atalanta BC,Serie A,2006-01-01T00:00:00Z,2011-01-01T00:00:00Z,151
http://www.wikidata.org/entity/Q350684,Markel Susaeta,Athletic Club,La Liga,1997-01-01T00:00:00Z,2005-01-01T00:00:00Z,
http://www.wikidata.org/entity/Q350684,Markel Susaeta,CD Baskonia,Tercera Federación,2005-01-01T00:00:00Z,2006-01-01T00:00:00Z,36
http://www.wikidata.org/entity/Q350684,Markel Susaeta,Athletic Bilbao B,Primera Federación,2006-01-01T00:00:00Z,2008-01-01T00:00:00Z,41
http://www.wikidata.org/entity/Q350684,Markel Susaeta,Athletic Club,La Liga,2007-01-01T00:00:00Z,2019-01-01T00:00:00Z,507
http://www.wikidata.org/entity/Q350684,Markel Susaeta,Spain national under-21 association football team,,2007-01-01T00:00:00Z,2008-01-01T00:00:00Z,3
http://www.wikidata.org/entity/Q350684,Markel Susaeta,Basque Country regional football team,,2010-01-01T00:00:00Z,2016-01-01T00:00:00Z,7
http://www.wikidata.org/entity/Q350684,Markel Susaeta,Spain men's national football team,,2012-01-01T00:00:00Z,2012-01-01T00:00:00Z,1
http://www.wikidata.org/entity/Q350684,Markel Susaeta,Gamba Osaka,J1 League,2019-01-01T00:00:00Z,2019-01-01T00:00:00Z,7
http://www.wikidata.org/entity/Q350684,Markel Susaeta,Melbourne City FC,A-League Men,2020-01-01T00:00:00Z,2020-01-01T00:00:00Z,10
http://www.wikidata.org/entity/Q350684,Markel Susaeta,Macarthur FC,A-League Men,2020-01-01T00:00:00Z,2021-01-01T00:00:00Z,23
http://www.wikidata.org/entity/Q350851,Julen Guerrero,Athletic Club,La Liga,1982-01-01T00:00:00Z,1991-01-01T00:00:00Z,
http://www.wikidata.org/entity/Q350851,Julen Guerrero,Spain national under-16 association football team,,1989-01-01T00:00:00Z,1990-01-01T00:00:00Z,9
http://www.wikidata.org/entity/Q350851,Julen Guerrero,Spain national under-17 association football team,,1990-01-01T00:00:00Z,1991-01-01T00:00:00Z,8
http://www.wikidata.org/entity/Q350851,Julen Guerrero,Spain national under-18 football team,,1990-01-01T00:00:00Z,1991-01-01T00:00:00Z,14
http://www.wikidata.org/entity/Q350851,Julen Guerrero,Athletic Club,La Liga,1992-01-01T00:00:00Z,2006-01-01T00:00:00Z,372
http://www.wikidata.org/entity/Q350851,Julen Guerrero,Athletic Bilbao B,Primera Federación,1992-01-01T00:00:00Z,1992-01-01T00:00:00Z,12
http://www.wikidata.org/entity/Q350851,Julen Guerrero,Spain national under-21 association football team,,1992-01-01T00:00:00Z,1994-01-01T00:00:00Z,12
http://www.wikidata.org/entity/Q350851,Julen Guerrero,Spain men's national football team,,1993-01-01T00:00:00Z,2000-01-01T00:00:00Z,41
http://www.wikidata.org/entity/Q350851,Julen Guerrero,Basque Country regional football team,,1993-01-01T00:00:00Z,2006-01-01T00:00:00Z,11
http://www.wikidata.org/entity/Q350988,Simone Padoin,Italy national under-19 football team,,2002-01-01T00:00:00Z,2003-01-01T00:00:00Z,9
http://www.wikidata.org/entity/Q350988,Simone Padoin,Italy national under-20 football team,,2003-01-01T00:00:00Z,2004-01-01T00:00:00Z,6
http://www.wikidata.org/entity/Q350988,Simone Padoin,LR Vicenza,Serie C,2003-01-01T00:00:00Z,2007-01-01T00:00:00Z,126
http://www.wikidata.org/entity/Q350988,Simone Padoin,Italy national under-21 football team,,2006-01-01T00:00:00Z,2007-01-01T00:00:00Z,7
http://www.wikidata.org/entity/Q350988,Simone Padoin,Atalanta BC,Serie A,2007-01-01T00:00:00Z,2012-01-01T00:00:00Z,156
http://www.wikidata.org/entity/Q350988,Simone Padoin,Juventus FC,Serie A,2012-01-01T00:00:00Z,2016-01-01T00:00:00Z,84
http://www.wikidata.org/entity/Q350988,Simone Padoin,Cagliari Calcio,Serie A,2016-01-01T00:00:00Z,2019-01-01T00:00:00Z,98
http://www.wikidata.org/entity/Q350988,Simone Padoin,Ascoli Calcio 1898 FC,Serie C,2019-01-01T00:00:00Z,2020-01-01T00:00:00Z,32
http://www.wikidata.org/entity/Q3529022,Timo Werner,VfB Stuttgart,Bundesliga,2013-01-01T00:00:00Z,2016-01-01T00:00:00Z,95
http://www.wikidata.org/entity/Q3529022,Timo Werner,VfB Stuttgart II,3. Liga,2014-01-01T00:00:00Z,2014-01-01T00:00:00Z,1
http://www.wikidata.org/entity/Q3529022,Timo Werner,RB Leipzig,Bundesliga,2016-01-01T00:00:00Z,2020-01-01T00:00:00Z,127
http://www.wikidata.org/entity/Q3529022,Timo Werner,Germany men's national association football team,,2017-01-01T00:00:00Z,,57
http://www.wikidata.org/entity/Q3529022,Timo Werner,Chelsea F.C.,Premier League,2020-01-01T00:00:00Z,2022-01-01T00:00:00Z,56
http://www.wikidata.org/entity/Q3529022,Timo Werner,RB Leipzig,Bundesliga,2022-08-09T00:00:00Z,,35
http://www.wikidata.org/entity/Q3529022,Timo Werner,Tottenham Hotspur F.C.,Premier League,2024-01-09T00:00:00Z,2025-06-30T00:00:00Z,31
http://www.wikidata.org/entity/Q3531728,David López Silva,RCD Espanyol B,Segunda División B,2008-01-01T00:00:00Z,2011-01-01T00:00:00Z,54
http://www.wikidata.org/entity/Q3531728,David López Silva,Terrassa FC,Tercera División,2009-01-01T00:00:00Z,2010-01-01T00:00:00Z,30
http://www.wikidata.org/entity/Q3531728,David López Silva,RCD Espanyol de Barcelona,La Liga,2010-01-01T00:00:00Z,2014-01-01T00:00:00Z,37
http://www.wikidata.org/entity/Q3531728,David López Silva,CD Leganés,LaLiga 2,2011-01-01T00:00:00Z,2012-01-01T00:00:00Z,30
http://www.wikidata.org/entity/Q3531728,David López Silva,Sociedad Deportiva Huesca,LaLiga 2,2012-01-01T00:00:00Z,2013-01-01T00:00:00Z,38
http://www.wikidata.org/entity/Q3531728,David López Silva,Catalonia national football team,,2013-01-01T00:00:00Z,,
http://www.wikidata.org/entity/Q3531728,David López Silva,SSC Napoli,Serie A,2014-01-01T00:00:00Z,2016-01-01T00:00:00Z,57
http://www.wikidata.org/entity/Q3531728,David López Silva,RCD Espanyol de Barcelona,La Liga,2016-01-01T00:00:00Z,2022-01-01T00:00:00Z,181
http://www.wikidata.org/entity/Q3531728,David López Silva,Girona FC,La Liga,2022-01-01T00:00:00Z,,65
http://www.wikidata.org/entity/Q353181,Miroslav Karhan,FC Spartak Trnava,Slovak First Football League,1993-01-01T00:00:00Z,1999-01-01T00:00:00Z,152
http://www.wikidata.org/entity/Q353181,Miroslav Karhan,Slovakia men's national football team,,1995-01-01T00:00:00Z,2011-01-01T00:00:00Z,107
http://www.wikidata.org/entity/Q353181,Miroslav Karhan,Real Betis Balompié,La Liga,1999-01-01T00:00:00Z,2000-01-01T00:00:00Z,33
http://www.wikidata.org/entity/Q353181,Miroslav Karhan,Beşiktaş J.K.,Süper Lig,2000-01-01T00:00:00Z,2001-01-01T00:00:00Z,26
http://www.wikidata.org/entity/Q353181,Miroslav Karhan,VfL Wolfsburg,Bundesliga,2001-01-01T00:00:00Z,2007-01-01T00:00:00Z,173
http://www.wikidata.org/entity/Q353181,Miroslav Karhan,1. FSV Mainz 05,Bundesliga,2007-01-01T00:00:00Z,2011-01-01T00:00:00Z,109
http://www.wikidata.org/entity/Q353181,Miroslav Karhan,FC Spartak Trnava,Slovak First Football League,2011-01-01T00:00:00Z,2013-01-01T00:00:00Z,64
http://www.wikidata.org/entity/Q353520,Lee Bowyer,Charlton Athletic F.C.,EFL Championship,1994-01-01T00:00:00Z,1996-01-01T00:00:00Z,46
http://www.wikidata.org/entity/Q353520,Lee Bowyer,England national under-18 association football team,,1994-01-01T00:00:00Z,1995-01-01T00:00:00Z,6
http://www.wikidata.org/entity/Q353520,Lee Bowyer,England national under-21 association football team,,1995-01-01T00:00:00Z,2000-01-01T00:00:00Z,13
http://www.wikidata.org/entity/Q353520,Lee Bowyer,Leeds United F.C.,Premier League,1996-01-01T00:00:00Z,2003-01-01T00:00:00Z,203
http://www.wikidata.org/entity/Q353520,Lee Bowyer,England men's national association football team,,2002-01-01T00:00:00Z,2002-01-01T00:00:00Z,1
http://www.wikidata.org/entity/Q353520,Lee Bowyer,Newcastle United F.C.,Premier League,2003-01-01T00:00:00Z,2006-01-01T00:00:00Z,79
http://www.wikidata.org/entity/Q353520,Lee Bowyer,West Ham United F.C.,Premier League,2003-01-01T00:00:00Z,2003-01-01T00:00:00Z,10
http://www.wikidata.org/entity/Q353520,Lee Bowyer,West Ham United F.C.,Premier League,2006-01-01T00:00:00Z,2009-01-01T00:00:00Z,41
http://www.wikidata.org/entity/Q353520,Lee Bowyer,Birmingham City F.C.,EFL Championship,2009-01-01T00:00:00Z,2009-05-01T00:00:00Z,17
http://www.wikidata.org/entity/Q353520,Lee Bowyer,Birmingham City F.C.,EFL Championship,2009-07-01T00:00:00Z,2011-01-01T00:00:00Z,64
http://www.wikidata.org/entity/Q353520,Lee Bowyer,Ipswich Town F.C.,EFL Championship,2011-01-01T00:00:00Z,2012-01-01T00:00:00Z,29
http://www.wikidata.org/entity/Q357984,Kevin De Bruyne,K.R.C. Genk,Belgian Pro League,2008-01-01T00:00:00Z,2012-01-01T00:00:00Z,97
http://www.wikidata.org/entity/Q357984,Kevin De Bruyne,Belgium national under-18 football team,,2008-01-01T00:00:00Z,2009-01-01T00:00:00Z,7
http://www.wikidata.org/entity/Q357984,Kevin De Bruyne,Belgium national under-19 football team,,2009-01-01T00:00:00Z,2009-01-01T00:00:00Z,10
http://www.wikidata.org/entity/Q357984,Kevin De Bruyne,Belgium men's national football team,,2010-01-01T00:00:00Z,,115
http://www.wikidata.org/entity/Q357984,Kevin De Bruyne,Belgium national under-21 football team,,2011-01-01T00:00:00Z,2011-01-01T00:00:00Z,2
http://www.wikidata.org/entity/Q357984,Kevin De Bruyne,Chelsea F.C.,Premier League,2012-01-01T00:00:00Z,2014-01-01T00:00:00Z,3
http://www.wikidata.org/entity/Q357984,Kevin De Bruyne,SV Werder Bremen,Bundesliga,2012-01-01T00:00:00Z,2013-01-01T00:00:00Z,33
http://www.wikidata.org/entity/Q357984,Kevin De Bruyne,VfL Wolfsburg,Bundesliga,2014-01-01T00:00:00Z,2015-01-01T00:00:00Z,52
http://www.wikidata.org/entity/Q357984,Kevin De Bruyne,Manchester City F.C.,Premier League,2015-01-01T00:00:00Z,2025-01-01T00:00:00Z,285
http://www.wikidata.org/entity/Q357984,Kevin De Bruyne,SSC Napoli,Serie A,2025-01-01T00:00:00Z,,8
http://www.wikidata.org/entity/Q358407,Xabi Prieto,Real Sociedad B,LaLiga 2,2002-01-01T00:00:00Z,2004-01-01T00:00:00Z,48
http://www.wikidata.org/entity/Q358407,Xabi Prieto,Real Sociedad,La Liga,2003-01-01T00:00:00Z,2018-01-01T00:00:00Z,479
http://www.wikidata.org/entity/Q358407,Xabi Prieto,Basque Country regional football team,,2004-01-01T00:00:00Z,2016-01-01T00:00:00Z,14
http://www.wikidata.org/entity/Q358407,Xabi Prieto,Spain national under-21 association football team,,2004-01-01T00:00:00Z,2005-01-01T00:00:00Z,5
http://www.wikidata.org/entity/Q358684,Carlos Gurpegui,CD River Ega,Tercera División,,1996-01-01T00:00:00Z,
http://www.wikidata.org/entity/Q358684,Carlos Gurpegui,CD Izarra,Segunda División B,1996-01-01T00:00:00Z,1998-01-01T00:00:00Z,
http://www.wikidata.org/entity/Q358684,Carlos Gurpegui,Athletic Club,La Liga,1998-01-01T00:00:00Z,1999-01-01T00:00:00Z,
http://www.wikidata.org/entity/Q358684,Carlos Gurpegui,CD Izarra,Segunda División B,1998-01-01T00:00:00Z,1998-01-01T00:00:00Z,1
http://www.wikidata.org/entity/Q358684,Carlos Gurpegui,CD Baskonia,Tercera Federación,1999-01-01T00:00:00Z,2000-01-01T00:00:00Z,33
http://www.wikidata.org/entity/Q358684,Carlos Gurpegui,Athletic Bilbao B,Primera Federación,2000-01-01T00:00:00Z,2002-01-01T00:00:00Z,56
http://www.wikidata.org/entity/Q358684,Carlos Gurpegui,Athletic Club,La Liga,2002-01-01T00:00:00Z,2016-01-01T00:00:00Z,393
http://www.wikidata.org/entity/Q358684,Carlos Gurpegui,Basque Country regional football team,,2003-01-01T00:00:00Z,2016-01-01T00:00:00Z,6
http://www.wikidata.org/entity/Q358688,Gabriel Fernández Arena,Atlético Madrid B,Segunda División B,2002-01-01T00:00:00Z,2004-01-01T00:00:00Z,46
http://www.wikidata.org/entity/Q358688,Gabriel Fernández Arena,Spain national under-20 football team,,2003-01-01T00:00:00Z,2003-01-01T00:00:00Z,7
http://www.wikidata.org/entity/Q358688,Gabriel Fernández Arena,Atlético Madrid,La Liga,2004-01-01T00:00:00Z,2007-01-01T00:00:00Z,58
http://www.wikidata.org/entity/Q358688,Gabriel Fernández Arena,Getafe CF,La Liga,2004-01-01T00:00:00Z,2005-01-01T00:00:00Z,32
http://www.wikidata.org/entity/Q358688,Gabriel Fernández Arena,Spain national under-21 association football team,,2004-01-01T00:00:00Z,2005-01-01T00:00:00Z,12
http://www.wikidata.org/entity/Q358688,Gabriel Fernández Arena,Real Zaragoza,LaLiga 2,2007-01-01T00:00:00Z,2011-01-01T00:00:00Z,135
http://www.wikidata.org/entity/Q358688,Gabriel Fernández Arena,Atlético Madrid,La Liga,2011-01-01T00:00:00Z,2018-01-01T00:00:00Z,239
http://www.wikidata.org/entity/Q358688,Gabriel Fernández Arena,Al Sadd Sports Club,Qatar Stars League,2018-01-01T00:00:00Z,2020-01-01T00:00:00Z,35
http://www.wikidata.org/entity/Q358793,Ian Harte,Republic of Ireland men's national association football team,,1996-01-01T00:00:00Z,2007-01-01T00:00:00Z,63
http://www.wikidata.org/entity/Q358793,Ian Harte,Leeds United F.C.,Premier League,1996-01-01T00:00:00Z,2004-01-01T00:00:00Z,213
http://www.wikidata.org/entity/Q358793,Ian Harte,Levante UD,La Liga,2004-01-01T00:00:00Z,2007-01-01T00:00:00Z,66
http://www.wikidata.org/entity/Q358793,Ian Harte,Sunderland A.F.C.,Premier League,2007-01-01T00:00:00Z,2008-01-01T00:00:00Z,8
http://www.wikidata.org/entity/Q358793,Ian Harte,Blackpool F.C.,EFL League One,2008-01-01T00:00:00Z,2009-01-01T00:00:00Z,4
http://www.wikidata.org/entity/Q358793,Ian Harte,Carlisle United F.C.,National League,2009-01-01T00:00:00Z,2010-01-01T00:00:00Z,52
http://www.wikidata.org/entity/Q358793,Ian Harte,Reading F.C.,EFL League One,2010-01-01T00:00:00Z,2013-01-01T00:00:00Z,88
http://www.wikidata.org/entity/Q358793,Ian Harte,AFC Bournemouth,Premier League,2013-01-01T00:00:00Z,2015-01-01T00:00:00Z,28
http://www.wikidata.org/entity/Q360056,Jurica Vranješ,Croatia national under-17 football team,,1995-01-01T00:00:00Z,1996-01-01T00:00:00Z,6
http://www.wikidata.org/entity/Q360056,Jurica Vranješ,NK Osijek,Croatian Football League,1997-01-01T00:00:00Z,2000-01-01T00:00:00Z,54
http://www.wikidata.org/entity/Q360056,Jurica Vranješ,Croatia national under-19 football team,,1997-01-01T00:00:00Z,1999-01-01T00:00:00Z,12
http://www.wikidata.org/entity/Q360056,Jurica Vranješ,Croatia national under-20 football team,,1998-01-01T00:00:00Z,1999-01-01T00:00:00Z,2
http://www.wikidata.org/entity/Q360056,Jurica Vranješ,Croatia men's national football team,,1999-01-01T00:00:00Z,2007-01-01T00:00:00Z,26
http://www.wikidata.org/entity/Q360056,Jurica Vranješ,Croatia national under-21 football team,,1999-01-01T00:00:00Z,2001-01-01T00:00:00Z,18
http://www.wikidata.org/entity/Q360056,Jurica Vranješ,Bayer 04 Leverkusen,Bundesliga,2000-01-01T00:00:00Z,2003-01-01T00:00:00Z,46
http://www.wikidata.org/entity/Q360056,Jurica Vranješ,VfB Stuttgart,Bundesliga,2003-01-01T00:00:00Z,2005-01-01T00:00:00Z,39
http://www.wikidata.org/entity/Q360056,Jurica Vranješ,SV Werder Bremen,Bundesliga,2005-01-01T00:00:00Z,2011-01-01T00:00:00Z,90
http://www.wikidata.org/entity/Q360056,Jurica Vranješ,Gençlerbirliği S.K.,Süper Lig,2009-01-01T00:00:00Z,2010-01-01T00:00:00Z,13
http://www.wikidata.org/entity/Q360056,Jurica Vranješ,Gençlerbirliği S.K.,Süper Lig,2010-01-01T00:00:00Z,2010-01-01T00:00:00Z,13
http://www.wikidata.org/entity/Q360056,Jurica Vranješ,Aris Thessaloniki F.C.,Super League Greece,2011-01-01T00:00:00Z,2012-01-01T00:00:00Z,2
http://www.wikidata.org/entity/Q360056,Jurica Vranješ,Aris Thessaloniki F.C.,Super League Greece,2011-01-01T00:00:00Z,2012-01-01T00:00:00Z,
http://www.wikidata.org/entity/Q360056,Jurica Vranješ,HNK Rijeka,Croatian Football League,2012-01-01T00:00:00Z,2012-01-01T00:00:00Z,6
http://www.wikidata.org/entity/Q360177,Ismael Urzaiz,CD Tudelano,Primera División RFEF 2021-22,,1985-01-01T00:00:00Z,
http://www.wikidata.org/entity/Q360177,Ismael Urzaiz,Real Madrid Club de Fútbol,La Liga,1985-01-01T00:00:00Z,1989-01-01T00:00:00Z,
http://www.wikidata.org/entity/Q360177,Ismael Urzaiz,Spain national under-16 association football team,,1987-01-01T00:00:00Z,1988-01-01T00:00:00Z,11
http://www.wikidata.org/entity/Q360177,Ismael Urzaiz,Spain national under-17 association football team,,1988-01-01T00:00:00Z,1988-01-01T00:00:00Z,1
http://www.wikidata.org/entity/Q360177,Ismael Urzaiz,Spain national under-19 football team,,1988-01-01T00:00:00Z,1991-01-01T00:00:00Z,9
http://www.wikidata.org/entity/Q360177,Ismael Urzaiz,Spain national under-18 football team,,1988-01-01T00:00:00Z,1990-01-01T00:00:00Z,7
http://www.wikidata.org/entity/Q360177,Ismael Urzaiz,Real Madrid Castilla,Primera Federación,1989-01-01T00:00:00Z,1993-01-01T00:00:00Z,47
http://www.wikidata.org/entity/Q360177,Ismael Urzaiz,Spain national under-20 football team,,1989-01-01T00:00:00Z,1991-01-01T00:00:00Z,5
http://www.wikidata.org/entity/Q360177,Ismael Urzaiz,Real Madrid Club de Fútbol,La Liga,1990-01-01T00:00:00Z,1993-01-01T00:00:00Z,0
http://www.wikidata.org/entity/Q360177,Ismael Urzaiz,Spain national under-21 association football team,,1990-01-01T00:00:00Z,1992-01-01T00:00:00Z,6
http://www.wikidata.org/entity/Q360177,Ismael Urzaiz,Albacete Balompié,LaLiga 2,1991-01-01T00:00:00Z,1992-01-01T00:00:00Z,11
http://www.wikidata.org/entity/Q360177,Ismael Urzaiz,Spain national under-23 football team,,1991-01-01T00:00:00Z,1992-01-01T00:00:00Z,2
http://www.wikidata.org/entity/Q360177,Ismael Urzaiz,RC Celta de Vigo,La Liga,1993-01-01T00:00:00Z,1993-01-01T00:00:00Z,6
http://www.wikidata.org/entity/Q360177,Ismael Urzaiz,Rayo Vallecano,La Liga,1993-01-01T00:00:00Z,1994-01-01T00:00:00Z,20
http://www.wikidata.org/entity/Q360177,Ismael Urzaiz,UD Salamanca,Segunda División B,1994-01-01T00:00:00Z,1995-01-01T00:00:00Z,21
http://www.wikidata.org/entity/Q360177,Ismael Urzaiz,RCD Espanyol de Barcelona,La Liga,1995-01-01T00:00:00Z,1996-01-01T00:00:00Z,41
http://www.wikidata.org/entity/Q360177,Ismael Urzaiz,Athletic Club,La Liga,1996-01-01T00:00:00Z,2007-01-01T00:00:00Z,367
http://www.wikidata.org/entity/Q360177,Ismael Urzaiz,Spain men's national football team,,1996-01-01T00:00:00Z,2001-01-01T00:00:00Z,25
http://www.wikidata.org/entity/Q360177,Ismael Urzaiz,Basque Country regional football team,,1997-01-01T00:00:00Z,2005-01-01T00:00:00Z,7
http://www.wikidata.org/entity/Q360177,Ismael Urzaiz,AFC Ajax,Eredivisie,2007-01-01T00:00:00Z,2008-01-01T00:00:00Z,3
http://www.wikidata.org/entity/Q362608,Luis Fernández Gutiérrez,Gimnástica de Torrelavega,Segunda División B,1992-01-01T00:00:00Z,1993-01-01T00:00:00Z,0
http://www.wikidata.org/entity/Q362608,Luis Fernández Gutiérrez,Racing de Santander,LaLiga 2,1993-01-01T00:00:00Z,1996-01-01T00:00:00Z,53
http://www.wikidata.org/entity/Q362608,Luis Fernández Gutiérrez,Real Betis Balompié,La Liga,1996-01-01T00:00:00Z,2006-01-01T00:00:00Z,228
http://www.wikidata.org/entity/Q362608,Luis Fernández Gutiérrez,Racing de Santander,LaLiga 2,2006-01-01T00:00:00Z,2009-01-01T00:00:00Z,36
http://www.wikidata.org/entity/Q363608,Darren Anderton,Portsmouth F.C.,EFL Championship,1990-01-01T00:00:00Z,1992-01-01T00:00:00Z,62
http://www.wikidata.org/entity/Q363608,Darren Anderton,Tottenham Hotspur F.C.,Premier League,1992-01-01T00:00:00Z,2004-01-01T00:00:00Z,299
http://www.wikidata.org/entity/Q363608,Darren Anderton,England national under-21 association football team,,1992-01-01T00:00:00Z,1993-01-01T00:00:00Z,12
http://www.wikidata.org/entity/Q363608,Darren Anderton,England men's national association football team,,1994-01-01T00:00:00Z,2001-01-01T00:00:00Z,30
http://www.wikidata.org/entity/Q363608,Darren Anderton,England national association football B team,,1998-01-01T00:00:00Z,1998-01-01T00:00:00Z,1
http://www.wikidata.org/entity/Q363608,Darren Anderton,Birmingham City F.C.,EFL Championship,2004-01-01T00:00:00Z,2005-01-01T00:00:00Z,20
http://www.wikidata.org/entity/Q363608,Darren Anderton,Wolverhampton Wanderers F.C.,Premier League,2005-01-01T00:00:00Z,2006-01-01T00:00:00Z,24
http://www.wikidata.org/entity/Q363608,Darren Anderton,AFC Bournemouth,Premier League,2006-01-01T00:00:00Z,2008-01-01T00:00:00Z,66
http://www.wikidata.org/entity/Q3659664,Carlo Nervo,Bassano Virtus 55 S.T.,Serie C1,1988-01-01T00:00:00Z,1989-01-01T00:00:00Z,31
http://www.wikidata.org/entity/Q3659664,Carlo Nervo,AC Monza,Serie B,1989-01-01T00:00:00Z,1990-01-01T00:00:00Z,0
http://www.wikidata.org/entity/Q3659664,Carlo Nervo,Bassano Virtus 55 S.T.,Serie C1,1990-01-01T00:00:00Z,1991-01-01T00:00:00Z,29
http://www.wikidata.org/entity/Q3659664,Carlo Nervo,Associazione Sportiva Cittadella,Serie B,1991-01-01T00:00:00Z,1992-01-01T00:00:00Z,31
http://www.wikidata.org/entity/Q3659664,Carlo Nervo,Mantova 1911,Serie B,1992-01-01T00:00:00Z,1994-01-01T00:00:00Z,62
http://www.wikidata.org/entity/Q3659664,Carlo Nervo,Bologna F.C. 1909,Serie A,1994-01-01T00:00:00Z,2005-01-01T00:00:00Z,311
http://www.wikidata.org/entity/Q3659664,Carlo Nervo,Italy men's national association football team,,2002-01-01T00:00:00Z,2004-01-01T00:00:00Z,6
http://www.wikidata.org/entity/Q3659664,Carlo Nervo,Unione Sportiva Catanzaro,Serie B,2005-01-01T00:00:00Z,2006-01-01T00:00:00Z,18
http://www.wikidata.org/entity/Q3659664,Carlo Nervo,Bologna F.C. 1909,Serie A,2006-01-01T00:00:00Z,2007-01-01T00:00:00Z,26
http://www.wikidata.org/entity/Q369764,Ander Iturraspe,Athletic Club,La Liga,1999-01-01T00:00:00Z,2007-01-01T00:00:00Z,
http://www.wikidata.org/entity/Q369764,Ander Iturraspe,CD Baskonia,Tercera Federación,2007-01-01T00:00:00Z,2008-01-01T00:00:00Z,30
http://www.wikidata.org/entity/Q369764,Ander Iturraspe,Athletic Club,La Liga,2008-01-01T00:00:00Z,2019-01-01T00:00:00Z,320
http://www.wikidata.org/entity/Q369764,Ander Iturraspe,Athletic Bilbao B,Primera Federación,2008-01-01T00:00:00Z,2010-01-01T00:00:00Z,40
http://www.wikidata.org/entity/Q369764,Ander Iturraspe,Basque Country regional football team,,2011-01-01T00:00:00Z,2016-01-01T00:00:00Z,6
http://www.wikidata.org/entity/Q369764,Ander Iturraspe,Spain national under-23 football team,,2012-01-01T00:00:00Z,2012-01-01T00:00:00Z,1
http://www.wikidata.org/entity/Q369764,Ander Iturraspe,Spain men's national football team,,2014-01-01T00:00:00Z,2014-01-01T00:00:00Z,2
http://www.wikidata.org/entity/Q369764,Ander Iturraspe,RCD Espanyol de Barcelona,La Liga,2019-01-01T00:00:00Z,2020-01-01T00:00:00Z,18
http://www.wikidata.org/entity/Q370395,Bruno Soriano,Villarreal CF B,Segunda División B,2004-01-01T00:00:00Z,2007-01-01T00:00:00Z,57
http://www.wikidata.org/entity/Q370395,Bruno Soriano,Villarreal CF,La Liga,2006-01-01T00:00:00Z,2020-07-01T00:00:00Z,324
http://www.wikidata.org/entity/Q370395,Bruno Soriano,Spain men's national football team,,2010-01-01T00:00:00Z,2016-01-01T00:00:00Z,10
http://www.wikidata.org/entity/Q370403,Mario Suárez,Atlético Madrid Juvenil,,1999-01-01T00:00:00Z,2004-07-01T00:00:00Z,
http://www.wikidata.org/entity/Q370403,Mario Suárez,Spain national under-16 association football team,,2002-01-01T00:00:00Z,2003-01-01T00:00:00Z,8
http://www.wikidata.org/entity/Q370403,Mario Suárez,Spain national under-17 association football team,,2004-01-01T00:00:00Z,2005-01-01T00:00:00Z,11
http://www.wikidata.org/entity/Q370403,Mario Suárez,Atlético Madrid B,Segunda División B,2004-07-01T00:00:00Z,2006-04-30T00:00:00Z,38
http://www.wikidata.org/entity/Q370403,Mario Suárez,Spain national under-19 football team,,2005-01-01T00:00:00Z,2006-01-01T00:00:00Z,10
http://www.wikidata.org/entity/Q370403,Mario Suárez,Atlético Madrid,La Liga,2005-11-06T00:00:00Z,2008-07-03T00:00:00Z,6
http://www.wikidata.org/entity/Q370403,Mario Suárez,Real Valladolid,LaLiga 2,2006-08-29T00:00:00Z,2007-06-30T00:00:00Z,30
http://www.wikidata.org/entity/Q370403,Mario Suárez,Spain national under-21 association football team,,2007-01-01T00:00:00Z,2009-01-01T00:00:00Z,5
http://www.wikidata.org/entity/Q370403,Mario Suárez,Spain national under-20 football team,,2007-01-01T00:00:00Z,2007-01-01T00:00:00Z,4
http://www.wikidata.org/entity/Q370403,Mario Suárez,RC Celta de Vigo,La Liga,2007-08-21T00:00:00Z,2008-06-30T00:00:00Z,27
http://www.wikidata.org/entity/Q370403,Mario Suárez,RCD Mallorca,La Liga,2008-07-03T00:00:00Z,2010-06-30T00:00:00Z,70
http://www.wikidata.org/entity/Q370403,Mario Suárez,Atlético Madrid,La Liga,2010-07-01T00:00:00Z,2015-07-22T00:00:00Z,180
http://www.wikidata.org/entity/Q370403,Mario Suárez,Spain men's national football team,,2013-01-01T00:00:00Z,2015-01-01T00:00:00Z,
http://www.wikidata.org/entity/Q370403,Mario Suárez,ACF Fiorentina,Serie A,2015-07-22T00:00:00Z,2016-01-30T00:00:00Z,13
http://www.wikidata.org/entity/Q370403,Mario Suárez,Watford F.C.,EFL Championship,2016-01-30T00:00:00Z,2017-07-11T00:00:00Z,17
http://www.wikidata.org/entity/Q370403,Mario Suárez,Valencia CF,La Liga,2016-08-16T00:00:00Z,2017-06-30T00:00:00Z,24
http://www.wikidata.org/entity/Q370403,Mario Suárez,Guizhou F.C.,China League One,2017-07-11T00:00:00Z,2019-01-31T00:00:00Z,30
http://www.wikidata.org/entity/Q370403,Mario Suárez,Rayo Vallecano,La Liga,2019-01-31T00:00:00Z,2023-01-01T00:00:00Z,108
http://www.wikidata.org/entity/Q372879,Juanfran,Levante UD,La Liga,1994-01-01T00:00:00Z,1997-01-01T00:00:00Z,47
http://www.wikidata.org/entity/Q372879,Juanfran,Valencia CF,La Liga,1997-01-01T00:00:00Z,1999-01-01T00:00:00Z,41
http://www.wikidata.org/entity/Q372879,Juanfran,Spain national under-21 association football team,,1998-01-01T00:00:00Z,1998-01-01T00:00:00Z,1
http://www.wikidata.org/entity/Q372879,Juanfran,RC Celta de Vigo,La Liga,1999-01-01T00:00:00Z,2004-01-01T00:00:00Z,126
http://www.wikidata.org/entity/Q372879,Juanfran,Spain men's national football team,,2000-01-01T00:00:00Z,2003-01-01T00:00:00Z,11
http://www.wikidata.org/entity/Q372879,Juanfran,Beşiktaş J.K.,Süper Lig,2004-01-01T00:00:00Z,2006-01-01T00:00:00Z,13
http://www.wikidata.org/entity/Q372879,Juanfran,AFC Ajax,Eredivisie,2005-01-01T00:00:00Z,2006-01-01T00:00:00Z,16
http://www.wikidata.org/entity/Q372879,Juanfran,Real Zaragoza,LaLiga 2,2006-01-01T00:00:00Z,2008-01-01T00:00:00Z,62
http://www.wikidata.org/entity/Q372879,Juanfran,AEK Athens F.C.,Super League Greece,2008-01-01T00:00:00Z,2010-01-01T00:00:00Z,26
http://www.wikidata.org/entity/Q372879,Juanfran,Levante UD,La Liga,2010-01-01T00:00:00Z,2016-01-01T00:00:00Z,170
http://www.wikidata.org/entity/Q3752322,José Antonio Pikabea,Real Sociedad B,LaLiga 2,1988-01-01T00:00:00Z,1992-01-01T00:00:00Z,95
http://www.wikidata.org/entity/Q3752322,José Antonio Pikabea,Real Sociedad,La Liga,1992-01-01T00:00:00Z,2003-01-01T00:00:00Z,313
http://www.wikidata.org/entity/Q3752322,José Antonio Pikabea,Basque Country regional football team,,1993-01-01T00:00:00Z,1999-01-01T00:00:00Z,7
http://www.wikidata.org/entity/Q3758314,Gareth Taylor,Bristol Rovers F.C.,EFL League Two,1991-01-01T00:00:00Z,1995-01-01T00:00:00Z,47
http://www.wikidata.org/entity/Q3758314,Gareth Taylor,Weymouth F.C.,Southern Football League,1992-01-01T00:00:00Z,1992-01-01T00:00:00Z,5
http://www.wikidata.org/entity/Q3758314,Gareth Taylor,Gloucester City A.F.C.,National League North,1992-01-01T00:00:00Z,1992-01-01T00:00:00Z,2
http://www.wikidata.org/entity/Q3758314,Gareth Taylor,Crystal Palace F.C.,Premier League,1995-01-01T00:00:00Z,1996-01-01T00:00:00Z,20
http://www.wikidata.org/entity/Q3758314,Gareth Taylor,Wales men's national association football team,,1995-01-01T00:00:00Z,2004-01-01T00:00:00Z,15
http://www.wikidata.org/entity/Q3758314,Gareth Taylor,Sheffield United F.C.,EFL Championship,1996-01-01T00:00:00Z,1998-01-01T00:00:00Z,87
http://www.wikidata.org/entity/Q3758314,Gareth Taylor,Manchester City F.C.,Premier League,1998-01-01T00:00:00Z,2001-01-01T00:00:00Z,48
http://www.wikidata.org/entity/Q3758314,Gareth Taylor,Queens Park Rangers F.C.,EFL Championship,2000-01-01T00:00:00Z,2000-01-01T00:00:00Z,6
http://www.wikidata.org/entity/Q3758314,Gareth Taylor,Port Vale F.C.,EFL League One,2000-01-01T00:00:00Z,2000-01-01T00:00:00Z,4
http://www.wikidata.org/entity/Q3758314,Gareth Taylor,Burnley F.C.,Premier League,2001-01-01T00:00:00Z,2001-01-01T00:00:00Z,15
http://www.wikidata.org/entity/Q3758314,Gareth Taylor,Burnley F.C.,Premier League,2001-01-01T00:00:00Z,2003-01-01T00:00:00Z,80
http://www.wikidata.org/entity/Q3758314,Gareth Taylor,Nottingham Forest F.C.,Premier League,2003-01-01T00:00:00Z,2006-01-01T00:00:00Z,90
http://www.wikidata.org/entity/Q3758314,Gareth Taylor,Crewe Alexandra F.C.,EFL League Two,2006-01-01T00:00:00Z,2006-01-01T00:00:00Z,15
http://www.wikidata.org/entity/Q3758314,Gareth Taylor,Tranmere Rovers F.C.,EFL League Two,2006-01-01T00:00:00Z,2008-01-01T00:00:00Z,60
http://www.wikidata.org/entity/Q3758314,Gareth Taylor,Doncaster Rovers F.C.,EFL League One,2008-01-01T00:00:00Z,2009-01-01T00:00:00Z,31
http://www.wikidata.org/entity/Q3758314,Gareth Taylor,Wrexham A.F.C.,EFL Championship,2009-01-01T00:00:00Z,2011-01-01T00:00:00Z,60
http://www.wikidata.org/entity/Q3758314,Gareth Taylor,Carlisle United F.C.,National League,2009-01-01T00:00:00Z,2009-01-01T00:00:00Z,5
http://www.wikidata.org/entity/Q377746,Ray Parlour,Arsenal F.C.,Premier League,1992-01-01T00:00:00Z,2004-01-01T00:00:00Z,339
http://www.wikidata.org/entity/Q377746,Ray Parlour,England national under-21 association football team,,1992-01-01T00:00:00Z,1994-01-01T00:00:00Z,12
http://www.wikidata.org/entity/Q377746,Ray Parlour,England national association football B team,,1998-01-01T00:00:00Z,1998-01-01T00:00:00Z,1
http://www.wikidata.org/entity/Q377746,Ray Parlour,England men's national association football team,,1999-01-01T00:00:00Z,2000-01-01T00:00:00Z,10
http://www.wikidata.org/entity/Q377746,Ray Parlour,Middlesbrough F.C.,EFL Championship,2004-01-01T00:00:00Z,2007-01-01T00:00:00Z,46
http://www.wikidata.org/entity/Q377746,Ray Parlour,Hull City A.F.C.,EFL Championship,2007-01-01T00:00:00Z,2007-01-01T00:00:00Z,15
http://www.wikidata.org/entity/Q377746,Ray Parlour,Wembley F.C.,Spartan South Midlands Football League,2012-01-01T00:00:00Z,2012-01-01T00:00:00Z,
http://www.wikidata.org/entity/Q378005,Nolberto Solano,Club Sporting Cristal,Peruvian Primera División,1993-01-01T00:00:00Z,1993-01-01T00:00:00Z,11
http://www.wikidata.org/entity/Q378005,Nolberto Solano,Club Deportivo Municipal,Copa Perú,1993-01-01T00:00:00Z,1993-01-01T00:00:00Z,27
http://www.wikidata.org/entity/Q378005,Nolberto Solano,Club Deportivo Municipal,Copa Perú,1993-01-01T00:00:00Z,1994-01-01T00:00:00Z,
http://www.wikidata.org/entity/Q378005,Nolberto Solano,Peru men's national football team,,1994-01-01T00:00:00Z,2009-01-01T00:00:00Z,95
http://www.wikidata.org/entity/Q378005,Nolberto Solano,Club Sporting Cristal,Peruvian Primera División,1994-01-01T00:00:00Z,1997-01-01T00:00:00Z,97
http://www.wikidata.org/entity/Q378005,Nolberto Solano,Boca Juniors,Argentine Primera División,1997-01-01T00:00:00Z,1998-01-01T00:00:00Z,32
http://www.wikidata.org/entity/Q378005,Nolberto Solano,Boca Juniors,Liga Nacional de Básquet,1997-01-01T00:00:00Z,1998-01-01T00:00:00Z,32
http://www.wikidata.org/entity/Q378005,Nolberto Solano,Boca Juniors,Liga de Voleibol Argentina – Serie A1,1997-01-01T00:00:00Z,1998-01-01T00:00:00Z,32
http://www.wikidata.org/entity/Q378005,Nolberto Solano,Newcastle United F.C.,Premier League,1998-01-01T00:00:00Z,2004-01-01T00:00:00Z,182
http://www.wikidata.org/entity/Q378005,Nolberto Solano,Aston Villa F.C.,Premier League,2004-01-01T00:00:00Z,2005-01-01T00:00:00Z,49
http://www.wikidata.org/entity/Q378005,Nolberto Solano,Newcastle United F.C.,Premier League,2005-01-01T00:00:00Z,2007-01-01T00:00:00Z,58
http://www.wikidata.org/entity/Q378005,Nolberto Solano,West Ham United F.C.,Premier League,2007-01-01T00:00:00Z,2008-01-01T00:00:00Z,23
http://www.wikidata.org/entity/Q378005,Nolberto Solano,Athlitiki Enosi Larissa F.C.,Super League Greece,2008-01-01T00:00:00Z,2008-01-01T00:00:00Z,17
http://www.wikidata.org/entity/Q378005,Nolberto Solano,Club Universitario de Deportes,Peruvian Primera División,2009-01-01T00:00:00Z,2009-01-01T00:00:00Z,32
http://www.wikidata.org/entity/Q378005,Nolberto Solano,Hull City A.F.C.,EFL Championship,2010-01-01T00:00:00Z,2011-01-01T00:00:00Z,11
http://www.wikidata.org/entity/Q378005,Nolberto Solano,Leicester City F.C.,EFL Championship,2010-01-01T00:00:00Z,2010-01-01T00:00:00Z,13
http://www.wikidata.org/entity/Q378005,Nolberto Solano,Hartlepool United F.C.,EFL League Two,2011-01-01T00:00:00Z,2012-01-01T00:00:00Z,14
http://www.wikidata.org/entity/Q3780217,Oli,Real Oviedo Vetusta,Primera Federación,1990-01-01T00:00:00Z,1994-01-01T00:00:00Z,64
http://www.wikidata.org/entity/Q3780217,Oli,Real Oviedo,La Liga,1993-01-01T00:00:00Z,1997-01-01T00:00:00Z,111
http://www.wikidata.org/entity/Q3780217,Oli,Real Betis Balompié,La Liga,1997-01-01T00:00:00Z,2000-01-01T00:00:00Z,92
http://www.wikidata.org/entity/Q3780217,Oli,Spain men's national football team,,1997-01-01T00:00:00Z,1997-01-01T00:00:00Z,2
http://www.wikidata.org/entity/Q3780217,Oli,Real Oviedo,La Liga,2000-01-01T00:00:00Z,2003-01-01T00:00:00Z,105
http://www.wikidata.org/entity/Q3780217,Oli,Cádiz Club de Fútbol,LaLiga 2,2003-01-01T00:00:00Z,2006-01-01T00:00:00Z,106
http://www.wikidata.org/entity/Q3780249,César Palacios,Club Atlético Osasuna,La Liga,1987-01-01T00:00:00Z,1993-01-01T00:00:00Z,
http://www.wikidata.org/entity/Q3780249,César Palacios,Spain national under-17 association football team,,1991-01-01T00:00:00Z,1991-01-01T00:00:00Z,6
http://www.wikidata.org/entity/Q3780249,César Palacios,Spain national under-18 football team,,1991-01-01T00:00:00Z,1993-01-01T00:00:00Z,19
http://www.wikidata.org/entity/Q3780249,César Palacios,Spain national under-16 association football team,,1991-01-01T00:00:00Z,1991-01-01T00:00:00Z,6
http://www.wikidata.org/entity/Q3780249,César Palacios,Spain national under-19 football team,,1992-01-01T00:00:00Z,1992-01-01T00:00:00Z,5
http://www.wikidata.org/entity/Q3780249,César Palacios,Osasuna B,Primera Federación,1993-01-01T00:00:00Z,1994-01-01T00:00:00Z,43
http://www.wikidata.org/entity/Q3780249,César Palacios,Club Atlético Osasuna,La Liga,1994-01-01T00:00:00Z,2004-01-01T00:00:00Z,312
http://www.wikidata.org/entity/Q3780249,César Palacios,Club Deportivo Numancia de Soria,Primera Federación,2004-01-01T00:00:00Z,2010-01-01T00:00:00Z,205
http://www.wikidata.org/entity/Q3810078,Jorginho,Hellas Verona FC,Serie A,2010-01-01T00:00:00Z,2014-01-01T00:00:00Z,89
http://www.wikidata.org/entity/Q3810078,Jorginho,A.C. Sambonifacese,Serie D,2010-01-01T00:00:00Z,2011-01-01T00:00:00Z,31
http://www.wikidata.org/entity/Q3810078,Jorginho,SSC Napoli,Serie A,2014-01-18T00:00:00Z,2018-07-14T00:00:00Z,133
http://www.wikidata.org/entity/Q3810078,Jorginho,Italy men's national association football team,,2016-01-01T00:00:00Z,,57
http://www.wikidata.org/entity/Q3810078,Jorginho,Chelsea F.C.,Premier League,2018-07-14T00:00:00Z,2023-01-31T00:00:00Z,143
http://www.wikidata.org/entity/Q3810078,Jorginho,Arsenal F.C.,Premier League,2023-02-01T00:00:00Z,2025-06-01T00:00:00Z,53
http://www.wikidata.org/entity/Q3810078,Jorginho,Clube de Regatas do Flamengo,Campeonato Brasileiro Série A,2025-06-01T00:00:00Z,,16
http://www.wikidata.org/entity/Q381909,Giuseppe Vives,Associazione Sportiva Dilettantistica Stasia Calcio,,1997-01-01T00:00:00Z,2000-01-01T00:00:00Z,56
http://www.wikidata.org/entity/Q381909,Giuseppe Vives,S.S. Juve Stabia,Serie B,2000-01-01T00:00:00Z,2001-01-01T00:00:00Z,28
http://www.wikidata.org/entity/Q381909,Giuseppe Vives,SSC Ancona,Serie C,2001-01-01T00:00:00Z,2003-01-01T00:00:00Z,0
http://www.wikidata.org/entity/Q381909,Giuseppe Vives,Taranto Sport,Serie D,2002-01-01T00:00:00Z,2003-01-01T00:00:00Z,1
http://www.wikidata.org/entity/Q381909,Giuseppe Vives,A.S.D. Nardò Calcio,Serie D,2002-01-01T00:00:00Z,2002-01-01T00:00:00Z,6
http://www.wikidata.org/entity/Q381909,Giuseppe Vives,Taranto Sport,Serie D,2003-01-01T00:00:00Z,2003-01-01T00:00:00Z,1
http://www.wikidata.org/entity/Q381909,Giuseppe Vives,S.S.C. Giugliano,Serie D,2003-01-01T00:00:00Z,2006-01-01T00:00:00Z,100
http://www.wikidata.org/entity/Q381909,Giuseppe Vives,US Lecce,Serie A,2006-01-01T00:00:00Z,2011-01-01T00:00:00Z,158
http://www.wikidata.org/entity/Q381909,Giuseppe Vives,Torino FC,Serie A,2011-01-01T00:00:00Z,2017-01-01T00:00:00Z,151
http://www.wikidata.org/entity/Q381909,Giuseppe Vives,F.C. Pro Vercelli 1892,Serie C,2017-01-01T00:00:00Z,,
http://www.wikidata.org/entity/Q382074,José Mari,Sevilla FC,La Liga,1995-01-01T00:00:00Z,1997-01-01T00:00:00Z,28
http://www.wikidata.org/entity/Q382074,José Mari,Sevilla Atlético,Segunda División B,1996-01-01T00:00:00Z,1997-01-01T00:00:00Z,25
http://www.wikidata.org/entity/Q382074,José Mari,Spain national under-18 football team,,1996-01-01T00:00:00Z,1997-01-01T00:00:00Z,7
http://www.wikidata.org/entity/Q382074,José Mari,Atlético Madrid,La Liga,1997-01-01T00:00:00Z,1999-01-01T00:00:00Z,84
http://www.wikidata.org/entity/Q382074,José Mari,Sevilla FC,La Liga,1997-01-01T00:00:00Z,1997-01-01T00:00:00Z,21
http://www.wikidata.org/entity/Q382074,José Mari,Spain national under-21 association football team,,1998-01-01T00:00:00Z,2000-01-01T00:00:00Z,12
http://www.wikidata.org/entity/Q382074,José Mari,AC Milan,Serie A,2000-01-01T00:00:00Z,2003-01-01T00:00:00Z,52
http://www.wikidata.org/entity/Q382074,José Mari,Spain national under-23 football team,,2000-01-01T00:00:00Z,2000-01-01T00:00:00Z,5
http://www.wikidata.org/entity/Q382074,José Mari,Spain men's national football team,,2001-01-01T00:00:00Z,2003-01-01T00:00:00Z,4
http://www.wikidata.org/entity/Q382074,José Mari,Atlético Madrid,La Liga,2002-01-01T00:00:00Z,2003-01-01T00:00:00Z,31
http://www.wikidata.org/entity/Q382074,José Mari,Villarreal CF,La Liga,2003-01-01T00:00:00Z,2007-01-01T00:00:00Z,113
http://www.wikidata.org/entity/Q382074,José Mari,Real Betis Balompié,La Liga,2007-01-01T00:00:00Z,2008-01-01T00:00:00Z,21
http://www.wikidata.org/entity/Q382074,José Mari,Gimnàstic de Tarragona,Primera Federación,2009-01-01T00:00:00Z,2010-01-01T00:00:00Z,49
http://www.wikidata.org/entity/Q382074,José Mari,Xerez C.D.,Primera Federación,2010-01-01T00:00:00Z,2013-01-01T00:00:00Z,80
http://www.wikidata.org/entity/Q382193,Alessio Tacchinardi,Atalanta BC,Serie A,1992-01-01T00:00:00Z,1994-01-01T00:00:00Z,8
http://www.wikidata.org/entity/Q382193,Alessio Tacchinardi,Italy national under-18 football team,,1992-01-01T00:00:00Z,1993-01-01T00:00:00Z,9
http://www.wikidata.org/entity/Q382193,Alessio Tacchinardi,Juventus FC,Serie A,1994-01-01T00:00:00Z,2007-01-01T00:00:00Z,261
http://www.wikidata.org/entity/Q382193,Alessio Tacchinardi,Italy national under-21 football team,,1994-01-01T00:00:00Z,1997-01-01T00:00:00Z,12
http://www.wikidata.org/entity/Q382193,Alessio Tacchinardi,Italy men's national association football team,,1995-01-01T00:00:00Z,2003-01-01T00:00:00Z,13
http://www.wikidata.org/entity/Q382193,Alessio Tacchinardi,Villarreal CF,La Liga,2005-01-01T00:00:00Z,2007-01-01T00:00:00Z,45
http://www.wikidata.org/entity/Q382193,Alessio Tacchinardi,Brescia Calcio,Serie B,2007-01-01T00:00:00Z,2008-01-01T00:00:00Z,34
http://www.wikidata.org/entity/Q3852031,Matt Ritchie,Portsmouth F.C.,EFL Championship,2008-01-01T00:00:00Z,2011-01-01T00:00:00Z,7
http://www.wikidata.org/entity/Q3852031,Matt Ritchie,Dagenham & Redbridge F.C.,National League,2008-01-01T00:00:00Z,2009-01-01T00:00:00Z,37
http://www.wikidata.org/entity/Q3852031,Matt Ritchie,Notts County F.C.,EFL League Two,2009-01-01T00:00:00Z,2010-01-01T00:00:00Z,16
http://www.wikidata.org/entity/Q3852031,Matt Ritchie,Swindon Town F.C.,EFL League Two,2010-01-01T00:00:00Z,2011-01-01T00:00:00Z,16
http://www.wikidata.org/entity/Q3852031,Matt Ritchie,Swindon Town F.C.,EFL League Two,2011-01-01T00:00:00Z,2013-01-01T00:00:00Z,91
http://www.wikidata.org/entity/Q3852031,Matt Ritchie,AFC Bournemouth,Premier League,2013-01-01T00:00:00Z,2016-01-01T00:00:00Z,130
http://www.wikidata.org/entity/Q3852031,Matt Ritchie,Scotland men's national football team,,2015-01-01T00:00:00Z,,
http://www.wikidata.org/entity/Q3852031,Matt Ritchie,Newcastle United F.C.,Premier League,2016-01-01T00:00:00Z,2024-01-01T00:00:00Z,187
http://www.wikidata.org/entity/Q3852237,Matteo Villa,AC Milan,Serie A,1988-01-01T00:00:00Z,1989-01-01T00:00:00Z,
http://www.wikidata.org/entity/Q3852237,Matteo Villa,Trento Calcio 1921,Serie D,1989-01-01T00:00:00Z,1990-01-01T00:00:00Z,14
http://www.wikidata.org/entity/Q3852237,Matteo Villa,A.C. Reggiana 1919,Serie B,1990-01-01T00:00:00Z,1991-01-01T00:00:00Z,37
http://www.wikidata.org/entity/Q3852237,Matteo Villa,Cagliari Calcio,Serie A,1991-01-01T00:00:00Z,2001-01-01T00:00:00Z,264
http://www.wikidata.org/entity/Q3852237,Matteo Villa,Italy national under-21 football team,,1992-01-01T00:00:00Z,1992-01-01T00:00:00Z,1
http://www.wikidata.org/entity/Q3852237,Matteo Villa,SSC Napoli,Serie A,2001-01-01T00:00:00Z,2003-01-01T00:00:00Z,30
http://www.wikidata.org/entity/Q3852237,Matteo Villa,Genoa CFC,Serie A,2003-01-01T00:00:00Z,2004-01-01T00:00:00Z,34
http://www.wikidata.org/entity/Q3852237,Matteo Villa,Pro Sesto 1913,Serie D,2004-01-01T00:00:00Z,2005-01-01T00:00:00Z,25
http://www.wikidata.org/entity/Q3855340,Aymeric Laporte,SU Agen Football,Championnat National 3,2000-01-01T00:00:00Z,2009-01-01T00:00:00Z,
http://www.wikidata.org/entity/Q3855340,Aymeric Laporte,Aviron Bayonnais FC,Championnat National 3,2009-01-01T00:00:00Z,2010-01-01T00:00:00Z,
http://www.wikidata.org/entity/Q3855340,Aymeric Laporte,Athletic Club,La Liga,2010-01-01T00:00:00Z,2011-01-01T00:00:00Z,
http://www.wikidata.org/entity/Q3855340,Aymeric Laporte,CD Baskonia,Tercera Federación,2011-01-01T00:00:00Z,2012-01-01T00:00:00Z,33
http://www.wikidata.org/entity/Q3855340,Aymeric Laporte,France national under-18 association football team,,2011-01-01T00:00:00Z,2012-01-01T00:00:00Z,9
http://www.wikidata.org/entity/Q3855340,Aymeric Laporte,France national under-17 association football team,,2011-01-01T00:00:00Z,2011-01-01T00:00:00Z,11
http://www.wikidata.org/entity/Q3855340,Aymeric Laporte,Athletic Club,La Liga,2012-01-01T00:00:00Z,2018-01-01T00:00:00Z,222
http://www.wikidata.org/entity/Q3855340,Aymeric Laporte,Athletic Bilbao B,Primera Federación,2012-01-01T00:00:00Z,2012-01-01T00:00:00Z,8
http://www.wikidata.org/entity/Q3855340,Aymeric Laporte,France national under-19 association football team,,2012-01-01T00:00:00Z,2013-01-01T00:00:00Z,12
http://www.wikidata.org/entity/Q3855340,Aymeric Laporte,France national under-21 association football team,,2013-01-01T00:00:00Z,2016-01-01T00:00:00Z,19
http://www.wikidata.org/entity/Q3855340,Aymeric Laporte,Manchester City F.C.,Premier League,2018-01-01T00:00:00Z,2023-01-01T00:00:00Z,181
http://www.wikidata.org/entity/Q3855340,Aymeric Laporte,Spain men's national football team,,2021-01-01T00:00:00Z,,43
http://www.wikidata.org/entity/Q3855340,Aymeric Laporte,Al-Nassr,Saudi Pro League,2023-01-01T00:00:00Z,2025-01-01T00:00:00Z,69
http://www.wikidata.org/entity/Q3855340,Aymeric Laporte,Athletic Club,La Liga,2025-09-01T00:00:00Z,,9
http://www.wikidata.org/entity/Q393319,Gaetano D'Agostino,Palermo F.C.,Serie B,,,
http://www.wikidata.org/entity/Q393319,Gaetano D'Agostino,Italy national under-18 football team,,1999-01-01T00:00:00Z,2001-01-01T00:00:00Z,10
http://www.wikidata.org/entity/Q393319,Gaetano D'Agostino,AS Roma,Serie A,2000-01-01T00:00:00Z,2001-01-01T00:00:00Z,1
http://www.wikidata.org/entity/Q393319,Gaetano D'Agostino,SSC Bari,Serie B,2001-01-01T00:00:00Z,2003-01-01T00:00:00Z,63
http://www.wikidata.org/entity/Q393319,Gaetano D'Agostino,Italy national under-21 football team,,2002-01-01T00:00:00Z,2004-01-01T00:00:00Z,17
http://www.wikidata.org/entity/Q393319,Gaetano D'Agostino,AS Roma,Serie A,2003-01-01T00:00:00Z,2005-01-01T00:00:00Z,22
http://www.wikidata.org/entity/Q393319,Gaetano D'Agostino,A.C.R. Messina,Q3712074,2005-01-01T00:00:00Z,2006-01-01T00:00:00Z,42
http://www.wikidata.org/entity/Q393319,Gaetano D'Agostino,Udinese Calcio,Serie A,2006-01-01T00:00:00Z,2010-01-01T00:00:00Z,114
http://www.wikidata.org/entity/Q393319,Gaetano D'Agostino,Italy men's national association football team,,2009-01-01T00:00:00Z,2009-01-01T00:00:00Z,5
http://www.wikidata.org/entity/Q393319,Gaetano D'Agostino,ACF Fiorentina,Serie A,2010-01-01T00:00:00Z,2011-01-01T00:00:00Z,20
http://www.wikidata.org/entity/Q393319,Gaetano D'Agostino,Siena FC,Serie C,2011-01-01T00:00:00Z,2014-01-01T00:00:00Z,40
http://www.wikidata.org/entity/Q393319,Gaetano D'Agostino,Delfino Pescara 1936,Serie B,2013-01-01T00:00:00Z,2013-01-01T00:00:00Z,7
http://www.wikidata.org/entity/Q393319,Gaetano D'Agostino,Fidelis Andria 2018,Serie C1,2014-01-01T00:00:00Z,2014-01-01T00:00:00Z,9
http://www.wikidata.org/entity/Q393319,Gaetano D'Agostino,Benevento Calcio,Serie B,2014-01-01T00:00:00Z,2015-01-01T00:00:00Z,17
http://www.wikidata.org/entity/Q393319,Gaetano D'Agostino,Benevento Calcio,Serie C,2014-01-01T00:00:00Z,2015-01-01T00:00:00Z,17
http://www.wikidata.org/entity/Q393319,Gaetano D'Agostino,Lupa Roma F.C.,Italian Hockey League - Division I,2015-01-01T00:00:00Z,,
http://www.wikidata.org/entity/Q3934523,Riccardo Maspero,Varese Calcio,,1985-01-01T00:00:00Z,1987-01-01T00:00:00Z,39
http://www.wikidata.org/entity/Q3934523,Riccardo Maspero,U.S. Cremonese,Serie A,1988-01-01T00:00:00Z,1994-01-01T00:00:00Z,157
http://www.wikidata.org/entity/Q3934523,Riccardo Maspero,Italy national under-21 football team,,1989-01-01T00:00:00Z,1990-01-01T00:00:00Z,2
http://www.wikidata.org/entity/Q3934523,Riccardo Maspero,U.C. Sampdoria,Serie B,1994-01-01T00:00:00Z,1995-01-01T00:00:00Z,21
http://www.wikidata.org/entity/Q3934523,Riccardo Maspero,U.S. Cremonese,Serie A,1995-01-01T00:00:00Z,1997-01-01T00:00:00Z,70
http://www.wikidata.org/entity/Q3934523,Riccardo Maspero,Vicenza Calcio,Serie C,1997-01-01T00:00:00Z,1998-01-01T00:00:00Z,7
http://www.wikidata.org/entity/Q3934523,Riccardo Maspero,US Lecce,Serie A,1997-01-01T00:00:00Z,1997-01-01T00:00:00Z,6
http://www.wikidata.org/entity/Q3934523,Riccardo Maspero,A.C. Perugia Calcio,Serie C,1998-01-01T00:00:00Z,1999-01-01T00:00:00Z,10
http://www.wikidata.org/entity/Q3934523,Riccardo Maspero,US Lecce,Serie A,1999-01-01T00:00:00Z,2000-01-01T00:00:00Z,1
http://www.wikidata.org/entity/Q3934523,Riccardo Maspero,A.C. Reggiana 1919,Serie B,1999-01-01T00:00:00Z,1999-01-01T00:00:00Z,14
http://www.wikidata.org/entity/Q3934523,Riccardo Maspero,Torino FC,Serie A,2000-01-01T00:00:00Z,2003-01-01T00:00:00Z,62
http://www.wikidata.org/entity/Q3934523,Riccardo Maspero,ACF Fiorentina,Serie A,2003-01-01T00:00:00Z,2004-01-01T00:00:00Z,26
http://www.wikidata.org/entity/Q3934523,Riccardo Maspero,A.C. Fanfulla 1874,Serie D,2005-01-01T00:00:00Z,2007-01-01T00:00:00Z,74
http://www.wikidata.org/entity/Q410856,Aitor Larrazábal,Athletic Club,La Liga,1982-01-01T00:00:00Z,1989-01-01T00:00:00Z,
http://www.wikidata.org/entity/Q410856,Aitor Larrazábal,Athletic Bilbao B,Primera Federación,1989-01-01T00:00:00Z,1991-01-01T00:00:00Z,43
http://www.wikidata.org/entity/Q410856,Aitor Larrazábal,Athletic Club,La Liga,1990-01-01T00:00:00Z,2004-01-01T00:00:00Z,445
http://www.wikidata.org/entity/Q410856,Aitor Larrazábal,Spain national under-21 association football team,,1990-01-01T00:00:00Z,1991-01-01T00:00:00Z,4
http://www.wikidata.org/entity/Q410856,Aitor Larrazábal,Spain national under-20 football team,,1990-01-01T00:00:00Z,1990-01-01T00:00:00Z,1
http://www.wikidata.org/entity/Q410856,Aitor Larrazábal,Spain national under-23 football team,,1991-01-01T00:00:00Z,1991-01-01T00:00:00Z,3
http://www.wikidata.org/entity/Q410856,Aitor Larrazábal,Basque Country regional football team,,1997-01-01T00:00:00Z,1997-01-01T00:00:00Z,1
http://www.wikidata.org/entity/Q410881,Aitor López Rekarte,Spain national under-16 association football team,,1991-01-01T00:00:00Z,1991-01-01T00:00:00Z,7
http://www.wikidata.org/entity/Q410881,Aitor López Rekarte,Spain national under-17 association football team,,1993-01-01T00:00:00Z,1993-01-01T00:00:00Z,3
http://www.wikidata.org/entity/Q410881,Aitor López Rekarte,Real Sociedad B,LaLiga 2,1994-01-01T00:00:00Z,1997-01-01T00:00:00Z,98
http://www.wikidata.org/entity/Q410881,Aitor López Rekarte,Spain national under-18 football team,,1994-01-01T00:00:00Z,1994-01-01T00:00:00Z,6
http://www.wikidata.org/entity/Q410881,Aitor López Rekarte,Real Sociedad,La Liga,1997-01-01T00:00:00Z,2007-01-01T00:00:00Z,338
http://www.wikidata.org/entity/Q410881,Aitor López Rekarte,Spain national under-21 association football team,,1997-01-01T00:00:00Z,1998-01-01T00:00:00Z,6
http://www.wikidata.org/entity/Q410881,Aitor López Rekarte,Spain national under-23 football team,,1997-01-01T00:00:00Z,1997-01-01T00:00:00Z,3
http://www.wikidata.org/entity/Q410881,Aitor López Rekarte,Basque Country regional football team,,2000-01-01T00:00:00Z,2007-01-01T00:00:00Z,9
http://www.wikidata.org/entity/Q410881,Aitor López Rekarte,Spain men's national football team,,2004-01-01T00:00:00Z,2004-01-01T00:00:00Z,1
http://www.wikidata.org/entity/Q410881,Aitor López Rekarte,Unión Deportiva Almería,LaLiga 2,2007-01-01T00:00:00Z,2008-01-01T00:00:00Z,12
http://www.wikidata.org/entity/Q410881,Aitor López Rekarte,SD Eibar,LaLiga 2,2009-01-01T00:00:00Z,2009-01-01T00:00:00Z,11
http://www.wikidata.org/entity/Q410881,Aitor López Rekarte,Mondragón CF,,2011-01-01T00:00:00Z,2013-01-01T00:00:00Z,
http://www.wikidata.org/entity/Q4118260,Yuri Berchiche,Antiguoko,,2000-01-01T00:00:00Z,2004-01-01T00:00:00Z,
http://www.wikidata.org/entity/Q4118260,Yuri Berchiche,Real Sociedad,La Liga,2004-01-01T00:00:00Z,2005-01-01T00:00:00Z,
http://www.wikidata.org/entity/Q4118260,Yuri Berchiche,Athletic Club,La Liga,2005-01-01T00:00:00Z,2007-01-01T00:00:00Z,
http://www.wikidata.org/entity/Q4118260,Yuri Berchiche,Spain national under-17 association football team,,2006-01-01T00:00:00Z,2006-01-01T00:00:00Z,6
http://www.wikidata.org/entity/Q4118260,Yuri Berchiche,Tottenham Hotspur F.C.,Premier League,2007-01-01T00:00:00Z,2010-01-01T00:00:00Z,0
http://www.wikidata.org/entity/Q4118260,Yuri Berchiche,Cheltenham Town F.C.,EFL League Two,2008-01-01T00:00:00Z,2009-01-01T00:00:00Z,7
http://www.wikidata.org/entity/Q4118260,Yuri Berchiche,Real Valladolid,LaLiga 2,2009-01-01T00:00:00Z,2010-01-01T00:00:00Z,3
http://www.wikidata.org/entity/Q4118260,Yuri Berchiche,Real Valladolid B,Tercera División,2009-01-01T00:00:00Z,2010-01-01T00:00:00Z,25
http://www.wikidata.org/entity/Q4118260,Yuri Berchiche,Real Unión,Primera Federación,2010-01-01T00:00:00Z,2012-01-01T00:00:00Z,46
http://www.wikidata.org/entity/Q4118260,Yuri Berchiche,SD Eibar,LaLiga 2,2012-01-01T00:00:00Z,2014-01-01T00:00:00Z,71
http://www.wikidata.org/entity/Q4118260,Yuri Berchiche,Real Sociedad,La Liga,2014-01-01T00:00:00Z,2017-01-01T00:00:00Z,88
http://www.wikidata.org/entity/Q4118260,Yuri Berchiche,Basque Country regional football team,,2014-01-01T00:00:00Z,,6
http://www.wikidata.org/entity/Q4118260,Yuri Berchiche,Paris Saint-Germain FC,Ligue 1,2017-01-01T00:00:00Z,2018-01-01T00:00:00Z,32
http://www.wikidata.org/entity/Q4118260,Yuri Berchiche,Athletic Club,La Liga,2018-01-01T00:00:00Z,,239
http://www.wikidata.org/entity/Q426510,Soumaila Coulibaly,Mali men's national football team,,1995-01-01T00:00:00Z,2009-01-01T00:00:00Z,83
http://www.wikidata.org/entity/Q426510,Soumaila Coulibaly,Djoliba AC,Malian Première Division,1995-01-01T00:00:00Z,1997-01-01T00:00:00Z,16
http://www.wikidata.org/entity/Q426510,Soumaila Coulibaly,Zamalek SC,Egyptian Premier League,1997-01-01T00:00:00Z,2000-01-01T00:00:00Z,32
http://www.wikidata.org/entity/Q426510,Soumaila Coulibaly,SC Freiburg,Bundesliga,2000-01-01T00:00:00Z,2007-01-01T00:00:00Z,210
http://www.wikidata.org/entity/Q426510,Soumaila Coulibaly,Borussia Mönchengladbach,Bundesliga,2007-01-01T00:00:00Z,2009-01-01T00:00:00Z,30
http://www.wikidata.org/entity/Q426510,Soumaila Coulibaly,FSV Frankfurt,Fußball-Regionalliga Südwest,2009-01-01T00:00:00Z,2010-01-01T00:00:00Z,9
http://www.wikidata.org/entity/Q426510,Soumaila Coulibaly,Yanbian Funde F.C.,China League One,2011-01-01T00:00:00Z,2012-01-01T00:00:00Z,31
http://www.wikidata.org/entity/Q429039,Roberto Carlos,FC Anzhi Makhachkala,Russian Amateur Football League Competition,0001-01-01T00:00:00Z,2012-01-01T00:00:00Z,25
http://www.wikidata.org/entity/Q429039,Roberto Carlos,Brazil national under-20 football team,,1991-01-01T00:00:00Z,1991-01-01T00:00:00Z,
http://www.wikidata.org/entity/Q429039,Roberto Carlos,União São João E.C.,Campeonato Paulista Série A2,1991-01-01T00:00:00Z,1993-01-01T00:00:00Z,0
http://www.wikidata.org/entity/Q429039,Roberto Carlos,Brazil men's national football team,,1992-01-01T00:00:00Z,2006-01-01T00:00:00Z,125
http://www.wikidata.org/entity/Q429039,Roberto Carlos,Clube Atlético Mineiro,Campeonato Brasileiro Série A,1992-01-01T00:00:00Z,1992-01-01T00:00:00Z,3
http://www.wikidata.org/entity/Q429039,Roberto Carlos,Sociedade Esportiva Palmeiras,Campeonato Brasileiro Série A,1993-01-01T00:00:00Z,1995-01-01T00:00:00Z,44
http://www.wikidata.org/entity/Q429039,Roberto Carlos,Inter Milan,Serie A,1995-01-01T00:00:00Z,1996-01-01T00:00:00Z,30
http://www.wikidata.org/entity/Q429039,Roberto Carlos,Real Madrid Club de Fútbol,La Liga,1996-01-01T00:00:00Z,2007-01-01T00:00:00Z,370
http://www.wikidata.org/entity/Q429039,Roberto Carlos,Fenerbahçe Istanbul,Süper Lig,2007-01-01T00:00:00Z,2009-01-01T00:00:00Z,65
http://www.wikidata.org/entity/Q429039,Roberto Carlos,S.C. Corinthians Paulista,Campeonato Brasileiro Série A,2010-01-01T00:00:00Z,2011-01-01T00:00:00Z,35
http://www.wikidata.org/entity/Q429039,Roberto Carlos,S.C. Corinthians Paulista,Campeonato Paulista de Futebol,2010-01-01T00:00:00Z,2011-01-01T00:00:00Z,35
http://www.wikidata.org/entity/Q429039,Roberto Carlos,Odisha FC,Indian Super League,2015-01-01T00:00:00Z,2016-01-01T00:00:00Z,4
http://www.wikidata.org/entity/Q429247,Dean Gordon,Ilkeston F.C.,Northern Premier League Premier Division,,,
http://www.wikidata.org/entity/Q429247,Dean Gordon,Crystal Palace F.C.,Premier League,1991-01-01T00:00:00Z,1998-01-01T00:00:00Z,201
http://www.wikidata.org/entity/Q429247,Dean Gordon,England national under-21 association football team,,1994-01-01T00:00:00Z,1995-01-01T00:00:00Z,13
http://www.wikidata.org/entity/Q429247,Dean Gordon,Middlesbrough F.C.,EFL Championship,1998-01-01T00:00:00Z,2002-01-01T00:00:00Z,63
http://www.wikidata.org/entity/Q429247,Dean Gordon,Cardiff City F.C.,EFL League One,2001-01-01T00:00:00Z,2001-01-01T00:00:00Z,7
http://www.wikidata.org/entity/Q429247,Dean Gordon,Coventry City F.C.,EFL Championship,2002-01-01T00:00:00Z,2004-01-01T00:00:00Z,35
http://www.wikidata.org/entity/Q429247,Dean Gordon,Grimsby Town F.C.,EFL League Two,2004-01-01T00:00:00Z,2005-01-01T00:00:00Z,20
http://www.wikidata.org/entity/Q429247,Dean Gordon,Reading F.C.,EFL League One,2004-01-01T00:00:00Z,2004-01-01T00:00:00Z,3
http://www.wikidata.org/entity/Q429247,Dean Gordon,APOEL F.C.,Cypriot First Division,2005-01-01T00:00:00Z,2005-01-01T00:00:00Z,8
http://www.wikidata.org/entity/Q429247,Dean Gordon,Crook Town A.F.C.,Northern Football League,2005-01-01T00:00:00Z,2006-01-01T00:00:00Z,
http://www.wikidata.org/entity/Q429247,Dean Gordon,Worksop Town F.C.,Northern Premier League Premier Division,2006-01-01T00:00:00Z,2006-01-01T00:00:00Z,12
http://www.wikidata.org/entity/Q429247,Dean Gordon,Blackpool F.C.,EFL League One,2006-01-01T00:00:00Z,2006-01-01T00:00:00Z,1
http://www.wikidata.org/entity/Q429247,Dean Gordon,Auckland City FC,New Zealand Football Championship,2006-01-01T00:00:00Z,2006-01-01T00:00:00Z,5
http://www.wikidata.org/entity/Q429247,Dean Gordon,New Zealand Knights FC,A-League Men,2006-01-01T00:00:00Z,2007-01-01T00:00:00Z,6
http://www.wikidata.org/entity/Q429247,Dean Gordon,Lewes F.C.,Isthmian League,2006-01-01T00:00:00Z,2006-01-01T00:00:00Z,2
http://www.wikidata.org/entity/Q429247,Dean Gordon,Albany United,Lotto Sport Italia NRFL Division 1,2006-01-01T00:00:00Z,2006-01-01T00:00:00Z,
http://www.wikidata.org/entity/Q429247,Dean Gordon,Crook Town A.F.C.,Northern Football League,2006-01-01T00:00:00Z,2006-01-01T00:00:00Z,
http://www.wikidata.org/entity/Q429247,Dean Gordon,Whitby Town F.C.,Northern Premier League,2007-01-01T00:00:00Z,2007-01-01T00:00:00Z,7
http://www.wikidata.org/entity/Q429247,Dean Gordon,Torquay United F.C.,National League,2007-01-01T00:00:00Z,2007-01-01T00:00:00Z,8
http://www.wikidata.org/entity/Q429247,Dean Gordon,Lewes F.C.,Isthmian League,2007-01-01T00:00:00Z,2007-01-01T00:00:00Z,1
http://www.wikidata.org/entity/Q429247,Dean Gordon,Glapwell F.C.,Central Midlands Football League,2008-01-01T00:00:00Z,2009-01-01T00:00:00Z,
http://www.wikidata.org/entity/Q429247,Dean Gordon,Ilkeston Town F.C.,,2008-01-01T00:00:00Z,2009-01-01T00:00:00Z,7
http://www.wikidata.org/entity/Q429247,Dean Gordon,Workington A.F.C.,Northern Premier League,2009-01-01T00:00:00Z,2009-01-01T00:00:00Z,
http://www.wikidata.org/entity/Q429247,Dean Gordon,Thornaby F.C.,Northern Football League,2009-01-01T00:00:00Z,2009-01-01T00:00:00Z,
http://www.wikidata.org/entity/Q429720,Iñigo Idiakez,Real Sociedad,La Liga,1992-01-01T00:00:00Z,2002-01-01T00:00:00Z,254
http://www.wikidata.org/entity/Q429720,Iñigo Idiakez,Real Sociedad B,LaLiga 2,1992-01-01T00:00:00Z,1995-01-01T00:00:00Z,64
http://www.wikidata.org/entity/Q429720,Iñigo Idiakez,Spain national under-21 association football team,,1995-01-01T00:00:00Z,1996-01-01T00:00:00Z,6
http://www.wikidata.org/entity/Q429720,Iñigo Idiakez,Basque Country regional football team,,1996-01-01T00:00:00Z,2000-01-01T00:00:00Z,5
http://www.wikidata.org/entity/Q429720,Iñigo Idiakez,Spain national under-23 football team,,1996-01-01T00:00:00Z,1996-01-01T00:00:00Z,3
http://www.wikidata.org/entity/Q429720,Iñigo Idiakez,Real Oviedo,La Liga,2002-01-01T00:00:00Z,2003-01-01T00:00:00Z,34
http://www.wikidata.org/entity/Q429720,Iñigo Idiakez,Rayo Vallecano,La Liga,2003-01-01T00:00:00Z,2004-01-01T00:00:00Z,30
http://www.wikidata.org/entity/Q429720,Iñigo Idiakez,Derby County F.C.,EFL Championship,2004-01-01T00:00:00Z,2006-01-01T00:00:00Z,88
http://www.wikidata.org/entity/Q429720,Iñigo Idiakez,Southampton F.C.,EFL Championship,2006-01-01T00:00:00Z,2008-01-01T00:00:00Z,35
http://www.wikidata.org/entity/Q429720,Iñigo Idiakez,Queens Park Rangers F.C.,EFL Championship,2007-01-01T00:00:00Z,2007-01-01T00:00:00Z,5
http://www.wikidata.org/entity/Q431235,Francisco Yeste,Athletic Club,La Liga,1991-01-01T00:00:00Z,1997-01-01T00:00:00Z,
http://www.wikidata.org/entity/Q431235,Francisco Yeste,CD Baskonia,Tercera Federación,1997-01-01T00:00:00Z,1998-01-01T00:00:00Z,38
http://www.wikidata.org/entity/Q431235,Francisco Yeste,Athletic Club,La Liga,1998-01-01T00:00:00Z,2010-01-01T00:00:00Z,353
http://www.wikidata.org/entity/Q431235,Francisco Yeste,Athletic Bilbao B,Primera Federación,1998-01-01T00:00:00Z,2000-01-01T00:00:00Z,34
http://www.wikidata.org/entity/Q431235,Francisco Yeste,Spain national under-18 football team,,1998-01-01T00:00:00Z,1998-01-01T00:00:00Z,1
http://www.wikidata.org/entity/Q431235,Francisco Yeste,Spain national under-20 football team,,1999-01-01T00:00:00Z,1999-01-01T00:00:00Z,7
http://www.wikidata.org/entity/Q431235,Francisco Yeste,Spain national under-21 association football team,,2000-01-01T00:00:00Z,2001-01-01T00:00:00Z,12
http://www.wikidata.org/entity/Q431235,Francisco Yeste,Basque Country regional football team,,2003-01-01T00:00:00Z,2007-01-01T00:00:00Z,5
http://www.wikidata.org/entity/Q431235,Francisco Yeste,Al Wasl FC,UAE Pro League,2010-01-01T00:00:00Z,2011-01-01T00:00:00Z,27
http://www.wikidata.org/entity/Q431235,Francisco Yeste,Olympiacos F.C.,Super League Greece,2011-01-01T00:00:00Z,2012-01-01T00:00:00Z,9
http://www.wikidata.org/entity/Q431235,Francisco Yeste,Baniyas SC,UAE Pro League,2012-01-01T00:00:00Z,2012-01-01T00:00:00Z,7
http://www.wikidata.org/entity/Q431455,Sergej Barbarez,FK Velež Mostar,Premier League of Bosnia and Herzegovina,1989-01-01T00:00:00Z,1991-01-01T00:00:00Z,
http://www.wikidata.org/entity/Q431455,Sergej Barbarez,Hannover 96,2. Bundesliga,1992-01-01T00:00:00Z,1993-01-01T00:00:00Z,18
http://www.wikidata.org/entity/Q431455,Sergej Barbarez,1. FC Union Berlin,Bundesliga,1993-01-01T00:00:00Z,1996-01-01T00:00:00Z,88
http://www.wikidata.org/entity/Q431455,Sergej Barbarez,F.C. Hansa Rostock,3. Liga,1996-01-01T00:00:00Z,1998-01-01T00:00:00Z,59
http://www.wikidata.org/entity/Q431455,Sergej Barbarez,Borussia Dortmund,Bundesliga,1998-01-01T00:00:00Z,2000-01-01T00:00:00Z,36
http://www.wikidata.org/entity/Q431455,Sergej Barbarez,Bosnia and Herzegovina men's national football team,,1998-01-01T00:00:00Z,2006-01-01T00:00:00Z,47
http://www.wikidata.org/entity/Q431455,Sergej Barbarez,Hamburger SV,Bundesliga,2000-01-01T00:00:00Z,2006-01-01T00:00:00Z,174
http://www.wikidata.org/entity/Q431455,Sergej Barbarez,Bayer 04 Leverkusen,Bundesliga,2006-01-01T00:00:00Z,2008-01-01T00:00:00Z,61
http://www.wikidata.org/entity/Q432303,Igor Gabilondo,Añorga KKE,Primera Federación FutFem,,,
http://www.wikidata.org/entity/Q432303,Igor Gabilondo,Real Sociedad,La Liga,1993-01-01T00:00:00Z,1997-01-01T00:00:00Z,
http://www.wikidata.org/entity/Q432303,Igor Gabilondo,Real Sociedad B,LaLiga 2,1997-01-01T00:00:00Z,2000-01-01T00:00:00Z,
http://www.wikidata.org/entity/Q432303,Igor Gabilondo,Real Sociedad,La Liga,2000-01-01T00:00:00Z,2006-01-01T00:00:00Z,140
http://www.wikidata.org/entity/Q432303,Igor Gabilondo,Basque Country regional football team,,2002-01-01T00:00:00Z,2011-01-01T00:00:00Z,12
http://www.wikidata.org/entity/Q432303,Igor Gabilondo,Athletic Club,La Liga,2006-01-01T00:00:00Z,2012-01-01T00:00:00Z,175
http://www.wikidata.org/entity/Q432303,Igor Gabilondo,AEK Larnaca F.C.,Cypriot First Division,2012-01-01T00:00:00Z,2012-01-01T00:00:00Z,6
http://www.wikidata.org/entity/Q433120,Milan Badelj,Croatia national under-17 football team,,2004-01-01T00:00:00Z,2005-01-01T00:00:00Z,28
http://www.wikidata.org/entity/Q433120,Milan Badelj,Croatia national under-18 football team,,2005-01-01T00:00:00Z,2006-01-01T00:00:00Z,5
http://www.wikidata.org/entity/Q433120,Milan Badelj,Croatia national under-19 football team,,2006-01-01T00:00:00Z,2008-01-01T00:00:00Z,13
http://www.wikidata.org/entity/Q433120,Milan Badelj,GNK Dinamo Zagreb,Croatian Football League,2007-01-01T00:00:00Z,2012-01-01T00:00:00Z,113
http://www.wikidata.org/entity/Q433120,Milan Badelj,NK Lokomotiva,Croatian Football League,2007-01-01T00:00:00Z,2008-01-01T00:00:00Z,28
http://www.wikidata.org/entity/Q433120,Milan Badelj,Croatia national under-21 football team,,2008-01-01T00:00:00Z,2010-01-01T00:00:00Z,14
http://www.wikidata.org/entity/Q433120,Milan Badelj,Croatia national under-20 football team,,2009-01-01T00:00:00Z,2009-01-01T00:00:00Z,2
http://www.wikidata.org/entity/Q433120,Milan Badelj,Croatia men's national football team,,2010-01-01T00:00:00Z,2021-01-01T00:00:00Z,55
http://www.wikidata.org/entity/Q433120,Milan Badelj,Hamburger SV,Bundesliga,2012-01-01T00:00:00Z,2014-01-01T00:00:00Z,62
http://www.wikidata.org/entity/Q433120,Milan Badelj,ACF Fiorentina,Serie A,2014-01-01T00:00:00Z,2018-06-01T00:00:00Z,108
http://www.wikidata.org/entity/Q433120,Milan Badelj,SS Lazio,Serie A,2018-08-01T00:00:00Z,2020-09-01T00:00:00Z,23
http://www.wikidata.org/entity/Q433120,Milan Badelj,ACF Fiorentina,Serie A,2019-08-01T00:00:00Z,2020-08-01T00:00:00Z,22
http://www.wikidata.org/entity/Q433120,Milan Badelj,Genoa CFC,Serie A,2020-09-01T00:00:00Z,2025-07-01T00:00:00Z,146
http://www.wikidata.org/entity/Q435065,Carsten Ramelow,Hertha BSC II,Regionalliga Nordost,1992-07-01T00:00:00Z,1993-07-01T00:00:00Z,21
http://www.wikidata.org/entity/Q435065,Carsten Ramelow,Germany national under-21 football team,,1993-01-01T00:00:00Z,1996-01-01T00:00:00Z,18
http://www.wikidata.org/entity/Q435065,Carsten Ramelow,Hertha BSC,2. Bundesliga,1993-07-01T00:00:00Z,1996-01-01T00:00:00Z,80
http://www.wikidata.org/entity/Q435065,Carsten Ramelow,Bayer 04 Leverkusen,Bundesliga,1996-01-01T00:00:00Z,2008-08-01T00:00:00Z,333
http://www.wikidata.org/entity/Q435065,Carsten Ramelow,Germany men's national association football team,,1998-01-01T00:00:00Z,2004-01-01T00:00:00Z,46
http://www.wikidata.org/entity/Q435065,Carsten Ramelow,Bayer 04 Leverkusen II,Regionalliga West,2008-08-01T00:00:00Z,2008-10-01T00:00:00Z,
http://www.wikidata.org/entity/Q439722,Son Heung-min,South Korea national under-17 football team,,2008-01-01T00:00:00Z,2009-01-01T00:00:00Z,18
http://www.wikidata.org/entity/Q439722,Son Heung-min,Hamburger SV,Bundesliga,2010-01-01T00:00:00Z,2013-01-01T00:00:00Z,73
http://www.wikidata.org/entity/Q439722,Son Heung-min,South Korea men's national football team,,2010-01-01T00:00:00Z,,138
http://www.wikidata.org/entity/Q439722,Son Heung-min,Bayer 04 Leverkusen,Bundesliga,2013-01-01T00:00:00Z,2015-01-01T00:00:00Z,62
http://www.wikidata.org/entity/Q439722,Son Heung-min,Tottenham Hotspur F.C.,Premier League,2015-01-01T00:00:00Z,2025-08-01T00:00:00Z,333
http://www.wikidata.org/entity/Q439722,Son Heung-min,Los Angeles FC,Major League Soccer,2025-08-01T00:00:00Z,,10
http://www.wikidata.org/entity/Q439792,Patxi Puñal,CD Oberena,,1994-01-01T00:00:00Z,1995-01-01T00:00:00Z,
http://www.wikidata.org/entity/Q439792,Patxi Puñal,CD Egüés,Tercera División,1995-01-01T00:00:00Z,1996-01-01T00:00:00Z,
http://www.wikidata.org/entity/Q439792,Patxi Puñal,Osasuna B,Primera Federación,1996-01-01T00:00:00Z,1998-01-01T00:00:00Z,32
http://www.wikidata.org/entity/Q439792,Patxi Puñal,Club Atlético Osasuna,La Liga,1997-01-01T00:00:00Z,2014-01-01T00:00:00Z,513
http://www.wikidata.org/entity/Q439792,Patxi Puñal,CD Leganés,LaLiga 2,1999-01-01T00:00:00Z,2001-01-01T00:00:00Z,67
http://www.wikidata.org/entity/Q439792,Patxi Puñal,Basque Country regional football team,,2002-01-01T00:00:00Z,2007-01-01T00:00:00Z,3
http://www.wikidata.org/entity/Q445976,Manuele Blasi,AS Roma,Serie A,1998-01-01T00:00:00Z,2000-01-01T00:00:00Z,5
http://www.wikidata.org/entity/Q445976,Manuele Blasi,US Lecce,Serie A,1998-01-01T00:00:00Z,1999-01-01T00:00:00Z,12
http://www.wikidata.org/entity/Q445976,Manuele Blasi,Italy national under-18 football team,,1998-01-01T00:00:00Z,1999-01-01T00:00:00Z,10
http://www.wikidata.org/entity/Q445976,Manuele Blasi,A.C. Perugia Calcio,Serie C,2000-01-01T00:00:00Z,2002-01-01T00:00:00Z,46
http://www.wikidata.org/entity/Q445976,Manuele Blasi,Italy national under-21 football team,,2000-01-01T00:00:00Z,2002-01-01T00:00:00Z,6
http://www.wikidata.org/entity/Q445976,Manuele Blasi,Italy national under-20 football team,,2000-01-01T00:00:00Z,2000-01-01T00:00:00Z,4
http://www.wikidata.org/entity/Q445976,Manuele Blasi,Juventus FC,Serie A,2002-01-01T00:00:00Z,2007-01-01T00:00:00Z,40
http://www.wikidata.org/entity/Q445976,Manuele Blasi,A.C. Perugia Calcio,Serie C,2002-01-01T00:00:00Z,2003-01-01T00:00:00Z,30
http://www.wikidata.org/entity/Q445976,Manuele Blasi,Italy national under-21 football team,,2002-01-01T00:00:00Z,2002-01-01T00:00:00Z,6
http://www.wikidata.org/entity/Q445976,Manuele Blasi,Parma Calcio 1913,Serie A,2003-01-01T00:00:00Z,2004-01-01T00:00:00Z,12
http://www.wikidata.org/entity/Q445976,Manuele Blasi,Italy men's national association football team,,2004-01-01T00:00:00Z,2005-01-01T00:00:00Z,8
http://www.wikidata.org/entity/Q445976,Manuele Blasi,ACF Fiorentina,Serie A,2006-01-01T00:00:00Z,2007-01-01T00:00:00Z,31
http://www.wikidata.org/entity/Q445976,Manuele Blasi,SSC Napoli,Serie A,2007-01-01T00:00:00Z,2011-01-01T00:00:00Z,60
http://www.wikidata.org/entity/Q445976,Manuele Blasi,Palermo F.C.,Serie B,2009-01-01T00:00:00Z,2010-01-01T00:00:00Z,14
http://www.wikidata.org/entity/Q445976,Manuele Blasi,Parma Calcio 1913,Serie A,2011-01-01T00:00:00Z,2012-01-01T00:00:00Z,6
http://www.wikidata.org/entity/Q445976,Manuele Blasi,Delfino Pescara 1936,Serie B,2012-01-01T00:00:00Z,2013-01-01T00:00:00Z,12
http://www.wikidata.org/entity/Q445976,Manuele Blasi,US Lecce,Serie A,2012-01-01T00:00:00Z,2012-01-01T00:00:00Z,16
http://www.wikidata.org/entity/Q445976,Manuele Blasi,Varese Calcio,,2013-01-01T00:00:00Z,2015-01-01T00:00:00Z,34
http://www.wikidata.org/entity/Q445976,Manuele Blasi,Chennaiyin FC,Indian Super League,2015-01-01T00:00:00Z,2015-01-01T00:00:00Z,10
http://www.wikidata.org/entity/Q445976,Manuele Blasi,S.S.D. Ischia Isolaverde,Serie D,2016-01-01T00:00:00Z,2016-01-01T00:00:00Z,4
http://www.wikidata.org/entity/Q449214,Sascha Riether,SC Freiburg,Bundesliga,2002-01-01T00:00:00Z,2007-01-01T00:00:00Z,139
http://www.wikidata.org/entity/Q449214,Sascha Riether,Germany national under-20 football team,,2002-01-01T00:00:00Z,2002-01-01T00:00:00Z,2
http://www.wikidata.org/entity/Q449214,Sascha Riether,Germany national under-21 football team,,2004-01-01T00:00:00Z,2006-01-01T00:00:00Z,20
http://www.wikidata.org/entity/Q449214,Sascha Riether,VfL Wolfsburg,Bundesliga,2007-01-01T00:00:00Z,2011-01-01T00:00:00Z,116
http://www.wikidata.org/entity/Q449214,Sascha Riether,Germany men's national association football team,,2010-01-01T00:00:00Z,2010-01-01T00:00:00Z,2
http://www.wikidata.org/entity/Q449214,Sascha Riether,1. FC Köln,Bundesliga,2011-01-01T00:00:00Z,2013-01-01T00:00:00Z,33
http://www.wikidata.org/entity/Q449214,Sascha Riether,Fulham F.C.,Premier League,2012-01-01T00:00:00Z,2013-01-01T00:00:00Z,35
http://www.wikidata.org/entity/Q449214,Sascha Riether,Fulham F.C.,Premier League,2013-01-01T00:00:00Z,2014-01-01T00:00:00Z,31
http://www.wikidata.org/entity/Q449214,Sascha Riether,SC Freiburg,Bundesliga,2014-01-01T00:00:00Z,2015-01-01T00:00:00Z,19
http://www.wikidata.org/entity/Q449214,Sascha Riether,Schalke 04,2. Bundesliga,2015-01-01T00:00:00Z,,
http://www.wikidata.org/entity/Q454950,Beñat Etxebarria,Q31188250,,1997-01-01T00:00:00Z,1998-01-01T00:00:00Z,
http://www.wikidata.org/entity/Q454950,Beñat Etxebarria,Athletic Club,La Liga,1998-01-01T00:00:00Z,2005-01-01T00:00:00Z,
http://www.wikidata.org/entity/Q454950,Beñat Etxebarria,Spain national under-17 association football team,,2004-01-01T00:00:00Z,2005-01-01T00:00:00Z,5
http://www.wikidata.org/entity/Q454950,Beñat Etxebarria,CD Baskonia,Tercera Federación,2005-01-01T00:00:00Z,2006-01-01T00:00:00Z,21
http://www.wikidata.org/entity/Q454950,Beñat Etxebarria,Athletic Club,La Liga,2006-01-01T00:00:00Z,2009-01-01T00:00:00Z,1
http://www.wikidata.org/entity/Q454950,Beñat Etxebarria,Athletic Bilbao B,Primera Federación,2006-01-01T00:00:00Z,2008-01-01T00:00:00Z,75
http://www.wikidata.org/entity/Q454950,Beñat Etxebarria,UB Conquense,Segunda División B,2008-01-01T00:00:00Z,2009-01-01T00:00:00Z,35
http://www.wikidata.org/entity/Q454950,Beñat Etxebarria,Real Betis B,Segunda División B,2009-01-01T00:00:00Z,2010-01-01T00:00:00Z,34
http://www.wikidata.org/entity/Q454950,Beñat Etxebarria,Real Betis Balompié,La Liga,2010-01-01T00:00:00Z,2013-01-01T00:00:00Z,118
http://www.wikidata.org/entity/Q454950,Beñat Etxebarria,Basque Country regional football team,,2011-01-01T00:00:00Z,2014-01-01T00:00:00Z,4
http://www.wikidata.org/entity/Q454950,Beñat Etxebarria,Spain men's national football team,,2012-01-01T00:00:00Z,2012-01-01T00:00:00Z,4
http://www.wikidata.org/entity/Q454950,Beñat Etxebarria,Athletic Club,La Liga,2013-01-01T00:00:00Z,2020-01-01T00:00:00Z,241
http://www.wikidata.org/entity/Q454950,Beñat Etxebarria,Macarthur FC,A-League Men,2020-01-01T00:00:00Z,2021-01-01T00:00:00Z,24
http://www.wikidata.org/entity/Q455462,Antoine Griezmann,Club de Fútbol Monterrey,Liga MX,,,
http://www.wikidata.org/entity/Q455462,Antoine Griezmann,Real Sociedad,La Liga,2009-01-01T00:00:00Z,2014-01-01T00:00:00Z,180
http://www.wikidata.org/entity/Q455462,Antoine Griezmann,France national under-21 association football team,,2010-01-01T00:00:00Z,2012-01-01T00:00:00Z,11
http://www.wikidata.org/entity/Q455462,Antoine Griezmann,France national under-19 association football team,,2010-01-01T00:00:00Z,2010-01-01T00:00:00Z,7
http://www.wikidata.org/entity/Q455462,Antoine Griezmann,France national under-20 association football team,,2011-01-01T00:00:00Z,2011-01-01T00:00:00Z,8
http://www.wikidata.org/entity/Q455462,Antoine Griezmann,Atlético Madrid,La Liga,2014-01-01T00:00:00Z,2019-01-01T00:00:00Z,180
http://www.wikidata.org/entity/Q455462,Antoine Griezmann,France men's national association football team,,2014-01-01T00:00:00Z,2024-01-01T00:00:00Z,137
http://www.wikidata.org/entity/Q455462,Antoine Griezmann,Futbol Club Barcelona,La Liga,2019-01-01T00:00:00Z,2022-01-01T00:00:00Z,74
http://www.wikidata.org/entity/Q455462,Antoine Griezmann,Atlético Madrid,La Liga,2021-01-01T00:00:00Z,2022-01-01T00:00:00Z,34
http://www.wikidata.org/entity/Q455462,Antoine Griezmann,Atlético Madrid,La Liga,2022-01-01T00:00:00Z,,113
http://www.wikidata.org/entity/Q455844,Dean Whitehead,Oxford United F.C.,EFL Championship,1999-01-01T00:00:00Z,2004-01-01T00:00:00Z,122
http://www.wikidata.org/entity/Q455844,Dean Whitehead,Sunderland A.F.C.,Premier League,2004-01-01T00:00:00Z,2009-01-01T00:00:00Z,185
http://www.wikidata.org/entity/Q455844,Dean Whitehead,Stoke City F.C.,EFL Championship,2009-01-01T00:00:00Z,2013-01-01T00:00:00Z,132
http://www.wikidata.org/entity/Q455844,Dean Whitehead,Middlesbrough F.C.,EFL Championship,2013-01-01T00:00:00Z,2015-01-01T00:00:00Z,55
http://www.wikidata.org/entity/Q455844,Dean Whitehead,Huddersfield Town A.F.C.,EFL League One,2015-01-01T00:00:00Z,,
http://www.wikidata.org/entity/Q455972,Gary Kelly,Leeds United F.C.,Premier League,1992-01-01T00:00:00Z,2007-01-01T00:00:00Z,430
http://www.wikidata.org/entity/Q455972,Gary Kelly,Republic of Ireland national under-21 football team,,1992-01-01T00:00:00Z,1994-01-01T00:00:00Z,5
http://www.wikidata.org/entity/Q455972,Gary Kelly,Republic of Ireland men's national association football team,,1994-01-01T00:00:00Z,2003-01-01T00:00:00Z,51
http://www.wikidata.org/entity/Q458101,Ciro Immobile,Juventus FC,Serie A,2009-01-01T00:00:00Z,2012-01-01T00:00:00Z,3
http://www.wikidata.org/entity/Q458101,Ciro Immobile,Italy national under-21 football team,,2009-01-01T00:00:00Z,2013-01-01T00:00:00Z,16
http://www.wikidata.org/entity/Q458101,Ciro Immobile,Italy national under-20 football team,,2009-01-01T00:00:00Z,2010-01-01T00:00:00Z,6
http://www.wikidata.org/entity/Q458101,Ciro Immobile,Siena FC,Serie C,2010-01-01T00:00:00Z,2011-01-01T00:00:00Z,4
http://www.wikidata.org/entity/Q458101,Ciro Immobile,U.S. Grosseto 1912,Serie C,2011-01-01T00:00:00Z,2011-06-01T00:00:00Z,16
http://www.wikidata.org/entity/Q458101,Ciro Immobile,Delfino Pescara 1936,Serie B,2011-08-01T00:00:00Z,2012-01-01T00:00:00Z,37
http://www.wikidata.org/entity/Q458101,Ciro Immobile,Genoa CFC,Serie A,2012-01-01T00:00:00Z,2013-01-01T00:00:00Z,33
http://www.wikidata.org/entity/Q458101,Ciro Immobile,Torino FC,Serie A,2013-01-01T00:00:00Z,2014-01-01T00:00:00Z,33
http://www.wikidata.org/entity/Q458101,Ciro Immobile,Borussia Dortmund,Bundesliga,2014-01-01T00:00:00Z,2015-01-01T00:00:00Z,24
http://www.wikidata.org/entity/Q458101,Ciro Immobile,Italy men's national association football team,,2014-01-01T00:00:00Z,2023-01-01T00:00:00Z,57
http://www.wikidata.org/entity/Q458101,Ciro Immobile,Sevilla FC,La Liga,2015-01-01T00:00:00Z,2016-01-01T00:00:00Z,8
http://www.wikidata.org/entity/Q458101,Ciro Immobile,Torino FC,Serie A,2016-01-01T00:00:00Z,2016-06-01T00:00:00Z,14
http://www.wikidata.org/entity/Q458101,Ciro Immobile,SS Lazio,Serie A,2016-07-01T00:00:00Z,2024-07-01T00:00:00Z,270
http://www.wikidata.org/entity/Q458101,Ciro Immobile,Beşiktaş J.K.,Süper Lig,2024-07-01T00:00:00Z,2025-07-04T00:00:00Z,30
http://www.wikidata.org/entity/Q458101,Ciro Immobile,Bologna F.C. 1909,Serie A,2025-07-01T00:00:00Z,2026-01-01T00:00:00Z,6
http://www.wikidata.org/entity/Q458101,Ciro Immobile,Paris FC,Ligue 1,2026-01-01T00:00:00Z,,0
http://www.wikidata.org/entity/Q459707,Diego Costa,S.C. Braga,Liga Portugal,2006-02-01T00:00:00Z,2006-12-01T00:00:00Z,2
http://www.wikidata.org/entity/Q459707,Diego Costa,F.C. Penafiel,Liga Portugal,2006-07-01T00:00:00Z,2006-12-01T00:00:00Z,13
http://www.wikidata.org/entity/Q459707,Diego Costa,Atlético Madrid,La Liga,2007-01-01T00:00:00Z,2009-01-01T00:00:00Z,0
http://www.wikidata.org/entity/Q459707,Diego Costa,S.C. Braga,Liga Portugal,2007-01-02T00:00:00Z,2007-06-30T00:00:00Z,6
http://www.wikidata.org/entity/Q459707,Diego Costa,RC Celta de Vigo,La Liga,2007-08-01T00:00:00Z,2008-01-01T00:00:00Z,30
http://www.wikidata.org/entity/Q459707,Diego Costa,Albacete Balompié,LaLiga 2,2008-01-01T00:00:00Z,2009-01-01T00:00:00Z,35
http://www.wikidata.org/entity/Q459707,Diego Costa,Real Valladolid,LaLiga 2,2009-01-01T00:00:00Z,2010-01-01T00:00:00Z,36
http://www.wikidata.org/entity/Q459707,Diego Costa,Atlético Madrid,La Liga,2010-01-01T00:00:00Z,2014-01-01T00:00:00Z,94
http://www.wikidata.org/entity/Q459707,Diego Costa,Rayo Vallecano,La Liga,2012-01-01T00:00:00Z,2012-01-01T00:00:00Z,16
http://www.wikidata.org/entity/Q459707,Diego Costa,Brazil men's national football team,,2013-01-01T00:00:00Z,2013-01-01T00:00:00Z,2
http://www.wikidata.org/entity/Q459707,Diego Costa,Chelsea F.C.,Premier League,2014-01-01T00:00:00Z,2017-01-01T00:00:00Z,89
http://www.wikidata.org/entity/Q459707,Diego Costa,Spain men's national football team,,2014-01-01T00:00:00Z,2018-01-01T00:00:00Z,24
http://www.wikidata.org/entity/Q459707,Diego Costa,Atlético Madrid,La Liga,2017-01-01T00:00:00Z,2020-12-01T00:00:00Z,61
http://www.wikidata.org/entity/Q459707,Diego Costa,Clube Atlético Mineiro,Campeonato Brasileiro Série A,2021-08-01T00:00:00Z,2021-12-01T00:00:00Z,15
http://www.wikidata.org/entity/Q459707,Diego Costa,Wolverhampton Wanderers F.C.,Premier League,2022-09-01T00:00:00Z,2023-06-01T00:00:00Z,23
http://www.wikidata.org/entity/Q459707,Diego Costa,Botafogo F.R.,Campeonato Brasileiro Série A,2023-08-12T00:00:00Z,2024-02-08T00:00:00Z,12
http://www.wikidata.org/entity/Q459707,Diego Costa,Grêmio FBPA,Campeonato Brasileiro Série A,2024-02-08T00:00:00Z,2024-12-31T00:00:00Z,20
http://www.wikidata.org/entity/Q459738,Miguel Flaño,Spain national under-17 association football team,,2001-01-01T00:00:00Z,2001-01-01T00:00:00Z,4
http://www.wikidata.org/entity/Q459738,Miguel Flaño,Osasuna B,Primera Federación,2001-01-01T00:00:00Z,2004-01-01T00:00:00Z,70
http://www.wikidata.org/entity/Q459738,Miguel Flaño,Spain national under-16 association football team,,2001-01-01T00:00:00Z,2001-01-01T00:00:00Z,7
http://www.wikidata.org/entity/Q459738,Miguel Flaño,Spain national under-19 football team,,2002-01-01T00:00:00Z,2002-01-01T00:00:00Z,1
http://www.wikidata.org/entity/Q459738,Miguel Flaño,Club Atlético Osasuna,La Liga,2004-01-01T00:00:00Z,2018-01-01T00:00:00Z,338
http://www.wikidata.org/entity/Q459738,Miguel Flaño,Spain national under-23 football team,,2005-01-01T00:00:00Z,2005-01-01T00:00:00Z,2
http://www.wikidata.org/entity/Q459738,Miguel Flaño,Córdoba CF,LaLiga 2,2019-01-01T00:00:00Z,2019-01-01T00:00:00Z,9
http://www.wikidata.org/entity/Q459830,Steven Gerrard,Liverpool F.C.,Premier League,1998-01-01T00:00:00Z,2015-01-01T00:00:00Z,504
http://www.wikidata.org/entity/Q459830,Steven Gerrard,England national under-21 association football team,,1999-01-01T00:00:00Z,2000-01-01T00:00:00Z,4
http://www.wikidata.org/entity/Q459830,Steven Gerrard,England men's national association football team,,2000-01-01T00:00:00Z,2014-01-01T00:00:00Z,114
http://www.wikidata.org/entity/Q459830,Steven Gerrard,LA Galaxy,Major League Soccer,2015-01-01T00:00:00Z,2016-01-01T00:00:00Z,34
http://www.wikidata.org/entity/Q462237,Javier de Pedro,Antiguoko,,1982-01-01T00:00:00Z,1989-01-01T00:00:00Z,
http://www.wikidata.org/entity/Q462237,Javier de Pedro,Real Sociedad,La Liga,1989-01-01T00:00:00Z,1992-01-01T00:00:00Z,
http://www.wikidata.org/entity/Q462237,Javier de Pedro,Spain national under-18 football team,,1991-01-01T00:00:00Z,1991-01-01T00:00:00Z,3
http://www.wikidata.org/entity/Q462237,Javier de Pedro,Real Sociedad B,LaLiga 2,1992-01-01T00:00:00Z,1994-01-01T00:00:00Z,48
http://www.wikidata.org/entity/Q462237,Javier de Pedro,Real Sociedad,La Liga,1993-01-01T00:00:00Z,2004-01-01T00:00:00Z,304
http://www.wikidata.org/entity/Q462237,Javier de Pedro,Spain national under-21 association football team,,1994-01-01T00:00:00Z,1996-01-01T00:00:00Z,4
http://www.wikidata.org/entity/Q462237,Javier de Pedro,Spain men's national football team,,1998-01-01T00:00:00Z,2003-01-01T00:00:00Z,12
http://www.wikidata.org/entity/Q462237,Javier de Pedro,Blackburn Rovers F.C.,EFL Championship,2004-01-01T00:00:00Z,2004-01-01T00:00:00Z,2
http://www.wikidata.org/entity/Q462237,Javier de Pedro,A.C. Perugia Calcio,Serie C,2005-01-01T00:00:00Z,2005-01-01T00:00:00Z,5
http://www.wikidata.org/entity/Q462237,Javier de Pedro,IFK Göteborg,Allsvenskan,2005-01-01T00:00:00Z,2006-01-01T00:00:00Z,0
http://www.wikidata.org/entity/Q462237,Javier de Pedro,Ergotelis F.C.,,2006-01-01T00:00:00Z,2006-01-01T00:00:00Z,0
http://www.wikidata.org/entity/Q462237,Javier de Pedro,Burgos CF,LaLiga 2,2006-01-01T00:00:00Z,2007-01-01T00:00:00Z,5
http://www.wikidata.org/entity/Q464145,Christian Obodo,A.C. Perugia Calcio,Serie C,2001-01-01T00:00:00Z,2004-01-01T00:00:00Z,62
http://www.wikidata.org/entity/Q464145,Christian Obodo,ACF Fiorentina,Serie A,2004-01-01T00:00:00Z,2005-01-01T00:00:00Z,33
http://www.wikidata.org/entity/Q464145,Christian Obodo,Nigeria men's national football team,,2004-01-01T00:00:00Z,2008-01-01T00:00:00Z,21
http://www.wikidata.org/entity/Q464145,Christian Obodo,Udinese Calcio,Serie A,2005-01-01T00:00:00Z,2012-01-01T00:00:00Z,78
http://www.wikidata.org/entity/Q464145,Christian Obodo,Torino FC,Serie A,2010-01-01T00:00:00Z,2011-01-01T00:00:00Z,16
http://www.wikidata.org/entity/Q464145,Christian Obodo,US Lecce,Serie A,2011-01-01T00:00:00Z,2012-01-01T00:00:00Z,23
http://www.wikidata.org/entity/Q464145,Christian Obodo,FC Dinamo Minsk,Belarusian Premier League,2013-01-01T00:00:00Z,2013-01-01T00:00:00Z,1
http://www.wikidata.org/entity/Q464145,Christian Obodo,S.C. Olhanense,Algarve Football Association,2014-01-01T00:00:00Z,2014-01-01T00:00:00Z,13
http://www.wikidata.org/entity/Q464145,Christian Obodo,Xanthi F.C.,Gamma Ethniki,2014-01-01T00:00:00Z,2015-01-01T00:00:00Z,28
http://www.wikidata.org/entity/Q464145,Christian Obodo,CS Concordia Chiajna,Liga II,2016-01-01T00:00:00Z,2016-07-01T00:00:00Z,17
http://www.wikidata.org/entity/Q464145,Christian Obodo,CS Pandurii Târgu Jiu,Liga IV Gorj,2016-07-01T00:00:00Z,2016-12-01T00:00:00Z,9
http://www.wikidata.org/entity/Q464145,Christian Obodo,Apollon Smyrnis F.C.,Super League Greece,2017-01-01T00:00:00Z,2017-06-01T00:00:00Z,17
http://www.wikidata.org/entity/Q464145,Christian Obodo,Apollon Smyrnis F.C.,Gamma Ethniki,2017-01-01T00:00:00Z,2017-06-01T00:00:00Z,17
http://www.wikidata.org/entity/Q464145,Christian Obodo,Apollon Smyrnis F.C.,Super League Greece 2,2017-01-01T00:00:00Z,2017-06-01T00:00:00Z,17
http://www.wikidata.org/entity/Q4754963,Andrea Belotti,U.C. AlbinoLeffe,Serie C1,2012-01-01T00:00:00Z,2014-01-01T00:00:00Z,37
http://www.wikidata.org/entity/Q4754963,Andrea Belotti,Italy national under-19 football team,,2012-01-01T00:00:00Z,2012-01-01T00:00:00Z,6
http://www.wikidata.org/entity/Q4754963,Andrea Belotti,Italy national under-20 football team,,2012-01-01T00:00:00Z,2013-01-01T00:00:00Z,9
http://www.wikidata.org/entity/Q4754963,Andrea Belotti,Palermo F.C.,Serie B,2013-01-01T00:00:00Z,2015-01-01T00:00:00Z,62
http://www.wikidata.org/entity/Q4754963,Andrea Belotti,Italy national under-21 football team,,2013-01-01T00:00:00Z,2015-01-01T00:00:00Z,18
http://www.wikidata.org/entity/Q4754963,Andrea Belotti,Torino FC,Serie A,2015-01-01T00:00:00Z,2022-06-01T00:00:00Z,232
http://www.wikidata.org/entity/Q4754963,Andrea Belotti,Italy men's national association football team,,2016-09-01T00:00:00Z,2022-01-01T00:00:00Z,44
http://www.wikidata.org/entity/Q4754963,Andrea Belotti,AS Roma,Serie A,2022-08-01T00:00:00Z,2024-06-30T00:00:00Z,45
http://www.wikidata.org/entity/Q4754963,Andrea Belotti,ACF Fiorentina,Serie A,2024-01-31T00:00:00Z,2024-06-30T00:00:00Z,15
http://www.wikidata.org/entity/Q4754963,Andrea Belotti,Como 1907,Serie A,2024-07-01T00:00:00Z,2025-01-01T00:00:00Z,18
http://www.wikidata.org/entity/Q4754963,Andrea Belotti,Cagliari Calcio,Serie A,2025-01-01T00:00:00Z,,3
http://www.wikidata.org/entity/Q4754963,Andrea Belotti,S.L. Benfica,Liga Portugal,2025-01-01T00:00:00Z,2025-01-01T00:00:00Z,14
http://www.wikidata.org/entity/Q482955,Edwin van der Sar,Barcelona,,1990-01-01T00:00:00Z,1999-01-01T00:00:00Z,226
http://www.wikidata.org/entity/Q482955,Edwin van der Sar,Netherlands national association football team,,1995-01-01T00:00:00Z,2008-01-01T00:00:00Z,130
http://www.wikidata.org/entity/Q482955,Edwin van der Sar,Juventus FC,Serie A,1999-01-01T00:00:00Z,2001-01-01T00:00:00Z,66
http://www.wikidata.org/entity/Q482955,Edwin van der Sar,Fulham F.C.,Premier League,2001-01-01T00:00:00Z,2005-01-01T00:00:00Z,127
http://www.wikidata.org/entity/Q482955,Edwin van der Sar,Manchester United F.C.,Premier League,2005-01-01T00:00:00Z,2011-01-01T00:00:00Z,186
http://www.wikidata.org/entity/Q482955,Edwin van der Sar,VV Noordwijk,Tweede Divisie,2016-01-01T00:00:00Z,2016-01-01T00:00:00Z,1
http://www.wikidata.org/entity/Q483137,Petr Čech,FK Chmel Blšany,,1999-01-01T00:00:00Z,2001-01-01T00:00:00Z,27
http://www.wikidata.org/entity/Q483137,Petr Čech,Czech Republic national under-17 football team,,1999-01-01T00:00:00Z,1999-01-01T00:00:00Z,3
http://www.wikidata.org/entity/Q483137,Petr Čech,Czech Republic national under-19 football team,,1999-01-01T00:00:00Z,2000-01-01T00:00:00Z,13
http://www.wikidata.org/entity/Q483137,Petr Čech,Czech Republic national under-18 football team,,1999-01-01T00:00:00Z,2000-01-01T00:00:00Z,13
http://www.wikidata.org/entity/Q483137,Petr Čech,Czech Republic national under-20 football team,,2000-01-01T00:00:00Z,2001-01-01T00:00:00Z,7
http://www.wikidata.org/entity/Q483137,Petr Čech,AC Sparta Prague,Czech First League,2001-01-01T00:00:00Z,2002-01-01T00:00:00Z,27
http://www.wikidata.org/entity/Q483137,Petr Čech,Czech Republic national under-21 football team,,2001-01-01T00:00:00Z,2002-01-01T00:00:00Z,15
http://www.wikidata.org/entity/Q483137,Petr Čech,Stade Rennais F.C.,Ligue 1,2002-01-01T00:00:00Z,2004-01-01T00:00:00Z,70
http://www.wikidata.org/entity/Q483137,Petr Čech,Czechia men's national football team,,2002-01-01T00:00:00Z,2016-07-08T00:00:00Z,124
http://www.wikidata.org/entity/Q483137,Petr Čech,Chelsea F.C.,Premier League,2004-07-01T00:00:00Z,2015-06-30T00:00:00Z,333
http://www.wikidata.org/entity/Q483137,Petr Čech,Arsenal F.C.,Premier League,2015-06-30T00:00:00Z,2019-06-30T00:00:00Z,110
http://www.wikidata.org/entity/Q483145,Luís Figo,Portugal national under-18 football team,,1988-01-01T00:00:00Z,1990-01-01T00:00:00Z,21
http://www.wikidata.org/entity/Q483145,Luís Figo,Portugal national under-16 football team,,1988-01-01T00:00:00Z,1989-01-01T00:00:00Z,15
http://www.wikidata.org/entity/Q483145,Luís Figo,Sporting CP,Liga Portugal,1989-01-01T00:00:00Z,1995-01-01T00:00:00Z,137
http://www.wikidata.org/entity/Q483145,Luís Figo,Portugal national under-17 football team,,1989-01-01T00:00:00Z,1989-01-01T00:00:00Z,6
http://www.wikidata.org/entity/Q483145,Luís Figo,Portugal national under-20 football team,,1990-01-01T00:00:00Z,1991-01-01T00:00:00Z,12
http://www.wikidata.org/entity/Q483145,Luís Figo,Portugal men's national football team,,1991-01-01T00:00:00Z,2006-01-01T00:00:00Z,127
http://www.wikidata.org/entity/Q483145,Luís Figo,Portugal national under-21 football team,,1991-01-01T00:00:00Z,1994-01-01T00:00:00Z,7
http://www.wikidata.org/entity/Q483145,Luís Figo,Futbol Club Barcelona,La Liga,1995-01-01T00:00:00Z,2000-01-01T00:00:00Z,172
http://www.wikidata.org/entity/Q483145,Luís Figo,Real Madrid Club de Fútbol,La Liga,2000-01-01T00:00:00Z,2005-01-01T00:00:00Z,164
http://www.wikidata.org/entity/Q483145,Luís Figo,Inter Milan,Serie A,2005-01-01T00:00:00Z,2009-01-01T00:00:00Z,105
http://www.wikidata.org/entity/Q483309,Sergio Ramos,Spain national under-17 association football team,,2002-01-01T00:00:00Z,2002-01-01T00:00:00Z,1
http://www.wikidata.org/entity/Q483309,Sergio Ramos,Sevilla FC,La Liga,2004-01-01T00:00:00Z,2005-01-01T00:00:00Z,39
http://www.wikidata.org/entity/Q483309,Sergio Ramos,Spain national under-21 association football team,,2004-01-01T00:00:00Z,2004-01-01T00:00:00Z,6
http://www.wikidata.org/entity/Q483309,Sergio Ramos,Spain national under-19 football team,,2004-01-01T00:00:00Z,2004-01-01T00:00:00Z,6
http://www.wikidata.org/entity/Q483309,Sergio Ramos,Real Madrid Club de Fútbol,La Liga,2005-01-01T00:00:00Z,2021-01-01T00:00:00Z,469
http://www.wikidata.org/entity/Q483309,Sergio Ramos,Spain men's national football team,,2005-01-01T00:00:00Z,2021-01-01T00:00:00Z,180
http://www.wikidata.org/entity/Q483309,Sergio Ramos,Paris Saint-Germain FC,Ligue 1,2021-01-01T00:00:00Z,2023-06-01T00:00:00Z,45
http://www.wikidata.org/entity/Q483309,Sergio Ramos,Sevilla FC,La Liga,2023-09-04T00:00:00Z,2024-07-01T00:00:00Z,28
http://www.wikidata.org/entity/Q483309,Sergio Ramos,Club de Fútbol Monterrey,Liga MX,2025-02-01T00:00:00Z,2025-12-01T00:00:00Z,27
http://www.wikidata.org/entity/Q483417,Rio Ferdinand,West Ham United F.C.,Premier League,1996-01-01T00:00:00Z,2000-01-01T00:00:00Z,127
http://www.wikidata.org/entity/Q483417,Rio Ferdinand,AFC Bournemouth,Premier League,1996-01-01T00:00:00Z,1997-01-01T00:00:00Z,10
http://www.wikidata.org/entity/Q483417,Rio Ferdinand,England national under-18 association football team,,1996-01-01T00:00:00Z,1997-01-01T00:00:00Z,7
http://www.wikidata.org/entity/Q483417,Rio Ferdinand,England men's national association football team,,1997-01-01T00:00:00Z,2011-01-01T00:00:00Z,81
http://www.wikidata.org/entity/Q483417,Rio Ferdinand,England national under-21 association football team,,1997-01-01T00:00:00Z,2000-01-01T00:00:00Z,5
http://www.wikidata.org/entity/Q483417,Rio Ferdinand,Leeds United F.C.,Premier League,2000-01-01T00:00:00Z,2002-01-01T00:00:00Z,54
http://www.wikidata.org/entity/Q483417,Rio Ferdinand,Manchester United F.C.,Premier League,2002-01-01T00:00:00Z,2014-01-01T00:00:00Z,312
http://www.wikidata.org/entity/Q483417,Rio Ferdinand,Queens Park Rangers F.C.,EFL Championship,2014-01-01T00:00:00Z,2015-01-01T00:00:00Z,11
http://www.wikidata.org/entity/Q483583,Alan Shearer,Southampton F.C.,EFL Championship,1988-01-01T00:00:00Z,1992-01-01T00:00:00Z,118
http://www.wikidata.org/entity/Q483583,Alan Shearer,England national under-21 association football team,,1990-01-01T00:00:00Z,1992-01-01T00:00:00Z,11
http://www.wikidata.org/entity/Q483583,Alan Shearer,Blackburn Rovers F.C.,EFL Championship,1992-01-01T00:00:00Z,1996-01-01T00:00:00Z,138
http://www.wikidata.org/entity/Q483583,Alan Shearer,England men's national association football team,,1992-01-01T00:00:00Z,2000-01-01T00:00:00Z,63
http://www.wikidata.org/entity/Q483583,Alan Shearer,England national association football B team,,1992-01-01T00:00:00Z,1992-01-01T00:00:00Z,1
http://www.wikidata.org/entity/Q483583,Alan Shearer,Newcastle United F.C.,Premier League,1996-01-01T00:00:00Z,2006-01-01T00:00:00Z,303
http://www.wikidata.org/entity/Q483837,Luka Modrić,Croatia national under-17 football team,,2001-01-01T00:00:00Z,2001-01-01T00:00:00Z,2
http://www.wikidata.org/entity/Q483837,Luka Modrić,GNK Dinamo Zagreb,Croatian Football League,2003-01-01T00:00:00Z,2008-01-01T00:00:00Z,94
http://www.wikidata.org/entity/Q483837,Luka Modrić,HŠK Zrinjski Mostar,Premier League of Bosnia and Herzegovina,2003-01-01T00:00:00Z,2004-01-01T00:00:00Z,22
http://www.wikidata.org/entity/Q483837,Luka Modrić,Croatia national under-19 football team,,2003-01-01T00:00:00Z,2004-01-01T00:00:00Z,11
http://www.wikidata.org/entity/Q483837,Luka Modrić,NK Inter Zaprešić,Prva nogometna liga,2004-01-01T00:00:00Z,2005-01-01T00:00:00Z,18
http://www.wikidata.org/entity/Q483837,Luka Modrić,Croatia national under-21 football team,,2004-01-01T00:00:00Z,2005-01-01T00:00:00Z,15
http://www.wikidata.org/entity/Q483837,Luka Modrić,Croatia men's national football team,,2006-01-01T00:00:00Z,,194
http://www.wikidata.org/entity/Q483837,Luka Modrić,Tottenham Hotspur F.C.,Premier League,2008-01-01T00:00:00Z,2012-01-01T00:00:00Z,127
http://www.wikidata.org/entity/Q483837,Luka Modrić,Real Madrid Club de Fútbol,La Liga,2012-01-01T00:00:00Z,2025-07-01T00:00:00Z,394
http://www.wikidata.org/entity/Q483837,Luka Modrić,AC Milan,Serie A,2025-07-01T00:00:00Z,,11
http://www.wikidata.org/entity/Q483846,Gonzalo Higuaín,Club Atlético River Plate,Argentine Primera División,2005-01-01T00:00:00Z,2007-01-01T00:00:00Z,35
http://www.wikidata.org/entity/Q483846,Gonzalo Higuaín,Club Atlético River Plate,Liga de Voleibol Argentina – Serie A1,2005-01-01T00:00:00Z,2007-01-01T00:00:00Z,35
http://www.wikidata.org/entity/Q483846,Gonzalo Higuaín,Real Madrid Club de Fútbol,La Liga,2007-01-01T00:00:00Z,2013-01-01T00:00:00Z,190
http://www.wikidata.org/entity/Q483846,Gonzalo Higuaín,Argentina national under-23 football team,,2008-01-01T00:00:00Z,2008-01-01T00:00:00Z,1
http://www.wikidata.org/entity/Q483846,Gonzalo Higuaín,Argentina men's national association football team,,2009-01-01T00:00:00Z,2018-01-01T00:00:00Z,75
http://www.wikidata.org/entity/Q483846,Gonzalo Higuaín,SSC Napoli,Serie A,2013-07-24T00:00:00Z,2016-07-26T00:00:00Z,104
http://www.wikidata.org/entity/Q483846,Gonzalo Higuaín,Juventus FC,Serie A,2016-01-01T00:00:00Z,2020-09-01T00:00:00Z,105
http://www.wikidata.org/entity/Q483846,Gonzalo Higuaín,AC Milan,Serie A,2018-08-01T00:00:00Z,2019-01-23T00:00:00Z,22
http://www.wikidata.org/entity/Q483846,Gonzalo Higuaín,Chelsea F.C.,Premier League,2019-01-23T00:00:00Z,2019-05-30T00:00:00Z,14
http://www.wikidata.org/entity/Q483846,Gonzalo Higuaín,Inter Miami CF,Major League Soccer,2020-09-01T00:00:00Z,2022-10-01T00:00:00Z,67
http://www.wikidata.org/entity/Q484909,Clarence Seedorf,AFC Ajax,Eredivisie,1992-01-01T00:00:00Z,1995-01-01T00:00:00Z,65
http://www.wikidata.org/entity/Q484909,Clarence Seedorf,Netherlands national under-21 football team,,1993-01-01T00:00:00Z,1993-01-01T00:00:00Z,1
http://www.wikidata.org/entity/Q484909,Clarence Seedorf,Netherlands national association football team,,1994-01-01T00:00:00Z,2008-01-01T00:00:00Z,87
http://www.wikidata.org/entity/Q484909,Clarence Seedorf,U.C. Sampdoria,Serie B,1995-01-01T00:00:00Z,1996-01-01T00:00:00Z,32
http://www.wikidata.org/entity/Q484909,Clarence Seedorf,Real Madrid Club de Fútbol,La Liga,1996-01-01T00:00:00Z,1999-01-01T00:00:00Z,121
http://www.wikidata.org/entity/Q484909,Clarence Seedorf,Inter Milan,Serie A,2000-01-01T00:00:00Z,2003-01-01T00:00:00Z,64
http://www.wikidata.org/entity/Q484909,Clarence Seedorf,AC Milan,Serie A,2002-01-01T00:00:00Z,2011-01-01T00:00:00Z,300
http://www.wikidata.org/entity/Q484909,Clarence Seedorf,Botafogo F.R.,Campeonato Brasileiro Série A,2012-01-01T00:00:00Z,2014-01-01T00:00:00Z,58
http://www.wikidata.org/entity/Q484968,Louis Saha,France national under-17 association football team,,1995-01-01T00:00:00Z,1996-01-01T00:00:00Z,5
http://www.wikidata.org/entity/Q484968,Louis Saha,France national under-18 association football team,,1996-01-01T00:00:00Z,1997-01-01T00:00:00Z,13
http://www.wikidata.org/entity/Q484968,Louis Saha,FC Metz,Ligue 1,1997-01-01T00:00:00Z,2000-01-01T00:00:00Z,47
http://www.wikidata.org/entity/Q484968,Louis Saha,Newcastle United F.C.,Premier League,1998-01-01T00:00:00Z,1999-01-01T00:00:00Z,11
http://www.wikidata.org/entity/Q484968,Louis Saha,France national under-21 association football team,,1998-01-01T00:00:00Z,1999-01-01T00:00:00Z,8
http://www.wikidata.org/entity/Q484968,Louis Saha,France national under-20 association football team,,1998-01-01T00:00:00Z,1998-01-01T00:00:00Z,5
http://www.wikidata.org/entity/Q484968,Louis Saha,Newcastle United F.C.,Premier League,1999-01-01T00:00:00Z,1999-01-01T00:00:00Z,11
http://www.wikidata.org/entity/Q484968,Louis Saha,Fulham F.C.,Premier League,2000-01-01T00:00:00Z,2004-01-01T00:00:00Z,117
http://www.wikidata.org/entity/Q484968,Louis Saha,Manchester United F.C.,Premier League,2004-01-01T00:00:00Z,2008-01-01T00:00:00Z,86
http://www.wikidata.org/entity/Q484968,Louis Saha,France men's national association football team,,2004-01-01T00:00:00Z,2012-01-01T00:00:00Z,20
http://www.wikidata.org/entity/Q484968,Louis Saha,Everton F.C.,Premier League,2008-01-01T00:00:00Z,2012-01-01T00:00:00Z,97
http://www.wikidata.org/entity/Q484968,Louis Saha,Tottenham Hotspur F.C.,Premier League,2012-01-01T00:00:00Z,2012-01-01T00:00:00Z,10
http://www.wikidata.org/entity/Q484968,Louis Saha,Sunderland A.F.C.,Premier League,2012-01-01T00:00:00Z,2013-01-01T00:00:00Z,11
http://www.wikidata.org/entity/Q484968,Louis Saha,SS Lazio,Serie A,2013-01-01T00:00:00Z,2013-01-01T00:00:00Z,6
http://www.wikidata.org/entity/Q4889058,Roberto Peragón,Rayo Vallecano B,Segunda División B,1995-01-01T00:00:00Z,1997-01-01T00:00:00Z,
http://www.wikidata.org/entity/Q4889058,Roberto Peragón,Rayo Vallecano,La Liga,1997-01-01T00:00:00Z,1997-01-01T00:00:00Z,4
http://www.wikidata.org/entity/Q4889058,Roberto Peragón,CP Almería,Q20994047,1997-01-01T00:00:00Z,1999-01-01T00:00:00Z,53
http://www.wikidata.org/entity/Q4889058,Roberto Peragón,Burgos CF,LaLiga 2,1999-01-01T00:00:00Z,2000-01-01T00:00:00Z,38
http://www.wikidata.org/entity/Q4889058,Roberto Peragón,Levante UD,La Liga,2000-01-01T00:00:00Z,2001-01-01T00:00:00Z,40
http://www.wikidata.org/entity/Q4889058,Roberto Peragón,Rayo Vallecano,La Liga,2001-01-01T00:00:00Z,2004-01-01T00:00:00Z,105
http://www.wikidata.org/entity/Q4889058,Roberto Peragón,Elche CF,La Liga,2004-01-01T00:00:00Z,2007-01-01T00:00:00Z,79
http://www.wikidata.org/entity/Q4889058,Roberto Peragón,Málaga CF,LaLiga 2,2007-01-01T00:00:00Z,2008-01-01T00:00:00Z,27
http://www.wikidata.org/entity/Q4889058,Roberto Peragón,Alicante CF,Segunda División B,2008-01-01T00:00:00Z,2009-01-01T00:00:00Z,30
http://www.wikidata.org/entity/Q4889058,Roberto Peragón,Girona FC,La Liga,2009-01-01T00:00:00Z,2011-01-01T00:00:00Z,74
http://www.wikidata.org/entity/Q4889058,Roberto Peragón,Gimnàstic de Tarragona,Primera Federación,2011-01-01T00:00:00Z,2012-01-01T00:00:00Z,30
http://www.wikidata.org/entity/Q4889058,Roberto Peragón,Cádiz Club de Fútbol,LaLiga 2,2012-01-01T00:00:00Z,2013-01-01T00:00:00Z,18
http://www.wikidata.org/entity/Q4889058,Roberto Peragón,C.D.Nuevo Puerta Bonita De Carabanchel,Tercera División,2013-01-01T00:00:00Z,2015-01-01T00:00:00Z,26
http://www.wikidata.org/entity/Q489039,Raphaël Varane,R.C. Lens,Ligue 1,2010-01-01T00:00:00Z,2011-01-01T00:00:00Z,23
http://www.wikidata.org/entity/Q489039,Raphaël Varane,France national under-18 association football team,,2010-01-01T00:00:00Z,2010-01-01T00:00:00Z,2
http://www.wikidata.org/entity/Q489039,Raphaël Varane,Real Madrid Club de Fútbol,La Liga,2011-01-01T00:00:00Z,2021-01-01T00:00:00Z,236
http://www.wikidata.org/entity/Q489039,Raphaël Varane,France national under-21 association football team,,2011-01-01T00:00:00Z,2013-01-01T00:00:00Z,15
http://www.wikidata.org/entity/Q489039,Raphaël Varane,France national under-20 association football team,,2012-01-01T00:00:00Z,2012-01-01T00:00:00Z,1
http://www.wikidata.org/entity/Q489039,Raphaël Varane,France men's national association football team,,2013-01-01T00:00:00Z,2022-01-01T00:00:00Z,93
http://www.wikidata.org/entity/Q489039,Raphaël Varane,Manchester United F.C.,Premier League,2021-01-01T00:00:00Z,2024-01-01T00:00:00Z,68
http://www.wikidata.org/entity/Q489039,Raphaël Varane,Como 1907,Serie A,2024-07-01T00:00:00Z,2024-09-01T00:00:00Z,0
http://www.wikidata.org/entity/Q493706,Andrea Cossu,U.S. Olbia 1905,Serie D,1996-01-01T00:00:00Z,1997-01-01T00:00:00Z,5
http://www.wikidata.org/entity/Q493706,Andrea Cossu,Italy national under-16 football team,,1996-01-01T00:00:00Z,1997-01-01T00:00:00Z,2
http://www.wikidata.org/entity/Q493706,Andrea Cossu,Hellas Verona FC,Serie A,1997-01-01T00:00:00Z,2005-01-01T00:00:00Z,91
http://www.wikidata.org/entity/Q493706,Andrea Cossu,Italy national under-18 football team,,1998-01-01T00:00:00Z,1998-01-01T00:00:00Z,1
http://www.wikidata.org/entity/Q493706,Andrea Cossu,A.C. Lumezzane,Serie C1,1999-01-01T00:00:00Z,1999-01-01T00:00:00Z,11
http://www.wikidata.org/entity/Q493706,Andrea Cossu,A.C. Lumezzane,Serie C1,2000-01-01T00:00:00Z,2000-01-01T00:00:00Z,9
http://www.wikidata.org/entity/Q493706,Andrea Cossu,A.C. Lumezzane,Serie C1,2000-01-01T00:00:00Z,2001-01-01T00:00:00Z,21
http://www.wikidata.org/entity/Q493706,Andrea Cossu,S.E.F. Torres 1903,,2002-01-01T00:00:00Z,2002-01-01T00:00:00Z,12
http://www.wikidata.org/entity/Q493706,Andrea Cossu,Cagliari Calcio,Serie A,2005-01-01T00:00:00Z,2015-01-01T00:00:00Z,246
http://www.wikidata.org/entity/Q493706,Andrea Cossu,Hellas Verona FC,Serie A,2006-01-01T00:00:00Z,2008-01-01T00:00:00Z,29
http://www.wikidata.org/entity/Q493706,Andrea Cossu,Italy men's national association football team,,2010-01-01T00:00:00Z,2010-01-01T00:00:00Z,2
http://www.wikidata.org/entity/Q493706,Andrea Cossu,U.S. Olbia 1905,Serie D,2015-01-01T00:00:00Z,,
http://www.wikidata.org/entity/Q497126,Michael Gray,Manchester United F.C.,Premier League,,,
http://www.wikidata.org/entity/Q497126,Michael Gray,Sunderland A.F.C.,Premier League,1992-01-01T00:00:00Z,2004-01-01T00:00:00Z,363
http://www.wikidata.org/entity/Q497126,Michael Gray,England men's national association football team,,1999-01-01T00:00:00Z,1999-01-01T00:00:00Z,3
http://www.wikidata.org/entity/Q497126,Michael Gray,Celtic F.C.,Scottish Premiership,2003-01-01T00:00:00Z,2003-01-01T00:00:00Z,7
http://www.wikidata.org/entity/Q497126,Michael Gray,Blackburn Rovers F.C.,EFL Championship,2004-01-01T00:00:00Z,2007-01-01T00:00:00Z,64
http://www.wikidata.org/entity/Q497126,Michael Gray,Leeds United F.C.,Premier League,2005-01-01T00:00:00Z,2005-01-01T00:00:00Z,10
http://www.wikidata.org/entity/Q497126,Michael Gray,Wolverhampton Wanderers F.C.,Premier League,2007-01-01T00:00:00Z,2009-01-01T00:00:00Z,41
http://www.wikidata.org/entity/Q497126,Michael Gray,Leeds United F.C.,Premier League,2007-01-01T00:00:00Z,2007-01-01T00:00:00Z,6
http://www.wikidata.org/entity/Q497126,Michael Gray,Sheffield Wednesday F.C.,EFL Championship,2009-01-01T00:00:00Z,2010-01-01T00:00:00Z,39
http://www.wikidata.org/entity/Q497126,Michael Gray,Sheffield Wednesday F.C.,EFL Championship,2009-01-01T00:00:00Z,2009-01-01T00:00:00Z,4
http://www.wikidata.org/entity/Q5041999,Carlos Domínguez,Spain national under-16 association football team,,1992-01-01T00:00:00Z,1992-01-01T00:00:00Z,10
http://www.wikidata.org/entity/Q5041999,Carlos Domínguez,Sevilla Atlético,Segunda División B,1994-01-01T00:00:00Z,1995-01-01T00:00:00Z,
http://www.wikidata.org/entity/Q5041999,Carlos Domínguez,Spain national under-18 football team,,1994-01-01T00:00:00Z,1995-01-01T00:00:00Z,14
http://www.wikidata.org/entity/Q5041999,Carlos Domínguez,Sevilla FC,La Liga,1995-01-01T00:00:00Z,1998-01-01T00:00:00Z,71
http://www.wikidata.org/entity/Q5041999,Carlos Domínguez,Spain national under-19 football team,,1995-01-01T00:00:00Z,1995-01-01T00:00:00Z,2
http://www.wikidata.org/entity/Q5041999,Carlos Domínguez,RCD Mallorca,La Liga,1997-01-01T00:00:00Z,1997-01-01T00:00:00Z,20
http://www.wikidata.org/entity/Q5041999,Carlos Domínguez,RCD Mallorca,La Liga,1998-01-01T00:00:00Z,2003-01-01T00:00:00Z,111
http://www.wikidata.org/entity/Q5041999,Carlos Domínguez,Sevilla FC,La Liga,2003-01-01T00:00:00Z,2005-01-01T00:00:00Z,41
http://www.wikidata.org/entity/Q5041999,Carlos Domínguez,Hércules CF,Primera Federación,2006-01-01T00:00:00Z,2006-01-01T00:00:00Z,16
http://www.wikidata.org/entity/Q5041999,Carlos Domínguez,Granada CF,LaLiga 2,2007-01-01T00:00:00Z,2007-01-01T00:00:00Z,11
http://www.wikidata.org/entity/Q506919,Lars Ricken,Germany national under-15 football team,,1990-01-01T00:00:00Z,1991-01-01T00:00:00Z,9
http://www.wikidata.org/entity/Q506919,Lars Ricken,Germany national under-16 football team,,1991-01-01T00:00:00Z,1992-01-01T00:00:00Z,13
http://www.wikidata.org/entity/Q506919,Lars Ricken,Germany national under-17 association football team,,1992-01-01T00:00:00Z,1993-01-01T00:00:00Z,3
http://www.wikidata.org/entity/Q506919,Lars Ricken,Borussia Dortmund,Bundesliga,1993-01-01T00:00:00Z,2007-01-01T00:00:00Z,301
http://www.wikidata.org/entity/Q506919,Lars Ricken,Borussia Dortmund II,Regionalliga West,1993-01-01T00:00:00Z,2002-01-01T00:00:00Z,11
http://www.wikidata.org/entity/Q506919,Lars Ricken,Germany national under-18 football team,,1993-01-01T00:00:00Z,1994-01-01T00:00:00Z,9
http://www.wikidata.org/entity/Q506919,Lars Ricken,Germany national under-19 football team,,1994-01-01T00:00:00Z,1995-01-01T00:00:00Z,1
http://www.wikidata.org/entity/Q506919,Lars Ricken,Germany national under-21 football team,,1995-01-01T00:00:00Z,1998-01-01T00:00:00Z,17
http://www.wikidata.org/entity/Q506919,Lars Ricken,Germany men's national association football team,,1997-01-01T00:00:00Z,2002-01-01T00:00:00Z,16
http://www.wikidata.org/entity/Q506919,Lars Ricken,Germany national football Α2 team,,2000-01-01T00:00:00Z,2001-01-01T00:00:00Z,2
http://www.wikidata.org/entity/Q506919,Lars Ricken,Borussia Dortmund II,Regionalliga West,2008-01-01T00:00:00Z,2009-01-01T00:00:00Z,28
http://www.wikidata.org/entity/Q509374,Juan Cuadrado,Deportivo Independiente Medellín,Categoría Primera A,2008-01-01T00:00:00Z,2009-01-01T00:00:00Z,30
http://www.wikidata.org/entity/Q509374,Juan Cuadrado,Deportivo Independiente Medellín,Copa Colombia,2008-01-01T00:00:00Z,2009-01-01T00:00:00Z,30
http://www.wikidata.org/entity/Q509374,Juan Cuadrado,Udinese Calcio,Serie A,2009-01-01T00:00:00Z,2012-01-01T00:00:00Z,20
http://www.wikidata.org/entity/Q509374,Juan Cuadrado,Colombia men's national football team,,2010-01-01T00:00:00Z,,116
http://www.wikidata.org/entity/Q509374,Juan Cuadrado,US Lecce,Serie A,2011-01-01T00:00:00Z,2012-01-01T00:00:00Z,33
http://www.wikidata.org/entity/Q509374,Juan Cuadrado,ACF Fiorentina,Serie A,2012-01-01T00:00:00Z,2015-01-01T00:00:00Z,85
http://www.wikidata.org/entity/Q509374,Juan Cuadrado,Chelsea F.C.,Premier League,2015-01-01T00:00:00Z,2017-01-01T00:00:00Z,14
http://www.wikidata.org/entity/Q509374,Juan Cuadrado,Juventus FC,Serie A,2015-08-25T00:00:00Z,2017-06-30T00:00:00Z,58
http://www.wikidata.org/entity/Q509374,Juan Cuadrado,Juventus FC,Serie A,2017-07-01T00:00:00Z,2023-06-30T00:00:00Z,166
http://www.wikidata.org/entity/Q509374,Juan Cuadrado,Inter Milan,Serie A,2023-07-19T00:00:00Z,2024-06-30T00:00:00Z,10
http://www.wikidata.org/entity/Q509374,Juan Cuadrado,Atalanta BC,Serie A,2024-08-26T00:00:00Z,2025-07-01T00:00:00Z,23
http://www.wikidata.org/entity/Q509374,Juan Cuadrado,Pisa SC,Serie A,2025-08-06T00:00:00Z,,7
http://www.wikidata.org/entity/Q510039,Antonio Floro Flores,SSC Napoli,Serie A,2000-01-01T00:00:00Z,2004-01-01T00:00:00Z,62
http://www.wikidata.org/entity/Q510039,Antonio Floro Flores,Italy national under-18 football team,,2000-01-01T00:00:00Z,2001-01-01T00:00:00Z,4
http://www.wikidata.org/entity/Q510039,Antonio Floro Flores,Italy national under-19 football team,,2001-01-01T00:00:00Z,2001-01-01T00:00:00Z,5
http://www.wikidata.org/entity/Q510039,Antonio Floro Flores,Italy national under-17 football team,,2001-01-01T00:00:00Z,2001-01-01T00:00:00Z,1
http://www.wikidata.org/entity/Q510039,Antonio Floro Flores,Italy national under-21 football team,,2002-01-01T00:00:00Z,2004-01-01T00:00:00Z,5
http://www.wikidata.org/entity/Q510039,Antonio Floro Flores,Italy national under-20 football team,,2002-01-01T00:00:00Z,2002-01-01T00:00:00Z,1
http://www.wikidata.org/entity/Q510039,Antonio Floro Flores,U.C. Sampdoria,Serie B,2004-01-01T00:00:00Z,2004-01-01T00:00:00Z,4
http://www.wikidata.org/entity/Q510039,Antonio Floro Flores,A.C. Perugia Calcio,Serie C,2004-01-01T00:00:00Z,2005-01-01T00:00:00Z,27
http://www.wikidata.org/entity/Q510039,Antonio Floro Flores,S.S. Arezzo,Italian Hockey League - Division I,2005-01-01T00:00:00Z,2007-01-01T00:00:00Z,79
http://www.wikidata.org/entity/Q510039,Antonio Floro Flores,Udinese Calcio,Serie A,2007-01-01T00:00:00Z,2013-01-01T00:00:00Z,140
http://www.wikidata.org/entity/Q510039,Antonio Floro Flores,Genoa CFC,Serie A,2011-01-01T00:00:00Z,2011-01-01T00:00:00Z,18
http://www.wikidata.org/entity/Q510039,Antonio Floro Flores,Granada CF,LaLiga 2,2012-01-01T00:00:00Z,2013-01-01T00:00:00Z,10
http://www.wikidata.org/entity/Q510039,Antonio Floro Flores,Granada CF,LaLiga 2,2012-01-01T00:00:00Z,2012-01-01T00:00:00Z,10
http://www.wikidata.org/entity/Q510039,Antonio Floro Flores,Genoa CFC,Serie A,2013-01-01T00:00:00Z,2013-01-01T00:00:00Z,13
http://www.wikidata.org/entity/Q510039,Antonio Floro Flores,US Sassuolo Calcio,Serie A,2013-01-01T00:00:00Z,2016-01-01T00:00:00Z,72
http://www.wikidata.org/entity/Q510039,Antonio Floro Flores,US Sassuolo Calcio,Serie A,2013-01-01T00:00:00Z,,
http://www.wikidata.org/entity/Q510039,Antonio Floro Flores,AC ChievoVerona,Serie B,2016-01-01T00:00:00Z,,
http://www.wikidata.org/entity/Q511298,Paco Soler,RCD Mallorca B,Tercera Federación,1988-01-01T00:00:00Z,1991-01-01T00:00:00Z,
http://www.wikidata.org/entity/Q511298,Paco Soler,RCD Mallorca,La Liga,1991-01-01T00:00:00Z,2004-01-01T00:00:00Z,339
http://www.wikidata.org/entity/Q511298,Paco Soler,Spain national under-23 football team,,1991-01-01T00:00:00Z,1992-01-01T00:00:00Z,11
http://www.wikidata.org/entity/Q514427,Granit Xhaka,Switzerland national under-17 association football team,,2008-01-01T00:00:00Z,2009-01-01T00:00:00Z,13
http://www.wikidata.org/entity/Q514427,Granit Xhaka,Switzerland national under-18 association football team,,2009-01-01T00:00:00Z,2010-01-01T00:00:00Z,3
http://www.wikidata.org/entity/Q514427,Granit Xhaka,FC Basel,Swiss Super League,2010-01-01T00:00:00Z,2012-01-01T00:00:00Z,42
http://www.wikidata.org/entity/Q514427,Granit Xhaka,Switzerland national under-21 football team,,2010-01-01T00:00:00Z,2011-01-01T00:00:00Z,5
http://www.wikidata.org/entity/Q514427,Granit Xhaka,Switzerland national under-19 association football team,,2010-01-01T00:00:00Z,2011-01-01T00:00:00Z,12
http://www.wikidata.org/entity/Q514427,Granit Xhaka,Switzerland men's national football team,,2011-01-01T00:00:00Z,,143
http://www.wikidata.org/entity/Q514427,Granit Xhaka,Borussia Mönchengladbach,Bundesliga,2012-01-01T00:00:00Z,2016-01-01T00:00:00Z,108
http://www.wikidata.org/entity/Q514427,Granit Xhaka,Arsenal F.C.,Premier League,2016-01-01T00:00:00Z,2023-01-01T00:00:00Z,225
http://www.wikidata.org/entity/Q514427,Granit Xhaka,Bayer 04 Leverkusen,Bundesliga,2023-01-01T00:00:00Z,2025-01-01T00:00:00Z,66
http://www.wikidata.org/entity/Q514427,Granit Xhaka,Sunderland A.F.C.,Premier League,2025-07-01T00:00:00Z,,13
http://www.wikidata.org/entity/Q517192,Radja Nainggolan,Stallions,,,,
http://www.wikidata.org/entity/Q517192,Radja Nainggolan,Belgium national youth football team,,2004-01-01T00:00:00Z,2004-01-01T00:00:00Z,1
http://www.wikidata.org/entity/Q517192,Radja Nainggolan,Piacenza Calcio,Serie D,2005-01-01T00:00:00Z,2010-01-01T00:00:00Z,71
http://www.wikidata.org/entity/Q517192,Radja Nainggolan,Belgium national under-21 football team,,2007-01-01T00:00:00Z,2010-01-01T00:00:00Z,13
http://www.wikidata.org/entity/Q517192,Radja Nainggolan,Belgium national under-19 football team,,2007-01-01T00:00:00Z,2007-01-01T00:00:00Z,2
http://www.wikidata.org/entity/Q517192,Radja Nainggolan,Belgium national under-20 football team,,2008-01-01T00:00:00Z,2009-01-01T00:00:00Z,2
http://www.wikidata.org/entity/Q517192,Radja Nainggolan,Belgium national youth football team,,2008-01-01T00:00:00Z,2009-01-01T00:00:00Z,2
http://www.wikidata.org/entity/Q517192,Radja Nainggolan,Belgium men's national football team,,2009-01-01T00:00:00Z,2018-01-01T00:00:00Z,30
http://www.wikidata.org/entity/Q517192,Radja Nainggolan,Cagliari Calcio,Serie A,2010-01-01T00:00:00Z,2014-01-01T00:00:00Z,131
http://www.wikidata.org/entity/Q517192,Radja Nainggolan,Cagliari Calcio,Serie A,2010-01-01T00:00:00Z,2010-01-01T00:00:00Z,7
http://www.wikidata.org/entity/Q517192,Radja Nainggolan,AS Roma,Serie A,2014-01-01T00:00:00Z,2014-01-01T00:00:00Z,17
http://www.wikidata.org/entity/Q517192,Radja Nainggolan,AS Roma,Serie A,2014-01-01T00:00:00Z,2018-01-01T00:00:00Z,138
http://www.wikidata.org/entity/Q517192,Radja Nainggolan,Inter Milan,Serie A,2018-01-01T00:00:00Z,2021-08-01T00:00:00Z,33
http://www.wikidata.org/entity/Q517192,Radja Nainggolan,Cagliari Calcio,Serie A,2019-08-01T00:00:00Z,2020-08-01T00:00:00Z,26
http://www.wikidata.org/entity/Q517192,Radja Nainggolan,Cagliari Calcio,Serie A,2021-01-01T00:00:00Z,2021-06-01T00:00:00Z,22
http://www.wikidata.org/entity/Q517192,Radja Nainggolan,Royal Antwerp F.C.,Belgian Pro League,2021-08-01T00:00:00Z,2022-12-01T00:00:00Z,44
http://www.wikidata.org/entity/Q517192,Radja Nainggolan,SPAL,Eccellenza Emilia–Romagna,2023-01-01T00:00:00Z,2023-06-01T00:00:00Z,10
http://www.wikidata.org/entity/Q517192,Radja Nainggolan,Bhayangkara F.C.,Super League,2023-11-01T00:00:00Z,,
http://www.wikidata.org/entity/Q517943,Coro,CD Banyoles,,,,
http://www.wikidata.org/entity/Q517943,Coro,Vilobí CF,,,,
http://www.wikidata.org/entity/Q517943,Coro,RCD Espanyol B,Segunda División B,2001-01-01T00:00:00Z,2004-01-01T00:00:00Z,103
http://www.wikidata.org/entity/Q517943,Coro,Spain national under-17 association football team,,2001-01-01T00:00:00Z,2001-01-01T00:00:00Z,2
http://www.wikidata.org/entity/Q517943,Coro,Spain national under-19 football team,,2001-01-01T00:00:00Z,2002-01-01T00:00:00Z,7
http://www.wikidata.org/entity/Q517943,Coro,RCD Espanyol de Barcelona,La Liga,2003-01-01T00:00:00Z,2011-01-01T00:00:00Z,165
http://www.wikidata.org/entity/Q517943,Coro,Catalonia national football team,,2003-01-01T00:00:00Z,2013-01-01T00:00:00Z,8
http://www.wikidata.org/entity/Q517943,Coro,Club Atlético Osasuna,La Liga,2011-01-01T00:00:00Z,2011-01-01T00:00:00Z,6
http://www.wikidata.org/entity/Q517943,Coro,Girona FC,La Liga,2011-01-01T00:00:00Z,2012-01-01T00:00:00Z,40
http://www.wikidata.org/entity/Q517943,Coro,Elche CF,La Liga,2012-01-01T00:00:00Z,2015-01-01T00:00:00Z,112
http://www.wikidata.org/entity/Q517943,Coro,RCD Mallorca,La Liga,2015-01-01T00:00:00Z,2016-01-01T00:00:00Z,1
http://www.wikidata.org/entity/Q517943,Coro,RCD Mallorca,La Liga,2015-01-01T00:00:00Z,2016-01-01T00:00:00Z,16
http://www.wikidata.org/entity/Q517943,Coro,Doxa Katokopias F.C.,Cypriot Second Division,2017-01-01T00:00:00Z,2017-01-01T00:00:00Z,18
http://www.wikidata.org/entity/Q517943,Coro,FC Goa,Indian Super League,2017-01-01T00:00:00Z,2020-01-01T00:00:00Z,57
http://www.wikidata.org/entity/Q517943,Coro,CD Atlético Baleares,Primera Federación,2020-01-01T00:00:00Z,2021-01-01T00:00:00Z,21
http://www.wikidata.org/entity/Q519625,Luciano Zauri,Italy national under-17 football team,,1995-01-01T00:00:00Z,1995-01-01T00:00:00Z,6
http://www.wikidata.org/entity/Q519625,Luciano Zauri,Italy national under-18 football team,,1995-01-01T00:00:00Z,1996-01-01T00:00:00Z,9
http://www.wikidata.org/entity/Q519625,Luciano Zauri,Atalanta BC,Serie A,1996-01-01T00:00:00Z,2003-01-01T00:00:00Z,153
http://www.wikidata.org/entity/Q519625,Luciano Zauri,AC ChievoVerona,Serie B,1997-01-01T00:00:00Z,1998-01-01T00:00:00Z,24
http://www.wikidata.org/entity/Q519625,Luciano Zauri,Italy national under-21 football team,,1999-01-01T00:00:00Z,1999-01-01T00:00:00Z,1
http://www.wikidata.org/entity/Q519625,Luciano Zauri,Italy men's national association football team,,2001-01-01T00:00:00Z,2006-01-01T00:00:00Z,5
http://www.wikidata.org/entity/Q519625,Luciano Zauri,SS Lazio,Serie A,2003-01-01T00:00:00Z,2013-01-01T00:00:00Z,139
http://www.wikidata.org/entity/Q519625,Luciano Zauri,ACF Fiorentina,Serie A,2008-01-01T00:00:00Z,2009-01-01T00:00:00Z,18
http://www.wikidata.org/entity/Q519625,Luciano Zauri,U.C. Sampdoria,Serie B,2009-01-01T00:00:00Z,2011-01-01T00:00:00Z,59
http://www.wikidata.org/entity/Q519625,Luciano Zauri,Delfino Pescara 1936,Serie B,2013-01-01T00:00:00Z,2014-01-01T00:00:00Z,24
http://www.wikidata.org/entity/Q519654,Miguel Ángel Moyá,Spain national under-16 association football team,,2001-05-06T00:00:00Z,2001-05-06T00:00:00Z,
http://www.wikidata.org/entity/Q519654,Miguel Ángel Moyá,RCD Mallorca B,Tercera Federación,2001-07-01T00:00:00Z,2004-07-01T00:00:00Z,58
http://www.wikidata.org/entity/Q519654,Miguel Ángel Moyá,Spain national under-17 association football team,,2001-09-15T00:00:00Z,2001-09-21T00:00:00Z,3
http://www.wikidata.org/entity/Q519654,Miguel Ángel Moyá,Spain national under-19 football team,,2002-04-24T00:00:00Z,2002-07-28T00:00:00Z,11
http://www.wikidata.org/entity/Q519654,Miguel Ángel Moyá,Spain national under-20 football team,,2003-04-23T00:00:00Z,2003-12-19T00:00:00Z,4
http://www.wikidata.org/entity/Q519654,Miguel Ángel Moyá,RCD Mallorca,La Liga,2004-07-01T00:00:00Z,2009-07-01T00:00:00Z,107
http://www.wikidata.org/entity/Q519654,Miguel Ángel Moyá,Spain national under-21 association football team,,2004-09-02T00:00:00Z,2006-10-10T00:00:00Z,12
http://www.wikidata.org/entity/Q519654,Miguel Ángel Moyá,Valencia CF,La Liga,2009-07-01T00:00:00Z,2012-07-01T00:00:00Z,24
http://www.wikidata.org/entity/Q519654,Miguel Ángel Moyá,Getafe CF,La Liga,2011-07-01T00:00:00Z,2012-06-30T00:00:00Z,36
http://www.wikidata.org/entity/Q519654,Miguel Ángel Moyá,Getafe CF,La Liga,2012-07-01T00:00:00Z,2014-06-04T00:00:00Z,60
http://www.wikidata.org/entity/Q519654,Miguel Ángel Moyá,Atlético Madrid,La Liga,2014-06-04T00:00:00Z,2018-02-27T00:00:00Z,67
http://www.wikidata.org/entity/Q519654,Miguel Ángel Moyá,Real Sociedad,La Liga,2018-02-27T00:00:00Z,2021-07-01T00:00:00Z,37
http://www.wikidata.org/entity/Q5220258,Danny Cullip,Oxford United F.C.,EFL Championship,1995-01-01T00:00:00Z,1996-01-01T00:00:00Z,0
http://www.wikidata.org/entity/Q5220258,Danny Cullip,Fulham F.C.,Premier League,1996-01-01T00:00:00Z,1998-01-01T00:00:00Z,50
http://www.wikidata.org/entity/Q5220258,Danny Cullip,Brentford F.C.,Premier League,1998-01-01T00:00:00Z,1999-01-01T00:00:00Z,15
http://www.wikidata.org/entity/Q5220258,Danny Cullip,Brighton & Hove Albion F.C.,Premier League,1999-01-01T00:00:00Z,2004-01-01T00:00:00Z,213
http://www.wikidata.org/entity/Q5220258,Danny Cullip,Brighton & Hove Albion F.C.,Premier League,1999-01-01T00:00:00Z,1999-01-01T00:00:00Z,4
http://www.wikidata.org/entity/Q5220258,Danny Cullip,Sheffield United F.C.,EFL Championship,2004-01-01T00:00:00Z,2005-01-01T00:00:00Z,11
http://www.wikidata.org/entity/Q5220258,Danny Cullip,Watford F.C.,EFL Championship,2005-01-01T00:00:00Z,2005-01-01T00:00:00Z,4
http://www.wikidata.org/entity/Q5220258,Danny Cullip,Nottingham Forest F.C.,Premier League,2005-01-01T00:00:00Z,2007-01-01T00:00:00Z,31
http://www.wikidata.org/entity/Q5220258,Danny Cullip,Queens Park Rangers F.C.,EFL Championship,2007-01-01T00:00:00Z,2008-01-01T00:00:00Z,19
http://www.wikidata.org/entity/Q5220258,Danny Cullip,Gillingham F.C.,EFL League Two,2008-01-01T00:00:00Z,2008-01-01T00:00:00Z,11
http://www.wikidata.org/entity/Q5220258,Danny Cullip,Lewes F.C.,Isthmian League,2008-01-01T00:00:00Z,2010-01-01T00:00:00Z,36
http://www.wikidata.org/entity/Q526159,François Modesto,SC Bastia,Ligue 2,1998-01-01T00:00:00Z,1999-01-01T00:00:00Z,
http://www.wikidata.org/entity/Q526159,François Modesto,Corsica national football team,,1998-01-01T00:00:00Z,,
http://www.wikidata.org/entity/Q526159,François Modesto,Cagliari Calcio,Serie A,1999-01-01T00:00:00Z,2004-01-01T00:00:00Z,150
http://www.wikidata.org/entity/Q526159,François Modesto,Modena F.C.,Serie B,2004-01-01T00:00:00Z,2004-01-01T00:00:00Z,1
http://www.wikidata.org/entity/Q526159,François Modesto,AS Monaco FC,Ligue 1,2004-01-01T00:00:00Z,2010-01-01T00:00:00Z,164
http://www.wikidata.org/entity/Q526159,François Modesto,Olympiacos F.C.,Super League Greece,2010-01-01T00:00:00Z,2013-01-01T00:00:00Z,69
http://www.wikidata.org/entity/Q526159,François Modesto,SC Bastia,Ligue 2,2013-01-01T00:00:00Z,,
http://www.wikidata.org/entity/Q528696,Massimo Gobbi,AC Milan,Serie A,,,
http://www.wikidata.org/entity/Q528696,Massimo Gobbi,Pro Sesto 1913,Serie D,1998-01-01T00:00:00Z,1999-01-01T00:00:00Z,6
http://www.wikidata.org/entity/Q528696,Massimo Gobbi,Treviso F.B.C. 1993,Eccellenza,1999-01-01T00:00:00Z,2004-01-01T00:00:00Z,51
http://www.wikidata.org/entity/Q528696,Massimo Gobbi,S.S.C. Giugliano,Serie D,2001-01-01T00:00:00Z,2002-01-01T00:00:00Z,33
http://www.wikidata.org/entity/Q528696,Massimo Gobbi,U.C. AlbinoLeffe,Serie C1,2002-01-01T00:00:00Z,2003-01-01T00:00:00Z,30
http://www.wikidata.org/entity/Q528696,Massimo Gobbi,Cagliari Calcio,Serie A,2004-01-01T00:00:00Z,2006-01-01T00:00:00Z,71
http://www.wikidata.org/entity/Q528696,Massimo Gobbi,ACF Fiorentina,Serie A,2006-01-01T00:00:00Z,2010-01-01T00:00:00Z,81
http://www.wikidata.org/entity/Q528696,Massimo Gobbi,Italy men's national association football team,,2006-01-01T00:00:00Z,2006-01-01T00:00:00Z,1
http://www.wikidata.org/entity/Q528696,Massimo Gobbi,Parma Calcio 1913,Serie A,2010-01-01T00:00:00Z,2015-01-01T00:00:00Z,155
http://www.wikidata.org/entity/Q528696,Massimo Gobbi,AC ChievoVerona,Serie B,2015-01-01T00:00:00Z,,
http://www.wikidata.org/entity/Q529207,Ronaldo,Cruzeiro E.C.,Campeonato Brasileiro Série A,1993-01-01T00:00:00Z,1994-01-01T00:00:00Z,14
http://www.wikidata.org/entity/Q529207,Ronaldo,Brazil national under-17 football team,,1993-01-01T00:00:00Z,1993-01-01T00:00:00Z,7
http://www.wikidata.org/entity/Q529207,Ronaldo,PSV Eindhoven,Eredivisie,1994-01-01T00:00:00Z,1996-01-01T00:00:00Z,46
http://www.wikidata.org/entity/Q529207,Ronaldo,Brazil men's national football team,,1994-01-01T00:00:00Z,2011-01-01T00:00:00Z,98
http://www.wikidata.org/entity/Q529207,Ronaldo,Futbol Club Barcelona,La Liga,1996-01-01T00:00:00Z,1997-01-01T00:00:00Z,37
http://www.wikidata.org/entity/Q529207,Ronaldo,Brazil national under-23 football team,,1996-01-01T00:00:00Z,1996-01-01T00:00:00Z,6
http://www.wikidata.org/entity/Q529207,Ronaldo,Brazil national under-23 football team,,1996-01-01T00:00:00Z,1996-01-01T00:00:00Z,8
http://www.wikidata.org/entity/Q529207,Ronaldo,Inter Milan,Serie A,1997-01-01T00:00:00Z,2002-01-01T00:00:00Z,68
http://www.wikidata.org/entity/Q529207,Ronaldo,Real Madrid Club de Fútbol,La Liga,2002-01-01T00:00:00Z,2007-01-01T00:00:00Z,177
http://www.wikidata.org/entity/Q529207,Ronaldo,AC Milan,Serie A,2007-01-01T00:00:00Z,2008-01-01T00:00:00Z,20
http://www.wikidata.org/entity/Q529207,Ronaldo,S.C. Corinthians Paulista,Campeonato Brasileiro Série A,2009-01-01T00:00:00Z,2011-01-01T00:00:00Z,69
http://www.wikidata.org/entity/Q529207,Ronaldo,S.C. Corinthians Paulista,Campeonato Paulista de Futebol,2009-01-01T00:00:00Z,2011-01-01T00:00:00Z,69
http://www.wikidata.org/entity/Q531814,Kaká,Brazil national under-20 football team,,2000-01-01T00:00:00Z,2001-01-01T00:00:00Z,5
http://www.wikidata.org/entity/Q531814,Kaká,São Paulo FC,Campeonato Brasileiro Série A,2001-01-01T00:00:00Z,2003-01-01T00:00:00Z,59
http://www.wikidata.org/entity/Q531814,Kaká,Brazil national under-20 football team,,2001-01-01T00:00:00Z,2001-01-01T00:00:00Z,5
http://www.wikidata.org/entity/Q531814,Kaká,Brazil men's national football team,,2002-01-01T00:00:00Z,2016-01-01T00:00:00Z,92
http://www.wikidata.org/entity/Q531814,Kaká,AC Milan,Serie A,2003-01-01T00:00:00Z,2009-01-01T00:00:00Z,193
http://www.wikidata.org/entity/Q531814,Kaká,Real Madrid Club de Fútbol,La Liga,2009-01-01T00:00:00Z,2013-01-01T00:00:00Z,85
http://www.wikidata.org/entity/Q531814,Kaká,AC Milan,Serie A,2013-01-01T00:00:00Z,2014-01-01T00:00:00Z,30
http://www.wikidata.org/entity/Q531814,Kaká,São Paulo FC,Campeonato Brasileiro Série A,2014-01-01T00:00:00Z,2014-01-01T00:00:00Z,19
http://www.wikidata.org/entity/Q531814,Kaká,Orlando City SC,Major League Soccer,2014-01-01T00:00:00Z,2017-12-01T00:00:00Z,75
http://www.wikidata.org/entity/Q538387,Juan Velasco Damas,Sevilla Atlético,Segunda División B,1996-01-01T00:00:00Z,1997-01-01T00:00:00Z,14
http://www.wikidata.org/entity/Q538387,Juan Velasco Damas,Sevilla FC,La Liga,1997-01-01T00:00:00Z,1999-01-01T00:00:00Z,79
http://www.wikidata.org/entity/Q538387,Juan Velasco Damas,Spain national under-21 association football team,,1998-01-01T00:00:00Z,1999-01-01T00:00:00Z,5
http://www.wikidata.org/entity/Q538387,Juan Velasco Damas,RC Celta de Vigo,La Liga,1999-01-01T00:00:00Z,2004-01-01T00:00:00Z,134
http://www.wikidata.org/entity/Q538387,Juan Velasco Damas,Spain men's national football team,,2000-01-01T00:00:00Z,2000-01-01T00:00:00Z,5
http://www.wikidata.org/entity/Q538387,Juan Velasco Damas,Atlético Madrid,La Liga,2004-01-01T00:00:00Z,2006-01-01T00:00:00Z,46
http://www.wikidata.org/entity/Q538387,Juan Velasco Damas,RCD Espanyol de Barcelona,La Liga,2006-01-01T00:00:00Z,2007-01-01T00:00:00Z,20
http://www.wikidata.org/entity/Q538387,Juan Velasco Damas,Norwich City F.C.,EFL Championship,2007-01-01T00:00:00Z,2008-01-01T00:00:00Z,3
http://www.wikidata.org/entity/Q538387,Juan Velasco Damas,Norwich City F.C.,EFL Championship,2008-01-01T00:00:00Z,2008-01-01T00:00:00Z,3
http://www.wikidata.org/entity/Q538387,Juan Velasco Damas,A.P.S. Panthrakikos,Gamma Ethniki,2008-01-01T00:00:00Z,2009-01-01T00:00:00Z,25
http://www.wikidata.org/entity/Q538387,Juan Velasco Damas,Athlitiki Enosi Larissa F.C.,Super League Greece,2010-01-01T00:00:00Z,2011-01-01T00:00:00Z,27
http://www.wikidata.org/entity/Q5407892,Pablo Gómez Ortiz de Guzmán,CD Aurrerá de Vitoria,Tercera División,,1989-01-01T00:00:00Z,
http://www.wikidata.org/entity/Q5407892,Pablo Gómez Ortiz de Guzmán,UE Lleida,Segunda División B,1989-01-01T00:00:00Z,1992-01-01T00:00:00Z,111
http://www.wikidata.org/entity/Q5407892,Pablo Gómez Ortiz de Guzmán,Rayo Vallecano,La Liga,1992-01-01T00:00:00Z,1994-01-01T00:00:00Z,80
http://www.wikidata.org/entity/Q5407892,Pablo Gómez Ortiz de Guzmán,Real Valladolid,LaLiga 2,1994-01-01T00:00:00Z,1995-01-01T00:00:00Z,32
http://www.wikidata.org/entity/Q5407892,Pablo Gómez Ortiz de Guzmán,Deportivo Alavés,La Liga,1995-01-01T00:00:00Z,1996-01-01T00:00:00Z,36
http://www.wikidata.org/entity/Q5407892,Pablo Gómez Ortiz de Guzmán,Levante UD,La Liga,1996-01-01T00:00:00Z,1997-01-01T00:00:00Z,38
http://www.wikidata.org/entity/Q5407892,Pablo Gómez Ortiz de Guzmán,Deportivo Alavés,La Liga,1997-01-01T00:00:00Z,2004-01-01T00:00:00Z,259
http://www.wikidata.org/entity/Q5407892,Pablo Gómez Ortiz de Guzmán,Basque Country regional football team,,2003-01-01T00:00:00Z,2003-01-01T00:00:00Z,1
http://www.wikidata.org/entity/Q5407892,Pablo Gómez Ortiz de Guzmán,Ciudad de Murcia,LaLiga 2,2004-01-01T00:00:00Z,2005-01-01T00:00:00Z,18
http://www.wikidata.org/entity/Q540906,Jody Craddock,Christchurch F.C.,Wessex Football League,1992-01-01T00:00:00Z,1993-01-01T00:00:00Z,
http://www.wikidata.org/entity/Q540906,Jody Craddock,Cambridge United F.C.,EFL League Two,1993-01-01T00:00:00Z,1997-01-01T00:00:00Z,145
http://www.wikidata.org/entity/Q540906,Jody Craddock,Woking F.C.,National League,1993-01-01T00:00:00Z,1994-01-01T00:00:00Z,7
http://www.wikidata.org/entity/Q540906,Jody Craddock,Sunderland A.F.C.,Premier League,1997-01-01T00:00:00Z,2003-01-01T00:00:00Z,146
http://www.wikidata.org/entity/Q540906,Jody Craddock,Sheffield United F.C.,EFL Championship,1999-01-01T00:00:00Z,1999-01-01T00:00:00Z,10
http://www.wikidata.org/entity/Q540906,Jody Craddock,Wolverhampton Wanderers F.C.,Premier League,2003-01-01T00:00:00Z,2013-01-01T00:00:00Z,215
http://www.wikidata.org/entity/Q540906,Jody Craddock,Stoke City F.C.,EFL Championship,2007-01-01T00:00:00Z,2007-01-01T00:00:00Z,4
http://www.wikidata.org/entity/Q541882,David López Moreno,CD Logroñés,Segunda División B,,2000-01-01T00:00:00Z,
http://www.wikidata.org/entity/Q541882,David López Moreno,Club Atlético Osasuna,La Liga,2000-01-01T00:00:00Z,2001-01-01T00:00:00Z,
http://www.wikidata.org/entity/Q541882,David López Moreno,Osasuna B,Primera Federación,2001-01-01T00:00:00Z,2004-01-01T00:00:00Z,81
http://www.wikidata.org/entity/Q541882,David López Moreno,Club Atlético Osasuna,La Liga,2004-01-01T00:00:00Z,2007-01-01T00:00:00Z,102
http://www.wikidata.org/entity/Q541882,David López Moreno,Athletic Club,La Liga,2007-01-01T00:00:00Z,2012-01-01T00:00:00Z,144
http://www.wikidata.org/entity/Q541882,David López Moreno,Brighton & Hove Albion F.C.,Premier League,2012-01-01T00:00:00Z,2014-01-01T00:00:00Z,71
http://www.wikidata.org/entity/Q541882,David López Moreno,Club Deportivo Lugo,Primera Federación 2023-24,2014-01-01T00:00:00Z,2016-01-01T00:00:00Z,71
http://www.wikidata.org/entity/Q541882,David López Moreno,Sociedad Deportiva Huesca,LaLiga 2,2016-01-01T00:00:00Z,2017-01-01T00:00:00Z,23
http://www.wikidata.org/entity/Q541882,David López Moreno,UCAM Murcia CF,4th Division,2017-01-01T00:00:00Z,2018-01-01T00:00:00Z,14
http://www.wikidata.org/entity/Q541882,David López Moreno,Novelda CF,Tercera División,2018-01-01T00:00:00Z,2019-01-01T00:00:00Z,28
http://www.wikidata.org/entity/Q541882,David López Moreno,CD Eldense,LaLiga 2,2019-01-01T00:00:00Z,2021-01-01T00:00:00Z,49
http://www.wikidata.org/entity/Q541882,David López Moreno,CF Intercity,Primera Federación,2019-01-01T00:00:00Z,2019-01-01T00:00:00Z,7
http://www.wikidata.org/entity/Q541882,David López Moreno,Callosa Deportiva Club de Fútbol,,2021-01-01T00:00:00Z,2022-01-01T00:00:00Z,31
http://www.wikidata.org/entity/Q541882,David López Moreno,Caravaca CF,,2022-01-01T00:00:00Z,2023-01-01T00:00:00Z,21
http://www.wikidata.org/entity/Q541882,David López Moreno,EDMF Churra,,2023-01-01T00:00:00Z,,
http://www.wikidata.org/entity/Q545922,Giuseppe Pancaro,F.C. Calcio Acri,Eccellenza,1988-01-01T00:00:00Z,1989-01-01T00:00:00Z,29
http://www.wikidata.org/entity/Q545922,Giuseppe Pancaro,Torino FC,Serie A,1989-01-01T00:00:00Z,1992-01-01T00:00:00Z,0
http://www.wikidata.org/entity/Q545922,Giuseppe Pancaro,Forza e Coraggio Avezzano,Promozione,1991-01-01T00:00:00Z,1992-01-01T00:00:00Z,32
http://www.wikidata.org/entity/Q545922,Giuseppe Pancaro,Cagliari Calcio,Serie A,1992-01-01T00:00:00Z,1997-01-01T00:00:00Z,99
http://www.wikidata.org/entity/Q545922,Giuseppe Pancaro,SS Lazio,Serie A,1997-01-01T00:00:00Z,2003-01-01T00:00:00Z,152
http://www.wikidata.org/entity/Q545922,Giuseppe Pancaro,Italy men's national association football team,,1999-01-01T00:00:00Z,2005-01-01T00:00:00Z,19
http://www.wikidata.org/entity/Q545922,Giuseppe Pancaro,AC Milan,Serie A,2003-01-01T00:00:00Z,2005-01-01T00:00:00Z,39
http://www.wikidata.org/entity/Q545922,Giuseppe Pancaro,ACF Fiorentina,Serie A,2005-01-01T00:00:00Z,2006-01-01T00:00:00Z,18
http://www.wikidata.org/entity/Q545922,Giuseppe Pancaro,Torino FC,Serie A,2006-01-01T00:00:00Z,2007-01-01T00:00:00Z,10
http://www.wikidata.org/entity/Q551723,Fabio Morena,VfB Stuttgart,Bundesliga,,,
http://www.wikidata.org/entity/Q551723,Fabio Morena,Hamburger SV,Bundesliga,,,
http://www.wikidata.org/entity/Q551723,Fabio Morena,VfB Stuttgart II,3. Liga,1999-01-01T00:00:00Z,2002-01-01T00:00:00Z,58
http://www.wikidata.org/entity/Q551723,Fabio Morena,Alicante CF,Segunda División B,2002-01-01T00:00:00Z,2003-01-01T00:00:00Z,21
http://www.wikidata.org/entity/Q551723,Fabio Morena,FC St. Pauli,Bundesliga,2003-01-01T00:00:00Z,2012-01-01T00:00:00Z,232
http://www.wikidata.org/entity/Q551723,Fabio Morena,SV Sandhausen,Fußball-Regionalliga Südwest,2012-01-01T00:00:00Z,2013-01-01T00:00:00Z,15
http://www.wikidata.org/entity/Q551723,Fabio Morena,Hamburger SV II,Regionalliga Nord,2013-01-01T00:00:00Z,,
http://www.wikidata.org/entity/Q5525217,Gary Hart,Brighton & Hove Albion F.C.,Premier League,1998-01-01T00:00:00Z,2011-01-01T00:00:00Z,373
http://www.wikidata.org/entity/Q5525217,Gary Hart,Havant & Waterlooville F.C.,National League South,2007-01-01T00:00:00Z,2008-01-01T00:00:00Z,5
http://www.wikidata.org/entity/Q5525217,Gary Hart,Eastbourne Borough F.C.,National League South,2011-01-01T00:00:00Z,2014-01-01T00:00:00Z,81
http://www.wikidata.org/entity/Q5525217,Gary Hart,Royston Town F.C.,Southern Football League,2014-01-01T00:00:00Z,,
http://www.wikidata.org/entity/Q552709,Nikolče Noveski,North Macedonia national under-21 football team,,,,
http://www.wikidata.org/entity/Q552709,Nikolče Noveski,North Macedonia national under-19 football team,,,,
http://www.wikidata.org/entity/Q552709,Nikolče Noveski,FK Pelister,First Macedonian Football League,1997-01-01T00:00:00Z,1998-01-01T00:00:00Z,12
http://www.wikidata.org/entity/Q552709,Nikolče Noveski,F.C. Hansa Rostock,3. Liga,1998-01-01T00:00:00Z,1999-01-01T00:00:00Z,1
http://www.wikidata.org/entity/Q552709,Nikolče Noveski,FK Pelister,First Macedonian Football League,2000-01-01T00:00:00Z,2001-01-01T00:00:00Z,
http://www.wikidata.org/entity/Q552709,Nikolče Noveski,FC Erzgebirge Aue,,2001-01-01T00:00:00Z,2004-01-01T00:00:00Z,92
http://www.wikidata.org/entity/Q552709,Nikolče Noveski,F.C. Hansa Rostock,3. Liga,2001-01-01T00:00:00Z,2002-01-01T00:00:00Z,1
http://www.wikidata.org/entity/Q552709,Nikolče Noveski,1. FSV Mainz 05,Bundesliga,2004-01-01T00:00:00Z,2015-01-01T00:00:00Z,315
http://www.wikidata.org/entity/Q552709,Nikolče Noveski,North Macedonia men's national football team,,2004-01-01T00:00:00Z,2013-01-01T00:00:00Z,64
http://www.wikidata.org/entity/Q5550103,Gerard Moreno,Villarreal CF,La Liga,2010-01-01T00:00:00Z,2011-01-01T00:00:00Z,39
http://www.wikidata.org/entity/Q5550103,Gerard Moreno,Villarreal CF C,Tercera División,2010-01-01T00:00:00Z,2011-01-01T00:00:00Z,39
http://www.wikidata.org/entity/Q5550103,Gerard Moreno,Villarreal CF B,Segunda División B,2011-01-01T00:00:00Z,2013-01-01T00:00:00Z,29
http://www.wikidata.org/entity/Q5550103,Gerard Moreno,Villarreal CF,La Liga,2012-01-01T00:00:00Z,2015-01-01T00:00:00Z,40
http://www.wikidata.org/entity/Q5550103,Gerard Moreno,RCD Mallorca,La Liga,2013-01-01T00:00:00Z,2014-01-01T00:00:00Z,31
http://www.wikidata.org/entity/Q5550103,Gerard Moreno,Catalonia national football team,,2014-01-01T00:00:00Z,2016-01-01T00:00:00Z,3
http://www.wikidata.org/entity/Q5550103,Gerard Moreno,RCD Espanyol de Barcelona,La Liga,2015-01-01T00:00:00Z,2018-01-01T00:00:00Z,107
http://www.wikidata.org/entity/Q5550103,Gerard Moreno,Villarreal CF,La Liga,2018-01-01T00:00:00Z,,188
http://www.wikidata.org/entity/Q5550103,Gerard Moreno,Spain men's national football team,,2019-01-01T00:00:00Z,,18
http://www.wikidata.org/entity/Q561227,Paolo Negro,Brescia Calcio,Serie B,1989-01-01T00:00:00Z,1990-01-01T00:00:00Z,
http://www.wikidata.org/entity/Q561227,Paolo Negro,Bologna F.C. 1909,Serie A,1990-01-01T00:00:00Z,1992-01-01T00:00:00Z,49
http://www.wikidata.org/entity/Q561227,Paolo Negro,Italy national under-21 football team,,1991-01-01T00:00:00Z,1994-01-01T00:00:00Z,10
http://www.wikidata.org/entity/Q561227,Paolo Negro,Brescia Calcio,Serie B,1992-01-01T00:00:00Z,1993-01-01T00:00:00Z,26
http://www.wikidata.org/entity/Q561227,Paolo Negro,SS Lazio,Serie A,1993-01-01T00:00:00Z,2005-01-01T00:00:00Z,264
http://www.wikidata.org/entity/Q561227,Paolo Negro,Italy men's national association football team,,1994-01-01T00:00:00Z,2000-01-01T00:00:00Z,8
http://www.wikidata.org/entity/Q561227,Paolo Negro,Siena FC,Serie C,2005-01-01T00:00:00Z,2007-01-01T00:00:00Z,49
http://www.wikidata.org/entity/Q561227,Paolo Negro,Associazione Sportiva Dilettantistica Cerveteri Calcio,,2010-01-01T00:00:00Z,2011-01-01T00:00:00Z,7
http://www.wikidata.org/entity/Q562684,Mikel Aranburu,Real Sociedad B,LaLiga 2,1996-01-01T00:00:00Z,1999-01-01T00:00:00Z,88
http://www.wikidata.org/entity/Q562684,Mikel Aranburu,Real Sociedad,La Liga,1997-01-01T00:00:00Z,2012-01-01T00:00:00Z,425
http://www.wikidata.org/entity/Q562684,Mikel Aranburu,Basque Country regional football team,,2002-01-01T00:00:00Z,2011-01-01T00:00:00Z,9
http://www.wikidata.org/entity/Q568363,Dimo Wache,Germany national under-15 football team,,1988-01-01T00:00:00Z,1988-01-01T00:00:00Z,1
http://www.wikidata.org/entity/Q568363,Dimo Wache,Germany national under-16 football team,,1989-01-01T00:00:00Z,1989-01-01T00:00:00Z,3
http://www.wikidata.org/entity/Q568363,Dimo Wache,Germany national under-17 association football team,,1990-01-01T00:00:00Z,1991-01-01T00:00:00Z,6
http://www.wikidata.org/entity/Q568363,Dimo Wache,Germany national under-18 football team,,1991-01-01T00:00:00Z,1993-01-01T00:00:00Z,19
http://www.wikidata.org/entity/Q568363,Dimo Wache,Borussia Mönchengladbach,Bundesliga,1992-01-01T00:00:00Z,1995-01-01T00:00:00Z,0
http://www.wikidata.org/entity/Q568363,Dimo Wache,Germany national under-19 football team,,1993-01-01T00:00:00Z,1994-01-01T00:00:00Z,8
http://www.wikidata.org/entity/Q568363,Dimo Wache,Germany national under-21 football team,,1994-01-01T00:00:00Z,1994-01-01T00:00:00Z,1
http://www.wikidata.org/entity/Q568363,Dimo Wache,1. FSV Mainz 05,Bundesliga,1995-01-01T00:00:00Z,2010-01-01T00:00:00Z,374
http://www.wikidata.org/entity/Q568363,Dimo Wache,SV Mehring,Oberliga Rheinland-Pfalz/Saar,2012-01-01T00:00:00Z,2012-01-01T00:00:00Z,5
http://www.wikidata.org/entity/Q582087,Ángel Rodríguez,Real Madrid Club de Fútbol,La Liga,,,
http://www.wikidata.org/entity/Q582087,Ángel Rodríguez,CD Atlético Baleares,Primera Federación,,,
http://www.wikidata.org/entity/Q582087,Ángel Rodríguez,C.D. Tenerife,Primera Federación,2005-07-01T00:00:00Z,2010-07-01T00:00:00Z,108
http://www.wikidata.org/entity/Q582087,Ángel Rodríguez,CD Tenerife B,Tercera División,2005-07-01T00:00:00Z,2005-07-01T00:00:00Z,
http://www.wikidata.org/entity/Q582087,Ángel Rodríguez,Spain national under-19 football team,,2006-04-11T00:00:00Z,2006-04-11T00:00:00Z,1
http://www.wikidata.org/entity/Q582087,Ángel Rodríguez,Real Madrid Castilla,Primera Federación,2007-07-01T00:00:00Z,2007-12-31T00:00:00Z,3
http://www.wikidata.org/entity/Q582087,Ángel Rodríguez,Osasuna B,Primera Federación,2008-01-01T00:00:00Z,2008-06-30T00:00:00Z,19
http://www.wikidata.org/entity/Q582087,Ángel Rodríguez,Elche CF,La Liga,2010-07-01T00:00:00Z,2012-07-01T00:00:00Z,72
http://www.wikidata.org/entity/Q582087,Ángel Rodríguez,Levante UD,La Liga,2012-07-01T00:00:00Z,2014-07-10T00:00:00Z,35
http://www.wikidata.org/entity/Q582087,Ángel Rodríguez,Elche CF,La Liga,2013-01-31T00:00:00Z,2013-06-30T00:00:00Z,15
http://www.wikidata.org/entity/Q582087,Ángel Rodríguez,SD Eibar,LaLiga 2,2014-07-10T00:00:00Z,2015-07-13T00:00:00Z,17
http://www.wikidata.org/entity/Q582087,Ángel Rodríguez,Real Zaragoza,LaLiga 2,2015-07-13T00:00:00Z,2017-07-06T00:00:00Z,75
http://www.wikidata.org/entity/Q582087,Ángel Rodríguez,Getafe CF,La Liga,2017-07-06T00:00:00Z,2021-07-02T00:00:00Z,153
http://www.wikidata.org/entity/Q582087,Ángel Rodríguez,RCD Mallorca,La Liga,2021-07-02T00:00:00Z,,39
http://www.wikidata.org/entity/Q5981954,Lucas Vázquez,Real Madrid Club de Fútbol,La Liga,2007-01-01T00:00:00Z,2010-01-01T00:00:00Z,
http://www.wikidata.org/entity/Q5981954,Lucas Vázquez,Real Madrid C,Tercera Federación,2010-01-01T00:00:00Z,2011-01-01T00:00:00Z,14
http://www.wikidata.org/entity/Q5981954,Lucas Vázquez,Real Madrid Castilla,Primera Federación,2011-01-01T00:00:00Z,2014-01-01T00:00:00Z,89
http://www.wikidata.org/entity/Q5981954,Lucas Vázquez,RCD Espanyol de Barcelona,La Liga,2014-01-01T00:00:00Z,2015-01-01T00:00:00Z,33
http://www.wikidata.org/entity/Q5981954,Lucas Vázquez,Real Madrid Club de Fútbol,La Liga,2015-01-01T00:00:00Z,2025-01-01T00:00:00Z,277
http://www.wikidata.org/entity/Q5981954,Lucas Vázquez,Spain men's national football team,,2016-01-01T00:00:00Z,2018-01-01T00:00:00Z,9
http://www.wikidata.org/entity/Q5981954,Lucas Vázquez,Bayer 04 Leverkusen,Bundesliga,2025-08-01T00:00:00Z,,5
http://www.wikidata.org/entity/Q5992102,Manuel Alejandro García Sánchez,Real Sociedad,La Liga,,2004-01-01T00:00:00Z,
http://www.wikidata.org/entity/Q5992102,Manuel Alejandro García Sánchez,San Viator Kirol Elkartea,,,,
http://www.wikidata.org/entity/Q5992102,Manuel Alejandro García Sánchez,Spain national under-17 association football team,,2003-01-01T00:00:00Z,2003-01-01T00:00:00Z,1
http://www.wikidata.org/entity/Q5992102,Manuel Alejandro García Sánchez,Q9091674,,2004-01-01T00:00:00Z,2005-01-01T00:00:00Z,
http://www.wikidata.org/entity/Q5992102,Manuel Alejandro García Sánchez,Real Sociedad B,LaLiga 2,2005-01-01T00:00:00Z,2008-01-01T00:00:00Z,101
http://www.wikidata.org/entity/Q5992102,Manuel Alejandro García Sánchez,Real Unión,Primera Federación,2008-01-01T00:00:00Z,2009-01-01T00:00:00Z,35
http://www.wikidata.org/entity/Q5992102,Manuel Alejandro García Sánchez,SD Eibar,LaLiga 2,2009-01-01T00:00:00Z,2010-01-01T00:00:00Z,36
http://www.wikidata.org/entity/Q5992102,Manuel Alejandro García Sánchez,UD Logroñés,Primera Federación,2010-01-01T00:00:00Z,2012-01-01T00:00:00Z,56
http://www.wikidata.org/entity/Q5992102,Manuel Alejandro García Sánchez,Deportivo Alavés,La Liga,2012-01-01T00:00:00Z,2021-01-01T00:00:00Z,308
http://www.wikidata.org/entity/Q5992102,Manuel Alejandro García Sánchez,Basque Country regional football team,,2016-01-01T00:00:00Z,2020-01-01T00:00:00Z,4
http://www.wikidata.org/entity/Q5992102,Manuel Alejandro García Sánchez,Aris Limassol F.C.,Cypriot First Division,2021-01-01T00:00:00Z,2022-01-01T00:00:00Z,23
http://www.wikidata.org/entity/Q5992102,Manuel Alejandro García Sánchez,CD Mirandés,LaLiga 2,2022-01-01T00:00:00Z,2023-01-01T00:00:00Z,27
http://www.wikidata.org/entity/Q602380,Antonio Guayre,UD Las Palmas Atlético,Primera Federación,1999-01-01T00:00:00Z,2000-01-01T00:00:00Z,
http://www.wikidata.org/entity/Q602380,Antonio Guayre,UD Las Palmas,LaLiga 2,2000-01-01T00:00:00Z,2001-01-01T00:00:00Z,31
http://www.wikidata.org/entity/Q602380,Antonio Guayre,Spain national under-21 association football team,,2000-01-01T00:00:00Z,2001-01-01T00:00:00Z,9
http://www.wikidata.org/entity/Q602380,Antonio Guayre,Villarreal CF,La Liga,2001-01-01T00:00:00Z,2006-01-01T00:00:00Z,137
http://www.wikidata.org/entity/Q602380,Antonio Guayre,Spain men's national football team,,2005-01-01T00:00:00Z,2005-01-01T00:00:00Z,1
http://www.wikidata.org/entity/Q602380,Antonio Guayre,RC Celta de Vigo,La Liga,2006-01-01T00:00:00Z,2008-01-01T00:00:00Z,20
http://www.wikidata.org/entity/Q602380,Antonio Guayre,Club Deportivo Numancia de Soria,Primera Federación,2008-01-01T00:00:00Z,2009-01-01T00:00:00Z,6
http://www.wikidata.org/entity/Q602380,Antonio Guayre,UD Las Palmas,LaLiga 2,2009-01-01T00:00:00Z,2011-01-01T00:00:00Z,28
http://www.wikidata.org/entity/Q602380,Antonio Guayre,Club Deportivo Lugo,Primera Federación 2023-24,2013-01-01T00:00:00Z,2013-01-01T00:00:00Z,2
http://www.wikidata.org/entity/Q602525,Roberto Firmino,Figueirense Futebol Clube,Campeonato Brasileiro Série C,2009-01-01T00:00:00Z,2011-01-01T00:00:00Z,38
http://www.wikidata.org/entity/Q602525,Roberto Firmino,Figueirense Futebol Clube,Campeonato Catarinense,2009-01-01T00:00:00Z,2011-01-01T00:00:00Z,38
http://www.wikidata.org/entity/Q602525,Roberto Firmino,TSG 1899 Hoffenheim,Bundesliga,2011-01-01T00:00:00Z,2015-01-01T00:00:00Z,140
http://www.wikidata.org/entity/Q602525,Roberto Firmino,Brazil men's national football team,,2014-01-01T00:00:00Z,2021-01-01T00:00:00Z,55
http://www.wikidata.org/entity/Q602525,Roberto Firmino,Liverpool F.C.,Premier League,2015-01-01T00:00:00Z,2023-06-14T00:00:00Z,256
http://www.wikidata.org/entity/Q602525,Roberto Firmino,Al Ahli FC,Saudi Pro League,2023-08-01T00:00:00Z,2025-07-01T00:00:00Z,49
http://www.wikidata.org/entity/Q602525,Roberto Firmino,Al Sadd Sports Club,Qatar Stars League,2025-07-01T00:00:00Z,,0
http://www.wikidata.org/entity/Q6110670,Rodrigo De Paul,Racing Club,Argentine Primera División,2012-01-01T00:00:00Z,2014-01-01T00:00:00Z,54
http://www.wikidata.org/entity/Q6110670,Rodrigo De Paul,Valencia CF,La Liga,2014-01-01T00:00:00Z,2016-01-01T00:00:00Z,34
http://www.wikidata.org/entity/Q6110670,Rodrigo De Paul,Racing Club,Argentine Primera División,2016-02-01T00:00:00Z,2016-06-01T00:00:00Z,11
http://www.wikidata.org/entity/Q6110670,Rodrigo De Paul,Udinese Calcio,Serie A,2016-07-01T00:00:00Z,2021-01-01T00:00:00Z,177
http://www.wikidata.org/entity/Q6110670,Rodrigo De Paul,Argentina men's national association football team,,2018-01-01T00:00:00Z,,83
http://www.wikidata.org/entity/Q6110670,Rodrigo De Paul,Atlético Madrid,La Liga,2021-01-01T00:00:00Z,,134
http://www.wikidata.org/entity/Q6110670,Rodrigo De Paul,Inter Miami CF,Major League Soccer,2025-07-01T00:00:00Z,,11
http://www.wikidata.org/entity/Q611603,Alessandro Lucarelli,Piacenza Calcio,Serie D,1996-01-01T00:00:00Z,2002-01-01T00:00:00Z,89
http://www.wikidata.org/entity/Q611603,Alessandro Lucarelli,U.C. AlbinoLeffe,Serie C1,1997-01-01T00:00:00Z,1998-01-01T00:00:00Z,29
http://www.wikidata.org/entity/Q611603,Alessandro Lucarelli,Società Calcio Leffe,,1997-01-01T00:00:00Z,1998-01-01T00:00:00Z,29
http://www.wikidata.org/entity/Q611603,Alessandro Lucarelli,Palermo F.C.,Serie B,2002-01-01T00:00:00Z,2003-01-01T00:00:00Z,28
http://www.wikidata.org/entity/Q611603,Alessandro Lucarelli,ACF Fiorentina,Serie A,2003-01-01T00:00:00Z,2004-01-01T00:00:00Z,31
http://www.wikidata.org/entity/Q611603,Alessandro Lucarelli,Brescia Calcio,Serie B,2003-01-01T00:00:00Z,2003-01-01T00:00:00Z,
http://www.wikidata.org/entity/Q611603,Alessandro Lucarelli,US Livorno 1915,Eccellenza Tuscany,2004-01-01T00:00:00Z,2005-01-01T00:00:00Z,27
http://www.wikidata.org/entity/Q611603,Alessandro Lucarelli,AS Reggina 1914,Serie B,2005-01-01T00:00:00Z,2007-01-01T00:00:00Z,67
http://www.wikidata.org/entity/Q611603,Alessandro Lucarelli,Genoa CFC,Serie A,2007-01-01T00:00:00Z,2008-01-01T00:00:00Z,29
http://www.wikidata.org/entity/Q611603,Alessandro Lucarelli,Siena FC,Serie C,2007-01-01T00:00:00Z,2007-01-01T00:00:00Z,0
http://www.wikidata.org/entity/Q611603,Alessandro Lucarelli,Parma Calcio 1913,Serie A,2008-01-01T00:00:00Z,2018-01-01T00:00:00Z,333
http://www.wikidata.org/entity/Q6164793,Jaume Costa,Spain national under-17 association football team,,2004-01-01T00:00:00Z,2005-01-01T00:00:00Z,5
http://www.wikidata.org/entity/Q6164793,Jaume Costa,Spain national under-16 association football team,,2004-01-01T00:00:00Z,2004-01-01T00:00:00Z,4
http://www.wikidata.org/entity/Q6164793,Jaume Costa,Valencia CF Mestalla,Segunda División B,2007-07-01T00:00:00Z,2010-08-03T00:00:00Z,71
http://www.wikidata.org/entity/Q6164793,Jaume Costa,Valencia CF,La Liga,2008-12-04T00:00:00Z,2008-12-04T00:00:00Z,1
http://www.wikidata.org/entity/Q6164793,Jaume Costa,Cádiz Club de Fútbol,LaLiga 2,2009-07-08T00:00:00Z,2010-06-30T00:00:00Z,15
http://www.wikidata.org/entity/Q6164793,Jaume Costa,Villarreal CF B,Segunda División B,2010-08-03T00:00:00Z,2012-07-01T00:00:00Z,65
http://www.wikidata.org/entity/Q6164793,Jaume Costa,Villarreal CF,La Liga,2012-07-01T00:00:00Z,2021-07-07T00:00:00Z,260
http://www.wikidata.org/entity/Q6164793,Jaume Costa,Valencia CF,La Liga,2019-08-13T00:00:00Z,2020-07-20T00:00:00Z,25
http://www.wikidata.org/entity/Q6164793,Jaume Costa,RCD Mallorca,La Liga,2021-07-07T00:00:00Z,,39
http://www.wikidata.org/entity/Q616664,Casemiro,Brazil national under-17 football team,,2009-01-01T00:00:00Z,2009-01-01T00:00:00Z,7
http://www.wikidata.org/entity/Q616664,Casemiro,São Paulo FC,Campeonato Brasileiro Série A,2010-01-01T00:00:00Z,2013-01-01T00:00:00Z,92
http://www.wikidata.org/entity/Q616664,Casemiro,Brazil men's national football team,,2011-01-01T00:00:00Z,,82
http://www.wikidata.org/entity/Q616664,Casemiro,Brazil national under-20 football team,,2011-01-01T00:00:00Z,2011-01-01T00:00:00Z,15
http://www.wikidata.org/entity/Q616664,Casemiro,Real Madrid Club de Fútbol,La Liga,2013-01-01T00:00:00Z,2013-06-01T00:00:00Z,1
http://www.wikidata.org/entity/Q616664,Casemiro,Real Madrid Castilla,Primera Federación,2013-01-01T00:00:00Z,2013-06-01T00:00:00Z,15
http://www.wikidata.org/entity/Q616664,Casemiro,Real Madrid Club de Fútbol,La Liga,2013-07-01T00:00:00Z,2022-01-01T00:00:00Z,221
http://www.wikidata.org/entity/Q616664,Casemiro,FC Porto,Liga Portugal,2014-01-01T00:00:00Z,2015-01-01T00:00:00Z,28
http://www.wikidata.org/entity/Q616664,Casemiro,Manchester United F.C.,Premier League,2022-01-01T00:00:00Z,,89
http://www.wikidata.org/entity/Q6223847,John Bumstead,Bromley F.C.,National League South,,,
http://www.wikidata.org/entity/Q6223847,John Bumstead,Chelsea F.C.,Premier League,1978-01-01T00:00:00Z,1991-01-01T00:00:00Z,339
http://www.wikidata.org/entity/Q6223847,John Bumstead,Charlton Athletic F.C.,EFL Championship,1991-01-01T00:00:00Z,1993-01-01T00:00:00Z,56
http://www.wikidata.org/entity/Q631157,Rubén Castro,UD Las Palmas Atlético,Primera Federación,2000-01-01T00:00:00Z,2001-01-01T00:00:00Z,34
http://www.wikidata.org/entity/Q631157,Rubén Castro,UD Las Palmas,LaLiga 2,2001-01-01T00:00:00Z,2004-01-01T00:00:00Z,112
http://www.wikidata.org/entity/Q631157,Rubén Castro,Spain national under-21 association football team,,2002-01-01T00:00:00Z,2003-01-01T00:00:00Z,7
http://www.wikidata.org/entity/Q631157,Rubén Castro,Deportivo de La Coruña,LaLiga 2,2004-01-01T00:00:00Z,2010-01-01T00:00:00Z,31
http://www.wikidata.org/entity/Q631157,Rubén Castro,Albacete Balompié,LaLiga 2,2004-01-01T00:00:00Z,2005-01-01T00:00:00Z,22
http://www.wikidata.org/entity/Q631157,Rubén Castro,Racing de Santander,LaLiga 2,2006-01-01T00:00:00Z,2006-01-01T00:00:00Z,1
http://www.wikidata.org/entity/Q631157,Rubén Castro,Gimnàstic de Tarragona,Primera Federación,2007-01-01T00:00:00Z,2007-01-01T00:00:00Z,20
http://www.wikidata.org/entity/Q631157,Rubén Castro,Sociedad Deportiva Huesca,LaLiga 2,2008-01-01T00:00:00Z,2009-01-01T00:00:00Z,41
http://www.wikidata.org/entity/Q631157,Rubén Castro,Rayo Vallecano,La Liga,2009-01-01T00:00:00Z,2010-01-01T00:00:00Z,42
http://www.wikidata.org/entity/Q631157,Rubén Castro,Real Betis Balompié,La Liga,2010-01-01T00:00:00Z,2018-01-01T00:00:00Z,260
http://www.wikidata.org/entity/Q631157,Rubén Castro,Guizhou F.C.,China League One,2017-01-01T00:00:00Z,2017-01-01T00:00:00Z,12
http://www.wikidata.org/entity/Q631157,Rubén Castro,UD Las Palmas,LaLiga 2,2018-01-01T00:00:00Z,2020-01-01T00:00:00Z,65
http://www.wikidata.org/entity/Q631157,Rubén Castro,FC Cartagena,LaLiga 2,2020-01-01T00:00:00Z,2022-01-01T00:00:00Z,82
http://www.wikidata.org/entity/Q631157,Rubén Castro,Málaga CF,LaLiga 2,2022-01-01T00:00:00Z,2023-01-01T00:00:00Z,41
http://www.wikidata.org/entity/Q635212,Mohamed Camara,Futbol Club Barcelona,La Liga,,,
http://www.wikidata.org/entity/Q635212,Mohamed Camara,FC Santboià,Primera Catalana,1996-01-01T00:00:00Z,1997-01-01T00:00:00Z,
http://www.wikidata.org/entity/Q635212,Mohamed Camara,FC Barcelona Atlètic,Primera Federación,1997-01-01T00:00:00Z,2000-01-01T00:00:00Z,38
http://www.wikidata.org/entity/Q635212,Mohamed Camara,FC Barcelona C,Tercera División,1997-01-01T00:00:00Z,1999-01-01T00:00:00Z,73
http://www.wikidata.org/entity/Q635212,Mohamed Camara,Club Atlético Osasuna,La Liga,2000-01-01T00:00:00Z,2006-01-01T00:00:00Z,121
http://www.wikidata.org/entity/Q635212,Mohamed Camara,Levante UD,La Liga,2001-01-01T00:00:00Z,2001-01-01T00:00:00Z,19
http://www.wikidata.org/entity/Q635212,Mohamed Camara,Elche CF,La Liga,2001-01-01T00:00:00Z,2002-01-01T00:00:00Z,39
http://www.wikidata.org/entity/Q635212,Mohamed Camara,Morocco men's national football team,,2003-01-01T00:00:00Z,2007-01-01T00:00:00Z,33
http://www.wikidata.org/entity/Q635212,Mohamed Camara,RCD Espanyol de Barcelona,La Liga,2006-01-01T00:00:00Z,2008-01-01T00:00:00Z,28
http://www.wikidata.org/entity/Q635212,Mohamed Camara,Real Sociedad,La Liga,2008-01-01T00:00:00Z,2009-01-01T00:00:00Z,34
http://www.wikidata.org/entity/Q635212,Mohamed Camara,Girona FC,La Liga,2009-01-01T00:00:00Z,2012-01-01T00:00:00Z,101
http://www.wikidata.org/entity/Q635212,Mohamed Camara,Centre d'Esports Sabadell Futbol Club,Primera Federación,2012-01-01T00:00:00Z,2014-01-01T00:00:00Z,41
http://www.wikidata.org/entity/Q6394582,Kerry Mayo,Brighton & Hove Albion F.C.,Premier League,1995-01-01T00:00:00Z,2009-01-01T00:00:00Z,413
http://www.wikidata.org/entity/Q6394582,Kerry Mayo,Lewes F.C.,Isthmian League,2008-01-01T00:00:00Z,2008-01-01T00:00:00Z,6
http://www.wikidata.org/entity/Q6394582,Kerry Mayo,Newhaven F.C.,Southern Combination Football League,2010-01-01T00:00:00Z,,
http://www.wikidata.org/entity/Q6397130,Kevin O'Connor,Brentford F.C.,Premier League,1999-01-01T00:00:00Z,2015-01-01T00:00:00Z,426
http://www.wikidata.org/entity/Q6397130,Kevin O'Connor,Republic of Ireland national under-21 football team,,2003-01-01T00:00:00Z,2003-01-01T00:00:00Z,6
http://www.wikidata.org/entity/Q641946,César Cruchaga,Osasuna B,Primera Federación,1992-01-01T00:00:00Z,1996-01-01T00:00:00Z,107
http://www.wikidata.org/entity/Q641946,César Cruchaga,CF Gavà,Primera Catalana,1996-01-01T00:00:00Z,1997-01-01T00:00:00Z,35
http://www.wikidata.org/entity/Q641946,César Cruchaga,Club Atlético Osasuna,La Liga,1997-01-01T00:00:00Z,2009-01-01T00:00:00Z,386
http://www.wikidata.org/entity/Q641946,César Cruchaga,Basque Country regional football team,,2001-01-01T00:00:00Z,2006-01-01T00:00:00Z,4
http://www.wikidata.org/entity/Q643286,Sergio Ballesteros,Levante UD,La Liga,1994-01-01T00:00:00Z,1996-01-01T00:00:00Z,36
http://www.wikidata.org/entity/Q643286,Sergio Ballesteros,C.D. Tenerife,Primera Federación,1996-01-01T00:00:00Z,2000-01-01T00:00:00Z,86
http://www.wikidata.org/entity/Q643286,Sergio Ballesteros,C.D. Tenerife,Primera Federación,1996-01-01T00:00:00Z,1996-01-01T00:00:00Z,6
http://www.wikidata.org/entity/Q643286,Sergio Ballesteros,Spain national under-21 association football team,,1996-01-01T00:00:00Z,1998-01-01T00:00:00Z,12
http://www.wikidata.org/entity/Q643286,Sergio Ballesteros,Spain national under-23 football team,,1997-01-01T00:00:00Z,1997-01-01T00:00:00Z,3
http://www.wikidata.org/entity/Q643286,Sergio Ballesteros,Rayo Vallecano,La Liga,2000-01-01T00:00:00Z,2001-01-01T00:00:00Z,36
http://www.wikidata.org/entity/Q643286,Sergio Ballesteros,Villarreal CF,La Liga,2001-01-01T00:00:00Z,2004-01-01T00:00:00Z,81
http://www.wikidata.org/entity/Q643286,Sergio Ballesteros,RCD Mallorca,La Liga,2004-01-01T00:00:00Z,2008-01-01T00:00:00Z,103
http://www.wikidata.org/entity/Q643286,Sergio Ballesteros,Levante UD,La Liga,2008-01-01T00:00:00Z,2013-01-01T00:00:00Z,174
http://www.wikidata.org/entity/Q650333,Gianpaolo Bellini,Atalanta BC,Serie A,1998-01-01T00:00:00Z,2016-01-01T00:00:00Z,396
http://www.wikidata.org/entity/Q650333,Gianpaolo Bellini,Italy national under-21 football team,,2000-01-01T00:00:00Z,2002-01-01T00:00:00Z,15
http://www.wikidata.org/entity/Q666506,Ricardo Rodriguez,Switzerland national under-17 association football team,,2009-01-01T00:00:00Z,2010-01-01T00:00:00Z,5
http://www.wikidata.org/entity/Q666506,Ricardo Rodriguez,Switzerland national under-17 association football team,,2009-01-01T00:00:00Z,2009-01-01T00:00:00Z,2
http://www.wikidata.org/entity/Q666506,Ricardo Rodriguez,Switzerland national under-18 association football team,,2009-01-01T00:00:00Z,2010-01-01T00:00:00Z,10
http://www.wikidata.org/entity/Q666506,Ricardo Rodriguez,FC Zürich,Swiss Super League,2010-01-01T00:00:00Z,2012-01-01T00:00:00Z,35
http://www.wikidata.org/entity/Q666506,Ricardo Rodriguez,Switzerland national under-19 association football team,,2010-01-01T00:00:00Z,2011-01-01T00:00:00Z,15
http://www.wikidata.org/entity/Q666506,Ricardo Rodriguez,Switzerland men's national football team,,2011-01-01T00:00:00Z,,135
http://www.wikidata.org/entity/Q666506,Ricardo Rodriguez,VfL Wolfsburg,Bundesliga,2012-01-01T00:00:00Z,2017-06-07T00:00:00Z,149
http://www.wikidata.org/entity/Q666506,Ricardo Rodriguez,Switzerland national under-23 football team,,2012-01-01T00:00:00Z,2012-01-01T00:00:00Z,3
http://www.wikidata.org/entity/Q666506,Ricardo Rodriguez,AC Milan,Serie A,2017-06-08T00:00:00Z,2020-08-01T00:00:00Z,74
http://www.wikidata.org/entity/Q666506,Ricardo Rodriguez,PSV Eindhoven,Eredivisie,2020-01-01T00:00:00Z,2020-06-01T00:00:00Z,6
http://www.wikidata.org/entity/Q666506,Ricardo Rodriguez,Torino FC,Serie A,2020-08-01T00:00:00Z,2024-07-01T00:00:00Z,120
http://www.wikidata.org/entity/Q666506,Ricardo Rodriguez,Real Betis Balompié,La Liga,2024-08-01T00:00:00Z,,25
http://www.wikidata.org/entity/Q667596,Yann Sommer,Switzerland national under-16 association football team,,2003-01-01T00:00:00Z,2004-01-01T00:00:00Z,10
http://www.wikidata.org/entity/Q667596,Yann Sommer,Switzerland national under-17 association football team,,2004-01-01T00:00:00Z,2005-01-01T00:00:00Z,10
http://www.wikidata.org/entity/Q667596,Yann Sommer,FC Basel,Swiss Super League,2005-01-01T00:00:00Z,2007-01-01T00:00:00Z,42
http://www.wikidata.org/entity/Q667596,Yann Sommer,Switzerland national under-19 association football team,,2005-01-01T00:00:00Z,2007-01-01T00:00:00Z,18
http://www.wikidata.org/entity/Q667596,Yann Sommer,FC Basel,Swiss Super League,2007-01-01T00:00:00Z,2014-01-01T00:00:00Z,113
http://www.wikidata.org/entity/Q667596,Yann Sommer,FC Vaduz,Challenge League,2007-01-01T00:00:00Z,2009-01-01T00:00:00Z,50
http://www.wikidata.org/entity/Q667596,Yann Sommer,Switzerland national under-21 football team,,2007-01-01T00:00:00Z,2011-01-01T00:00:00Z,31
http://www.wikidata.org/entity/Q667596,Yann Sommer,Grasshopper Club Zürich,Swiss Super League,2009-01-01T00:00:00Z,2010-01-01T00:00:00Z,33
http://www.wikidata.org/entity/Q667596,Yann Sommer,Switzerland men's national football team,,2012-01-01T00:00:00Z,2024-01-01T00:00:00Z,94
http://www.wikidata.org/entity/Q667596,Yann Sommer,Borussia Mönchengladbach,Bundesliga,2014-01-01T00:00:00Z,2023-01-01T00:00:00Z,272
http://www.wikidata.org/entity/Q667596,Yann Sommer,FC Bayern Munich,Bundesliga,2023-01-01T00:00:00Z,2023-08-01T00:00:00Z,19
http://www.wikidata.org/entity/Q667596,Yann Sommer,Inter Milan,Serie A,2023-08-01T00:00:00Z,,76
http://www.wikidata.org/entity/Q6752290,Manu Trigueros,Futbol Club Barcelona,La Liga,,,
http://www.wikidata.org/entity/Q6752290,Manu Trigueros,Real Murcia,Primera Federación,,,
http://www.wikidata.org/entity/Q6752290,Manu Trigueros,Talavera CF,Tercera División,,,
http://www.wikidata.org/entity/Q6752290,Manu Trigueros,Villarreal CF B,Segunda División B,2010-01-01T00:00:00Z,2012-01-01T00:00:00Z,26
http://www.wikidata.org/entity/Q6752290,Manu Trigueros,Villarreal CF C,Tercera División,2010-01-01T00:00:00Z,2011-01-01T00:00:00Z,36
http://www.wikidata.org/entity/Q6752290,Manu Trigueros,Villarreal CF,La Liga,2012-01-01T00:00:00Z,2024-01-01T00:00:00Z,366
http://www.wikidata.org/entity/Q6752290,Manu Trigueros,Granada CF,LaLiga 2,2024-01-01T00:00:00Z,,39
http://www.wikidata.org/entity/Q677975,Wade Elliott,Bashley F.C.,Southern Football League,1997-01-01T00:00:00Z,2000-01-01T00:00:00Z,68
http://www.wikidata.org/entity/Q677975,Wade Elliott,AFC Bournemouth,Premier League,2000-01-01T00:00:00Z,2005-01-01T00:00:00Z,220
http://www.wikidata.org/entity/Q677975,Wade Elliott,Burnley F.C.,Premier League,2005-01-01T00:00:00Z,2011-01-01T00:00:00Z,252
http://www.wikidata.org/entity/Q677975,Wade Elliott,Birmingham City F.C.,EFL Championship,2011-01-01T00:00:00Z,2014-01-01T00:00:00Z,88
http://www.wikidata.org/entity/Q677975,Wade Elliott,Bristol City F.C.,EFL Championship,2014-01-01T00:00:00Z,2015-01-01T00:00:00Z,36
http://www.wikidata.org/entity/Q677975,Wade Elliott,Bristol City F.C.,EFL Championship,2014-01-01T00:00:00Z,2014-01-01T00:00:00Z,19
http://www.wikidata.org/entity/Q6789694,Matteo Politano,Italy national under-19 football team,,2011-01-01T00:00:00Z,2012-01-01T00:00:00Z,3
http://www.wikidata.org/entity/Q6789694,Matteo Politano,AS Roma,Serie A,2012-01-01T00:00:00Z,2013-01-01T00:00:00Z,0
http://www.wikidata.org/entity/Q6789694,Matteo Politano,A.C. Perugia Calcio,Serie C,2012-01-01T00:00:00Z,2013-01-01T00:00:00Z,28
http://www.wikidata.org/entity/Q6789694,Matteo Politano,Italy national under-20 football team,,2012-01-01T00:00:00Z,2014-01-01T00:00:00Z,7
http://www.wikidata.org/entity/Q6789694,Matteo Politano,Delfino Pescara 1936,Serie B,2013-01-01T00:00:00Z,2015-01-01T00:00:00Z,72
http://www.wikidata.org/entity/Q6789694,Matteo Politano,Italy national under-21 football team,,2013-01-01T00:00:00Z,2013-01-01T00:00:00Z,2
http://www.wikidata.org/entity/Q6789694,Matteo Politano,US Sassuolo Calcio,Serie A,2015-07-02T00:00:00Z,2018-01-01T00:00:00Z,96
http://www.wikidata.org/entity/Q6789694,Matteo Politano,Inter Milan,Serie A,2018-01-01T00:00:00Z,2021-01-01T00:00:00Z,47
http://www.wikidata.org/entity/Q6789694,Matteo Politano,Italy men's national association football team,,2018-01-01T00:00:00Z,,18
http://www.wikidata.org/entity/Q6789694,Matteo Politano,SSC Napoli,Serie A,2020-01-01T00:00:00Z,2021-01-01T00:00:00Z,52
http://www.wikidata.org/entity/Q6789694,Matteo Politano,SSC Napoli,Serie A,2021-01-01T00:00:00Z,,145
http://www.wikidata.org/entity/Q68060,Gianluigi Buffon,Italy national under-16 football team,,1993-01-01T00:00:00Z,1994-01-01T00:00:00Z,3
http://www.wikidata.org/entity/Q68060,Gianluigi Buffon,Italy national under-18 football team,,1994-01-01T00:00:00Z,1995-01-01T00:00:00Z,3
http://www.wikidata.org/entity/Q68060,Gianluigi Buffon,Parma Calcio 1913,Serie A,1995-01-01T00:00:00Z,2001-01-01T00:00:00Z,169
http://www.wikidata.org/entity/Q68060,Gianluigi Buffon,Italy national under-21 football team,,1995-01-01T00:00:00Z,1997-01-01T00:00:00Z,11
http://www.wikidata.org/entity/Q68060,Gianluigi Buffon,Italy national under-17 football team,,1995-01-01T00:00:00Z,1995-01-01T00:00:00Z,3
http://www.wikidata.org/entity/Q68060,Gianluigi Buffon,Italy men's national association football team,,1997-01-01T00:00:00Z,2018-01-01T00:00:00Z,176
http://www.wikidata.org/entity/Q68060,Gianluigi Buffon,Italy national under-23 football team,,1997-01-01T00:00:00Z,1997-01-01T00:00:00Z,4
http://www.wikidata.org/entity/Q68060,Gianluigi Buffon,Juventus FC,Serie A,2001-01-01T00:00:00Z,2018-01-01T00:00:00Z,509
http://www.wikidata.org/entity/Q68060,Gianluigi Buffon,Paris Saint-Germain FC,Ligue 1,2018-01-01T00:00:00Z,2019-06-01T00:00:00Z,17
http://www.wikidata.org/entity/Q68060,Gianluigi Buffon,Juventus FC,Serie A,2019-07-04T00:00:00Z,2021-06-01T00:00:00Z,17
http://www.wikidata.org/entity/Q68060,Gianluigi Buffon,Parma Calcio 1913,Serie A,2021-06-01T00:00:00Z,2023-08-01T00:00:00Z,43
http://www.wikidata.org/entity/Q701297,Mateo Kovačić,Croatia national under-19 football team,,2009-01-01T00:00:00Z,2010-01-01T00:00:00Z,4
http://www.wikidata.org/entity/Q701297,Mateo Kovačić,Croatia national under-17 football team,,2009-01-01T00:00:00Z,2011-01-01T00:00:00Z,15
http://www.wikidata.org/entity/Q701297,Mateo Kovačić,GNK Dinamo Zagreb,Croatian Football League,2010-01-01T00:00:00Z,2013-01-01T00:00:00Z,43
http://www.wikidata.org/entity/Q701297,Mateo Kovačić,Croatia national under-21 football team,,2010-01-01T00:00:00Z,2014-01-01T00:00:00Z,7
http://www.wikidata.org/entity/Q701297,Mateo Kovačić,Inter Milan,Serie A,2013-01-01T00:00:00Z,2015-01-01T00:00:00Z,80
http://www.wikidata.org/entity/Q701297,Mateo Kovačić,Croatia men's national football team,,2013-01-01T00:00:00Z,,111
http://www.wikidata.org/entity/Q701297,Mateo Kovačić,Real Madrid Club de Fútbol,La Liga,2015-01-01T00:00:00Z,2019-01-01T00:00:00Z,73
http://www.wikidata.org/entity/Q701297,Mateo Kovačić,Chelsea F.C.,Premier League,2018-01-01T00:00:00Z,2019-01-01T00:00:00Z,32
http://www.wikidata.org/entity/Q701297,Mateo Kovačić,Chelsea F.C.,Premier League,2019-01-01T00:00:00Z,2023-01-01T00:00:00Z,110
http://www.wikidata.org/entity/Q701297,Mateo Kovačić,Manchester City F.C.,Premier League,2023-01-01T00:00:00Z,,62
http://www.wikidata.org/entity/Q703442,David García de la Cruz,RCD Espanyol de Barcelona,La Liga,1999-01-01T00:00:00Z,2011-01-01T00:00:00Z,217
http://www.wikidata.org/entity/Q703442,David García de la Cruz,RCD Espanyol B,Segunda División B,1999-01-01T00:00:00Z,2001-01-01T00:00:00Z,32
http://www.wikidata.org/entity/Q703442,David García de la Cruz,Spain national under-20 football team,,2001-01-01T00:00:00Z,2001-01-01T00:00:00Z,1
http://www.wikidata.org/entity/Q703442,David García de la Cruz,Spain national under-21 association football team,,2003-01-01T00:00:00Z,2003-01-01T00:00:00Z,1
http://www.wikidata.org/entity/Q703442,David García de la Cruz,Catalonia national football team,,2004-01-01T00:00:00Z,2010-01-01T00:00:00Z,6
http://www.wikidata.org/entity/Q703442,David García de la Cruz,Girona FC,La Liga,2011-01-01T00:00:00Z,2015-01-01T00:00:00Z,99
http://www.wikidata.org/entity/Q704880,Pablo Thiam,1. FC Köln,Bundesliga,1994-01-01T00:00:00Z,1998-01-01T00:00:00Z,89
http://www.wikidata.org/entity/Q704880,Pablo Thiam,Guinea men's national football team,,1996-01-01T00:00:00Z,2007-01-01T00:00:00Z,31
http://www.wikidata.org/entity/Q704880,Pablo Thiam,VfB Stuttgart,Bundesliga,1998-01-01T00:00:00Z,2001-01-01T00:00:00Z,89
http://www.wikidata.org/entity/Q704880,Pablo Thiam,FC Bayern Munich,Bundesliga,2001-01-01T00:00:00Z,2003-01-01T00:00:00Z,16
http://www.wikidata.org/entity/Q704880,Pablo Thiam,VfL Wolfsburg,Bundesliga,2003-01-01T00:00:00Z,2008-01-01T00:00:00Z,117
http://www.wikidata.org/entity/Q70550,Per Mertesacker,Germany national under-20 football team,,2002-01-01T00:00:00Z,2003-01-01T00:00:00Z,2
http://www.wikidata.org/entity/Q70550,Per Mertesacker,Hannover 96,2. Bundesliga,2003-01-01T00:00:00Z,2006-01-01T00:00:00Z,16
http://www.wikidata.org/entity/Q70550,Per Mertesacker,Germany national under-21 football team,,2003-01-01T00:00:00Z,2004-01-01T00:00:00Z,4
http://www.wikidata.org/entity/Q70550,Per Mertesacker,Germany men's national association football team,,2004-01-01T00:00:00Z,2014-01-01T00:00:00Z,104
http://www.wikidata.org/entity/Q70550,Per Mertesacker,SV Werder Bremen,Bundesliga,2006-01-01T00:00:00Z,2011-01-01T00:00:00Z,146
http://www.wikidata.org/entity/Q70550,Per Mertesacker,Arsenal F.C.,Premier League,2011-01-01T00:00:00Z,2018-01-01T00:00:00Z,156
http://www.wikidata.org/entity/Q705601,José Luis Martí,RCD Mallorca B,Tercera Federación,1994-01-01T00:00:00Z,1999-01-01T00:00:00Z,
http://www.wikidata.org/entity/Q705601,José Luis Martí,RCD Mallorca,La Liga,1999-01-01T00:00:00Z,2000-01-01T00:00:00Z,1
http://www.wikidata.org/entity/Q705601,José Luis Martí,C.D. Tenerife,Primera Federación,2000-01-01T00:00:00Z,2003-01-01T00:00:00Z,113
http://www.wikidata.org/entity/Q705601,José Luis Martí,Sevilla FC,La Liga,2003-01-01T00:00:00Z,2008-01-01T00:00:00Z,140
http://www.wikidata.org/entity/Q705601,José Luis Martí,Real Sociedad,La Liga,2008-01-16T00:00:00Z,2008-06-30T00:00:00Z,22
http://www.wikidata.org/entity/Q705601,José Luis Martí,RCD Mallorca,La Liga,2008-07-20T00:00:00Z,2015-06-30T00:00:00Z,191
http://www.wikidata.org/entity/Q70567,David Pizarro,Matias Aliaga FC,Chilean First B Division,1997-01-01T00:00:00Z,1998-01-01T00:00:00Z,41
http://www.wikidata.org/entity/Q70567,David Pizarro,Udinese Calcio,Serie A,1999-01-01T00:00:00Z,2005-01-01T00:00:00Z,126
http://www.wikidata.org/entity/Q70567,David Pizarro,Chile men's national football team,,1999-01-01T00:00:00Z,2015-01-01T00:00:00Z,46
http://www.wikidata.org/entity/Q70567,David Pizarro,Club Universidad de Chile,Chilean Primera División,2001-01-01T00:00:00Z,2001-01-01T00:00:00Z,6
http://www.wikidata.org/entity/Q70567,David Pizarro,Inter Milan,Serie A,2005-01-01T00:00:00Z,2006-01-01T00:00:00Z,24
http://www.wikidata.org/entity/Q70567,David Pizarro,AS Roma,Serie A,2006-01-01T00:00:00Z,2012-01-01T00:00:00Z,148
http://www.wikidata.org/entity/Q70567,David Pizarro,ACF Fiorentina,Serie A,2012-01-01T00:00:00Z,2015-01-01T00:00:00Z,83
http://www.wikidata.org/entity/Q70567,David Pizarro,Manchester City F.C.,Premier League,2012-01-01T00:00:00Z,2012-01-01T00:00:00Z,5
http://www.wikidata.org/entity/Q70567,David Pizarro,Matias Aliaga FC,Chilean First B Division,2015-01-01T00:00:00Z,2016-01-01T00:00:00Z,9
http://www.wikidata.org/entity/Q70567,David Pizarro,Club Universidad de Chile,Chilean Primera División,2017-01-01T00:00:00Z,2018-01-01T00:00:00Z,52
http://www.wikidata.org/entity/Q713711,Wilfried Zaha,Crystal Palace F.C.,Premier League,2010-01-01T00:00:00Z,2013-01-01T00:00:00Z,110
http://www.wikidata.org/entity/Q713711,Wilfried Zaha,England national under-19 association football team,,2011-01-01T00:00:00Z,2011-01-01T00:00:00Z,2
http://www.wikidata.org/entity/Q713711,Wilfried Zaha,England men's national association football team,,2012-01-01T00:00:00Z,2012-01-01T00:00:00Z,2
http://www.wikidata.org/entity/Q713711,Wilfried Zaha,England national under-21 association football team,,2012-01-01T00:00:00Z,2013-01-01T00:00:00Z,13
http://www.wikidata.org/entity/Q713711,Wilfried Zaha,Manchester United F.C.,Premier League,2013-01-25T00:00:00Z,2015-01-01T00:00:00Z,2
http://www.wikidata.org/entity/Q713711,Wilfried Zaha,Crystal Palace F.C.,Premier League,2013-01-26T00:00:00Z,2013-06-30T00:00:00Z,16
http://www.wikidata.org/entity/Q713711,Wilfried Zaha,Cardiff City F.C.,EFL League One,2014-01-31T00:00:00Z,2014-06-30T00:00:00Z,12
http://www.wikidata.org/entity/Q713711,Wilfried Zaha,Crystal Palace F.C.,Premier League,2014-08-28T00:00:00Z,2015-02-01T00:00:00Z,16
http://www.wikidata.org/entity/Q713711,Wilfried Zaha,Crystal Palace F.C.,Premier League,2015-02-02T00:00:00Z,2023-06-30T00:00:00Z,275
http://www.wikidata.org/entity/Q713711,Wilfried Zaha,Ivory Coast men's national football team,,2017-01-01T00:00:00Z,http://www.wikidata.org/.well-known/genid/11400d4c7620eb81f49631fb9ecfd5fb,33
http://www.wikidata.org/entity/Q713711,Wilfried Zaha,Galatasaray S.K.,Süper Lig,2023-07-25T00:00:00Z,,30
http://www.wikidata.org/entity/Q713711,Wilfried Zaha,Olympique Lyonnais,Ligue 1,2024-08-30T00:00:00Z,2025-01-01T00:00:00Z,4
http://www.wikidata.org/entity/Q713711,Wilfried Zaha,Charlotte FC,Major League Soccer,2025-01-01T00:00:00Z,,31
http://www.wikidata.org/entity/Q716570,Martín Astudillo,Godoy Cruz Antonio Tomba,Argentine Primera División,1995-01-01T00:00:00Z,1997-01-01T00:00:00Z,55
http://www.wikidata.org/entity/Q716570,Martín Astudillo,Gimnasia y Esgrima de Jujuy,Q9075672,1997-01-01T00:00:00Z,1999-01-01T00:00:00Z,67
http://www.wikidata.org/entity/Q716570,Martín Astudillo,Deportivo Alavés,La Liga,1999-01-01T00:00:00Z,2009-01-01T00:00:00Z,311
http://www.wikidata.org/entity/Q716570,Martín Astudillo,Club Atlético Osasuna,La Liga,2008-01-01T00:00:00Z,2008-01-01T00:00:00Z,13
http://www.wikidata.org/entity/Q716570,Martín Astudillo,Club Atlético Rosario Central,Argentine Primera División,2009-01-01T00:00:00Z,2010-01-01T00:00:00Z,11
http://www.wikidata.org/entity/Q716570,Martín Astudillo,Deportivo Maipú,Primera Nacional,2012-01-01T00:00:00Z,2012-01-01T00:00:00Z,
http://www.wikidata.org/entity/Q716570,Martín Astudillo,Argentino de Mendoza,Torneo Argentino C,2014-01-01T00:00:00Z,2015-01-01T00:00:00Z,
http://www.wikidata.org/entity/Q716570,Martín Astudillo,Independiente Rivadavia,Argentine Primera División,2016-01-01T00:00:00Z,2017-01-01T00:00:00Z,
http://www.wikidata.org/entity/Q716570,Martín Astudillo,Gimnasia y Esgrima de Jujuy,Q9075672,2017-01-01T00:00:00Z,,
http://www.wikidata.org/entity/Q718878,Javier Casquero,Atlético Madrid,La Liga,,,
http://www.wikidata.org/entity/Q718878,Javier Casquero,CD Toledo,Tercera División,1994-01-01T00:00:00Z,1999-01-01T00:00:00Z,93
http://www.wikidata.org/entity/Q718878,Javier Casquero,Q582342,LaLiga 2,1996-01-01T00:00:00Z,1997-01-01T00:00:00Z,8
http://www.wikidata.org/entity/Q718878,Javier Casquero,Q582342,LaLiga 2,1997-01-01T00:00:00Z,1997-01-01T00:00:00Z,17
http://www.wikidata.org/entity/Q718878,Javier Casquero,Atlético Madrid B,Segunda División B,1999-01-01T00:00:00Z,2000-01-01T00:00:00Z,38
http://www.wikidata.org/entity/Q718878,Javier Casquero,Sevilla FC,La Liga,2000-01-01T00:00:00Z,2005-01-01T00:00:00Z,144
http://www.wikidata.org/entity/Q718878,Javier Casquero,Racing de Santander,LaLiga 2,2005-01-01T00:00:00Z,2006-01-01T00:00:00Z,26
http://www.wikidata.org/entity/Q718878,Javier Casquero,Getafe CF,La Liga,2006-01-01T00:00:00Z,2012-01-01T00:00:00Z,190
http://www.wikidata.org/entity/Q718878,Javier Casquero,Unión Deportiva Almería,LaLiga 2,2012-01-01T00:00:00Z,2013-01-01T00:00:00Z,14
http://www.wikidata.org/entity/Q718878,Javier Casquero,Sporting de Gijón,LaLiga 2,2013-01-01T00:00:00Z,2014-01-01T00:00:00Z,21
http://www.wikidata.org/entity/Q719654,Enrique de Lucas,Catalonia national football team,,,,
http://www.wikidata.org/entity/Q719654,Enrique de Lucas,Spain national under-16 association football team,,1995-01-01T00:00:00Z,1995-01-01T00:00:00Z,7
http://www.wikidata.org/entity/Q719654,Enrique de Lucas,RCD Espanyol B,Segunda División B,1996-01-01T00:00:00Z,1999-01-01T00:00:00Z,67
http://www.wikidata.org/entity/Q719654,Enrique de Lucas,RCD Espanyol de Barcelona,La Liga,1998-01-01T00:00:00Z,2002-01-01T00:00:00Z,92
http://www.wikidata.org/entity/Q719654,Enrique de Lucas,Spain national under-21 association football team,,1998-01-01T00:00:00Z,1999-01-01T00:00:00Z,4
http://www.wikidata.org/entity/Q719654,Enrique de Lucas,Paris Saint-Germain FC,Ligue 1,2000-01-01T00:00:00Z,2001-01-01T00:00:00Z,
http://www.wikidata.org/entity/Q719654,Enrique de Lucas,Paris Saint-Germain FC,Ligue 1,2001-01-01T00:00:00Z,2001-01-01T00:00:00Z,4
http://www.wikidata.org/entity/Q719654,Enrique de Lucas,Chelsea F.C.,Premier League,2002-01-01T00:00:00Z,2003-01-01T00:00:00Z,25
http://www.wikidata.org/entity/Q719654,Enrique de Lucas,Deportivo Alavés,La Liga,2003-01-01T00:00:00Z,2007-01-01T00:00:00Z,127
http://www.wikidata.org/entity/Q719654,Enrique de Lucas,Real Murcia,Primera Federación,2007-01-01T00:00:00Z,2009-01-01T00:00:00Z,57
http://www.wikidata.org/entity/Q719654,Enrique de Lucas,FC Cartagena,LaLiga 2,2009-01-01T00:00:00Z,2010-01-01T00:00:00Z,38
http://www.wikidata.org/entity/Q719654,Enrique de Lucas,RC Celta de Vigo,La Liga,2010-01-01T00:00:00Z,2013-01-01T00:00:00Z,98
http://www.wikidata.org/entity/Q719654,Enrique de Lucas,Hércules CF,Primera Federación,2013-01-01T00:00:00Z,2014-01-01T00:00:00Z,
http://www.wikidata.org/entity/Q719654,Enrique de Lucas,Hércules CF,Primera Federación,2013-01-01T00:00:00Z,2014-01-01T00:00:00Z,24
http://www.wikidata.org/entity/Q719654,Enrique de Lucas,Biggleswade United F.C.,Spartan South Midlands Football League,2015-01-01T00:00:00Z,2015-01-01T00:00:00Z,3
http://www.wikidata.org/entity/Q7197034,Piotr Zieliński,Poland national under-15 football team,,2009-01-01T00:00:00Z,2009-01-01T00:00:00Z,5
http://www.wikidata.org/entity/Q7197034,Piotr Zieliński,Poland national under-16 football team,,2009-01-01T00:00:00Z,2010-01-01T00:00:00Z,6
http://www.wikidata.org/entity/Q7197034,Piotr Zieliński,Zagłębie Lubin,Ekstraklasa,2010-01-01T00:00:00Z,2011-01-01T00:00:00Z,0
http://www.wikidata.org/entity/Q7197034,Piotr Zieliński,Poland national under-17 football team,,2010-01-01T00:00:00Z,2011-01-01T00:00:00Z,10
http://www.wikidata.org/entity/Q7197034,Piotr Zieliński,Poland national under-19 football team,,2011-01-01T00:00:00Z,2012-01-01T00:00:00Z,15
http://www.wikidata.org/entity/Q7197034,Piotr Zieliński,Poland national under-20 football team,,2011-01-01T00:00:00Z,2012-01-01T00:00:00Z,3
http://www.wikidata.org/entity/Q7197034,Piotr Zieliński,Udinese Calcio,Serie A,2012-01-01T00:00:00Z,2016-01-01T00:00:00Z,19
http://www.wikidata.org/entity/Q7197034,Piotr Zieliński,Poland national under-21 football team,,2012-01-01T00:00:00Z,2014-01-01T00:00:00Z,7
http://www.wikidata.org/entity/Q7197034,Piotr Zieliński,Poland national under-18 football team,,2012-01-01T00:00:00Z,2012-01-01T00:00:00Z,5
http://www.wikidata.org/entity/Q7197034,Piotr Zieliński,Poland men's national football team,,2013-01-01T00:00:00Z,,105
http://www.wikidata.org/entity/Q7197034,Piotr Zieliński,Empoli FC,Serie B,2014-01-01T00:00:00Z,2016-01-01T00:00:00Z,63
http://www.wikidata.org/entity/Q7197034,Piotr Zieliński,SSC Napoli,Serie A,2016-01-01T00:00:00Z,2024-01-01T00:00:00Z,281
http://www.wikidata.org/entity/Q7197034,Piotr Zieliński,Inter Milan,Serie A,2024-01-01T00:00:00Z,,34
http://www.wikidata.org/entity/Q722864,Carl Fletcher,AFC Bournemouth,Premier League,1997-01-01T00:00:00Z,2004-01-01T00:00:00Z,193
http://www.wikidata.org/entity/Q722864,Carl Fletcher,West Ham United F.C.,Premier League,2004-01-01T00:00:00Z,2006-01-01T00:00:00Z,44
http://www.wikidata.org/entity/Q722864,Carl Fletcher,Wales men's national association football team,,2004-01-01T00:00:00Z,2009-01-01T00:00:00Z,36
http://www.wikidata.org/entity/Q722864,Carl Fletcher,Watford F.C.,EFL Championship,2005-01-01T00:00:00Z,2005-01-01T00:00:00Z,3
http://www.wikidata.org/entity/Q722864,Carl Fletcher,Crystal Palace F.C.,Premier League,2006-01-01T00:00:00Z,2009-01-01T00:00:00Z,68
http://www.wikidata.org/entity/Q722864,Carl Fletcher,Nottingham Forest F.C.,Premier League,2008-01-01T00:00:00Z,2008-01-01T00:00:00Z,5
http://www.wikidata.org/entity/Q722864,Carl Fletcher,Plymouth Argyle F.C.,EFL League One,2009-01-01T00:00:00Z,2009-01-01T00:00:00Z,13
http://www.wikidata.org/entity/Q722864,Carl Fletcher,Plymouth Argyle F.C.,EFL League One,2009-01-01T00:00:00Z,2012-01-01T00:00:00Z,88
http://www.wikidata.org/entity/Q722864,Carl Fletcher,Barnet F.C.,EFL League Two,2013-01-01T00:00:00Z,2014-01-01T00:00:00Z,3
http://www.wikidata.org/entity/Q724020,Damiano Zenoni,Atalanta BC,Serie A,1994-01-01T00:00:00Z,2005-01-01T00:00:00Z,209
http://www.wikidata.org/entity/Q724020,Damiano Zenoni,Pistoiese FC,Serie D,1996-01-01T00:00:00Z,1997-01-01T00:00:00Z,26
http://www.wikidata.org/entity/Q724020,Damiano Zenoni,F.C. AlzanoCene 1909,Serie D,1997-01-01T00:00:00Z,1998-01-01T00:00:00Z,31
http://www.wikidata.org/entity/Q724020,Damiano Zenoni,Italy men's national association football team,,2000-01-01T00:00:00Z,2000-01-01T00:00:00Z,1
http://www.wikidata.org/entity/Q724020,Damiano Zenoni,Udinese Calcio,Serie A,2005-01-01T00:00:00Z,2007-01-01T00:00:00Z,68
http://www.wikidata.org/entity/Q724020,Damiano Zenoni,Parma Calcio 1913,Serie A,2007-01-01T00:00:00Z,2010-01-01T00:00:00Z,68
http://www.wikidata.org/entity/Q724020,Damiano Zenoni,Piacenza Calcio,Serie D,2011-01-01T00:00:00Z,2011-01-01T00:00:00Z,20
http://www.wikidata.org/entity/Q726848,Giacomo Bonaventura,Atalanta BC,Serie A,2007-01-01T00:00:00Z,2014-01-01T00:00:00Z,104
http://www.wikidata.org/entity/Q726848,Giacomo Bonaventura,Italy national under-19 football team,,2008-01-01T00:00:00Z,2008-01-01T00:00:00Z,4
http://www.wikidata.org/entity/Q726848,Giacomo Bonaventura,U.S. Pergolettese 1932,Serie D,2009-01-01T00:00:00Z,2009-01-01T00:00:00Z,4
http://www.wikidata.org/entity/Q726848,Giacomo Bonaventura,Italy national under-20 football team,,2009-01-01T00:00:00Z,2010-01-01T00:00:00Z,12
http://www.wikidata.org/entity/Q726848,Giacomo Bonaventura,Calcio Padova,Serie B,2010-01-01T00:00:00Z,2010-01-01T00:00:00Z,15
http://www.wikidata.org/entity/Q726848,Giacomo Bonaventura,Italy national under-21 football team,,2010-01-01T00:00:00Z,2010-01-01T00:00:00Z,2
http://www.wikidata.org/entity/Q726848,Giacomo Bonaventura,Italy men's national association football team,,2013-01-01T00:00:00Z,2024-01-01T00:00:00Z,18
http://www.wikidata.org/entity/Q726848,Giacomo Bonaventura,AC Milan,Serie A,2014-01-01T00:00:00Z,2020-01-01T00:00:00Z,155
http://www.wikidata.org/entity/Q726848,Giacomo Bonaventura,ACF Fiorentina,Serie A,2020-01-01T00:00:00Z,2024-01-01T00:00:00Z,126
http://www.wikidata.org/entity/Q726848,Giacomo Bonaventura,Al-Shabab Football Club,Saudi Pro League,2024-01-01T00:00:00Z,2025-01-01T00:00:00Z,29
http://www.wikidata.org/entity/Q727388,Javier López Vallejo,Spain national under-16 association football team,,1990-01-01T00:00:00Z,1992-01-01T00:00:00Z,17
http://www.wikidata.org/entity/Q727388,Javier López Vallejo,Spain national under-17 association football team,,1991-01-01T00:00:00Z,1991-01-01T00:00:00Z,6
http://www.wikidata.org/entity/Q727388,Javier López Vallejo,Spain national under-18 football team,,1991-01-01T00:00:00Z,1994-01-01T00:00:00Z,21
http://www.wikidata.org/entity/Q727388,Javier López Vallejo,Osasuna B,Primera Federación,1992-01-01T00:00:00Z,1995-01-01T00:00:00Z,79
http://www.wikidata.org/entity/Q727388,Javier López Vallejo,Spain national under-21 association football team,,1993-01-01T00:00:00Z,1998-01-01T00:00:00Z,4
http://www.wikidata.org/entity/Q727388,Javier López Vallejo,Club Atlético Osasuna,La Liga,1994-01-01T00:00:00Z,1999-01-01T00:00:00Z,165
http://www.wikidata.org/entity/Q727388,Javier López Vallejo,Spain national under-20 football team,,1995-01-01T00:00:00Z,1995-01-01T00:00:00Z,5
http://www.wikidata.org/entity/Q727388,Javier López Vallejo,Spain national under-19 football team,,1995-01-01T00:00:00Z,1995-01-01T00:00:00Z,2
http://www.wikidata.org/entity/Q727388,Javier López Vallejo,Spain national under-23 football team,,1997-01-01T00:00:00Z,1997-01-01T00:00:00Z,2
http://www.wikidata.org/entity/Q727388,Javier López Vallejo,Villarreal CF,La Liga,1999-01-01T00:00:00Z,2007-01-01T00:00:00Z,143
http://www.wikidata.org/entity/Q727388,Javier López Vallejo,Recreativo de Huelva,Segunda División B,2006-01-01T00:00:00Z,2007-01-01T00:00:00Z,30
http://www.wikidata.org/entity/Q727388,Javier López Vallejo,Basque Country regional football team,,2006-01-01T00:00:00Z,2006-01-01T00:00:00Z,1
http://www.wikidata.org/entity/Q727388,Javier López Vallejo,Real Zaragoza,LaLiga 2,2007-01-01T00:00:00Z,2010-01-01T00:00:00Z,44
http://www.wikidata.org/entity/Q727388,Javier López Vallejo,A.O. Kavalas (association football),Super League Greece 2,2010-01-01T00:00:00Z,2011-01-01T00:00:00Z,3
http://www.wikidata.org/entity/Q727388,Javier López Vallejo,Levadiakos F.C.,Super League Greece,2010-01-01T00:00:00Z,2010-01-01T00:00:00Z,10
http://www.wikidata.org/entity/Q7324631,Richard Carpenter,Gillingham F.C.,EFL League Two,1991-01-01T00:00:00Z,1996-01-01T00:00:00Z,122
http://www.wikidata.org/entity/Q7324631,Richard Carpenter,Fulham F.C.,Premier League,1996-01-01T00:00:00Z,1998-01-01T00:00:00Z,58
http://www.wikidata.org/entity/Q7324631,Richard Carpenter,Cardiff City F.C.,EFL League One,1998-01-01T00:00:00Z,2000-01-01T00:00:00Z,75
http://www.wikidata.org/entity/Q7324631,Richard Carpenter,Brighton & Hove Albion F.C.,Premier League,2000-01-01T00:00:00Z,2007-01-01T00:00:00Z,252
http://www.wikidata.org/entity/Q7324631,Richard Carpenter,Welling United F.C.,National League South,2007-01-01T00:00:00Z,2008-01-01T00:00:00Z,
http://www.wikidata.org/entity/Q73360,Thibaut Courtois,K.R.C. Genk,Belgian Pro League,2009-01-01T00:00:00Z,2011-06-30T00:00:00Z,41
http://www.wikidata.org/entity/Q73360,Thibaut Courtois,Belgium national under-18 football team,,2009-01-01T00:00:00Z,2010-01-01T00:00:00Z,4
http://www.wikidata.org/entity/Q73360,Thibaut Courtois,Atlético Madrid,La Liga,2011-01-01T00:00:00Z,2014-01-01T00:00:00Z,111
http://www.wikidata.org/entity/Q73360,Thibaut Courtois,Chelsea F.C.,Premier League,2011-01-01T00:00:00Z,2018-08-01T00:00:00Z,126
http://www.wikidata.org/entity/Q73360,Thibaut Courtois,Belgium men's national football team,,2011-01-01T00:00:00Z,,107
http://www.wikidata.org/entity/Q73360,Thibaut Courtois,Real Madrid Club de Fútbol,La Liga,2018-08-01T00:00:00Z,http://www.wikidata.org/.well-known/genid/cb1c1ebb4e5c3883faf98108dfe1df43,212
http://www.wikidata.org/entity/Q73480,Willian,S.C. Corinthians Paulista,Campeonato Brasileiro Série A,2006-01-01T00:00:00Z,2007-08-01T00:00:00Z,20
http://www.wikidata.org/entity/Q73480,Willian,S.C. Corinthians Paulista,Campeonato Paulista de Futebol,2006-01-01T00:00:00Z,2007-08-01T00:00:00Z,20
http://www.wikidata.org/entity/Q73480,Willian,Brazil national under-20 football team,,2007-01-01T00:00:00Z,2007-01-01T00:00:00Z,12
http://www.wikidata.org/entity/Q73480,Willian,FC Shakhtar Donetsk,Premier League,2007-08-01T00:00:00Z,2013-01-01T00:00:00Z,140
http://www.wikidata.org/entity/Q73480,Willian,Brazil men's national football team,,2011-01-01T00:00:00Z,2019-01-01T00:00:00Z,70
http://www.wikidata.org/entity/Q73480,Willian,FC Anzhi Makhachkala,Russian Amateur Football League Competition,2013-01-01T00:00:00Z,2013-01-01T00:00:00Z,11
http://www.wikidata.org/entity/Q73480,Willian,Chelsea F.C.,Premier League,2013-08-28T00:00:00Z,2020-08-13T00:00:00Z,234
http://www.wikidata.org/entity/Q73480,Willian,Arsenal F.C.,Premier League,2020-08-14T00:00:00Z,2021-08-30T00:00:00Z,25
http://www.wikidata.org/entity/Q73480,Willian,S.C. Corinthians Paulista,Campeonato Brasileiro Série A,2021-08-31T00:00:00Z,2022-08-01T00:00:00Z,35
http://www.wikidata.org/entity/Q73480,Willian,S.C. Corinthians Paulista,Campeonato Paulista de Futebol,2021-08-31T00:00:00Z,2022-08-01T00:00:00Z,35
http://www.wikidata.org/entity/Q73480,Willian,Fulham F.C.,Premier League,2022-09-01T00:00:00Z,2024-07-01T00:00:00Z,58
http://www.wikidata.org/entity/Q73480,Willian,Olympiacos F.C.,Super League Greece,2024-01-01T00:00:00Z,2024-01-01T00:00:00Z,6
http://www.wikidata.org/entity/Q73480,Willian,Fulham F.C.,Premier League,2025-02-01T00:00:00Z,2025-07-01T00:00:00Z,10
http://www.wikidata.org/entity/Q73480,Willian,Grêmio FBPA,Campeonato Brasileiro Série A,2025-09-01T00:00:00Z,,4
http://www.wikidata.org/entity/Q7351925,Roberto Torres Morales,UDC Chantrea,Tercera División,1998-01-01T00:00:00Z,2005-01-01T00:00:00Z,
http://www.wikidata.org/entity/Q7351925,Roberto Torres Morales,Club Atlético Osasuna,La Liga,2005-01-01T00:00:00Z,2007-01-01T00:00:00Z,
http://www.wikidata.org/entity/Q7351925,Roberto Torres Morales,Osasuna B,Primera Federación,2007-01-01T00:00:00Z,2013-01-01T00:00:00Z,145
http://www.wikidata.org/entity/Q7351925,Roberto Torres Morales,Club Atlético Osasuna,La Liga,2011-01-01T00:00:00Z,2022-01-01T00:00:00Z,352
http://www.wikidata.org/entity/Q7351925,Roberto Torres Morales,Basque Country regional football team,,2013-01-01T00:00:00Z,,5
http://www.wikidata.org/entity/Q7351925,Roberto Torres Morales,Foolad F.C.,Persian Gulf Pro League,2023-01-01T00:00:00Z,2023-01-01T00:00:00Z,14
http://www.wikidata.org/entity/Q7351925,Roberto Torres Morales,Gol Gohar F.C.,Azadegan League,2023-01-01T00:00:00Z,2024-01-01T00:00:00Z,21
http://www.wikidata.org/entity/Q7351925,Roberto Torres Morales,Inter Club d'Escaldes,Primera Divisió,2024-01-01T00:00:00Z,2024-01-01T00:00:00Z,10
http://www.wikidata.org/entity/Q7351925,Roberto Torres Morales,Gimnàstic de Tarragona,Primera Federación,2025-01-01T00:00:00Z,,
http://www.wikidata.org/entity/Q735967,Jesús María Lacruz,Club Atlético Osasuna,La Liga,,1994-01-01T00:00:00Z,
http://www.wikidata.org/entity/Q735967,Jesús María Lacruz,Osasuna B,Primera Federación,1994-01-01T00:00:00Z,1995-01-01T00:00:00Z,34
http://www.wikidata.org/entity/Q735967,Jesús María Lacruz,Club Atlético Osasuna,La Liga,1995-01-01T00:00:00Z,1997-01-01T00:00:00Z,48
http://www.wikidata.org/entity/Q735967,Jesús María Lacruz,Spain national under-18 football team,,1995-01-01T00:00:00Z,1996-01-01T00:00:00Z,6
http://www.wikidata.org/entity/Q735967,Jesús María Lacruz,Athletic Club,La Liga,1997-01-01T00:00:00Z,2006-01-01T00:00:00Z,224
http://www.wikidata.org/entity/Q735967,Jesús María Lacruz,Spain national under-20 football team,,1997-01-01T00:00:00Z,1997-01-01T00:00:00Z,4
http://www.wikidata.org/entity/Q735967,Jesús María Lacruz,Spain national under-21 association football team,,1998-01-01T00:00:00Z,2000-01-01T00:00:00Z,9
http://www.wikidata.org/entity/Q735967,Jesús María Lacruz,Spain national under-23 football team,,2000-01-01T00:00:00Z,2000-01-01T00:00:00Z,5
http://www.wikidata.org/entity/Q735967,Jesús María Lacruz,RCD Espanyol de Barcelona,La Liga,2006-01-01T00:00:00Z,2009-01-01T00:00:00Z,48
http://www.wikidata.org/entity/Q735967,Jesús María Lacruz,Real Unión,Primera Federación,2010-01-01T00:00:00Z,2012-01-01T00:00:00Z,56
http://www.wikidata.org/entity/Q742372,Jonathan Douglas,Republic of Ireland national under-21 football team,,,,
http://www.wikidata.org/entity/Q742372,Jonathan Douglas,Blackburn Rovers F.C.,EFL Championship,2000-01-01T00:00:00Z,2005-01-01T00:00:00Z,16
http://www.wikidata.org/entity/Q742372,Jonathan Douglas,Blackpool F.C.,EFL League One,2003-01-01T00:00:00Z,2003-01-01T00:00:00Z,16
http://www.wikidata.org/entity/Q742372,Jonathan Douglas,Chesterfield F.C.,EFL League Two,2003-01-01T00:00:00Z,2003-01-01T00:00:00Z,7
http://www.wikidata.org/entity/Q742372,Jonathan Douglas,Republic of Ireland men's national association football team,,2004-01-01T00:00:00Z,2007-01-01T00:00:00Z,8
http://www.wikidata.org/entity/Q742372,Jonathan Douglas,Gillingham F.C.,EFL League Two,2005-01-01T00:00:00Z,2005-01-01T00:00:00Z,10
http://www.wikidata.org/entity/Q742372,Jonathan Douglas,Leeds United F.C.,Premier League,2005-01-01T00:00:00Z,2009-01-01T00:00:00Z,148
http://www.wikidata.org/entity/Q742372,Jonathan Douglas,Swindon Town F.C.,EFL League Two,2009-01-01T00:00:00Z,2011-01-01T00:00:00Z,84
http://www.wikidata.org/entity/Q742372,Jonathan Douglas,Brentford F.C.,Premier League,2011-01-01T00:00:00Z,2015-01-01T00:00:00Z,169
http://www.wikidata.org/entity/Q742372,Jonathan Douglas,Ipswich Town F.C.,EFL Championship,2015-01-01T00:00:00Z,,
http://www.wikidata.org/entity/Q7519677,Simon Rodger,Bognor Regis Town F.C.,Isthmian League,1989-01-01T00:00:00Z,1990-01-01T00:00:00Z,
http://www.wikidata.org/entity/Q7519677,Simon Rodger,Crystal Palace F.C.,Premier League,1990-01-01T00:00:00Z,2002-01-01T00:00:00Z,276
http://www.wikidata.org/entity/Q7519677,Simon Rodger,Manchester City F.C.,Premier League,1996-01-01T00:00:00Z,1996-01-01T00:00:00Z,8
http://www.wikidata.org/entity/Q7519677,Simon Rodger,Stoke City F.C.,EFL Championship,1997-01-01T00:00:00Z,1997-01-01T00:00:00Z,5
http://www.wikidata.org/entity/Q7519677,Simon Rodger,Woking F.C.,National League,2002-01-01T00:00:00Z,2002-01-01T00:00:00Z,1
http://www.wikidata.org/entity/Q7519677,Simon Rodger,Brighton & Hove Albion F.C.,Premier League,2002-01-01T00:00:00Z,2004-01-01T00:00:00Z,36
http://www.wikidata.org/entity/Q75580,Tommaso Rocchi,Venezia F.C.,Serie B,,,
http://www.wikidata.org/entity/Q75580,Tommaso Rocchi,Juventus FC,Serie A,1995-01-01T00:00:00Z,1998-01-01T00:00:00Z,0
http://www.wikidata.org/entity/Q75580,Tommaso Rocchi,Italy national under-17 football team,,1995-01-01T00:00:00Z,1995-01-01T00:00:00Z,7
http://www.wikidata.org/entity/Q75580,Tommaso Rocchi,Italy national under-18 football team,,1995-01-01T00:00:00Z,1996-01-01T00:00:00Z,8
http://www.wikidata.org/entity/Q75580,Tommaso Rocchi,Aurora Pro Patria 1919,Serie C2,1996-01-01T00:00:00Z,1997-01-01T00:00:00Z,27
http://www.wikidata.org/entity/Q75580,Tommaso Rocchi,U.S. Fermana,Serie C,1997-01-01T00:00:00Z,1997-01-01T00:00:00Z,4
http://www.wikidata.org/entity/Q75580,Tommaso Rocchi,U.S. Fermana,Serie D,1997-01-01T00:00:00Z,1997-01-01T00:00:00Z,4
http://www.wikidata.org/entity/Q75580,Tommaso Rocchi,ASD FBC Saronno 1910,Prima Categoria,1997-01-01T00:00:00Z,1998-01-01T00:00:00Z,28
http://www.wikidata.org/entity/Q75580,Tommaso Rocchi,Italy national under-21 football team,,1998-01-01T00:00:00Z,1998-01-01T00:00:00Z,1
http://www.wikidata.org/entity/Q75580,Tommaso Rocchi,Como 1907,Serie A,1998-01-01T00:00:00Z,2000-01-01T00:00:00Z,62
http://www.wikidata.org/entity/Q75580,Tommaso Rocchi,Treviso F.B.C. 1993,Eccellenza,2000-01-01T00:00:00Z,2001-01-01T00:00:00Z,37
http://www.wikidata.org/entity/Q75580,Tommaso Rocchi,Empoli FC,Serie B,2001-01-01T00:00:00Z,2004-01-01T00:00:00Z,104
http://www.wikidata.org/entity/Q75580,Tommaso Rocchi,SS Lazio,Serie A,2004-01-01T00:00:00Z,2013-01-01T00:00:00Z,235
http://www.wikidata.org/entity/Q75580,Tommaso Rocchi,Italy men's national association football team,,2006-01-01T00:00:00Z,2007-01-01T00:00:00Z,3
http://www.wikidata.org/entity/Q75580,Tommaso Rocchi,Inter Milan,Serie A,2013-01-01T00:00:00Z,2013-01-01T00:00:00Z,13
http://www.wikidata.org/entity/Q75580,Tommaso Rocchi,Calcio Padova,Serie B,2013-01-01T00:00:00Z,2014-01-01T00:00:00Z,18
http://www.wikidata.org/entity/Q75580,Tommaso Rocchi,Szombathelyi Haladás,Nemzeti Bajnokság II,2014-01-01T00:00:00Z,2015-01-01T00:00:00Z,17
http://www.wikidata.org/entity/Q75580,Tommaso Rocchi,Tatabányai SC,Nemzeti Bajnokság II,2015-01-01T00:00:00Z,2016-01-01T00:00:00Z,0
http://www.wikidata.org/entity/Q759710,Yussuf Poulsen,Denmark national under-16 association football team,,2010-01-01T00:00:00Z,2010-01-01T00:00:00Z,1
http://www.wikidata.org/entity/Q759710,Yussuf Poulsen,Denmark national under-17 football team,,2010-01-01T00:00:00Z,2011-01-01T00:00:00Z,19
http://www.wikidata.org/entity/Q759710,Yussuf Poulsen,Lyngby Boldklub,Danish 1st Division,2011-01-01T00:00:00Z,2013-01-01T00:00:00Z,35
http://www.wikidata.org/entity/Q759710,Yussuf Poulsen,Denmark national under-18 football team,,2011-01-01T00:00:00Z,2012-01-01T00:00:00Z,7
http://www.wikidata.org/entity/Q759710,Yussuf Poulsen,Denmark national under-19 football team,,2012-01-01T00:00:00Z,2012-01-01T00:00:00Z,3
http://www.wikidata.org/entity/Q759710,Yussuf Poulsen,Denmark national under-19 football team,,2012-01-01T00:00:00Z,2013-01-01T00:00:00Z,12
http://www.wikidata.org/entity/Q759710,Yussuf Poulsen,Denmark men's national football team,,2013-01-01T00:00:00Z,,86
http://www.wikidata.org/entity/Q759710,Yussuf Poulsen,RB Leipzig,Bundesliga,2013-01-01T00:00:00Z,2025-01-01T00:00:00Z,330
http://www.wikidata.org/entity/Q759710,Yussuf Poulsen,Denmark national under-21 football team,,2013-01-01T00:00:00Z,2015-01-01T00:00:00Z,15
http://www.wikidata.org/entity/Q759710,Yussuf Poulsen,Denmark League XI national football team,,2013-01-01T00:00:00Z,2013-01-01T00:00:00Z,1
http://www.wikidata.org/entity/Q759710,Yussuf Poulsen,Hamburger SV,Bundesliga,2025-01-01T00:00:00Z,,6
http://www.wikidata.org/entity/Q7612554,Steve Fletcher,Hartlepool United F.C.,EFL League Two,1990-01-01T00:00:00Z,1992-01-01T00:00:00Z,32
http://www.wikidata.org/entity/Q7612554,Steve Fletcher,AFC Bournemouth,Premier League,1992-01-01T00:00:00Z,2007-01-01T00:00:00Z,493
http://www.wikidata.org/entity/Q7612554,Steve Fletcher,Chesterfield F.C.,EFL League Two,2007-01-01T00:00:00Z,2008-01-01T00:00:00Z,38
http://www.wikidata.org/entity/Q7612554,Steve Fletcher,Crawley Town F.C.,EFL League Two,2008-01-01T00:00:00Z,2009-01-01T00:00:00Z,21
http://www.wikidata.org/entity/Q7612554,Steve Fletcher,AFC Bournemouth,Premier League,2009-01-01T00:00:00Z,2013-01-01T00:00:00Z,135
http://www.wikidata.org/entity/Q7612554,Steve Fletcher,Plymouth Argyle F.C.,EFL League One,2012-01-01T00:00:00Z,2012-01-01T00:00:00Z,6
http://www.wikidata.org/entity/Q761549,Marco Carparelli,F.C. Vado,Eccellenza,1992-01-01T00:00:00Z,1993-01-01T00:00:00Z,5
http://www.wikidata.org/entity/Q761549,Marco Carparelli,U.C. Sampdoria,Serie B,1993-01-01T00:00:00Z,1997-01-01T00:00:00Z,28
http://www.wikidata.org/entity/Q761549,Marco Carparelli,AC ChievoVerona,Serie B,1995-01-01T00:00:00Z,1996-01-01T00:00:00Z,13
http://www.wikidata.org/entity/Q761549,Marco Carparelli,Italy national under-21 football team,,1996-01-01T00:00:00Z,1996-01-01T00:00:00Z,1
http://www.wikidata.org/entity/Q761549,Marco Carparelli,Torino FC,Serie A,1997-01-01T00:00:00Z,1998-01-01T00:00:00Z,29
http://www.wikidata.org/entity/Q761549,Marco Carparelli,U.C. Sampdoria,Serie B,1998-01-01T00:00:00Z,1998-01-01T00:00:00Z,
http://www.wikidata.org/entity/Q761549,Marco Carparelli,Empoli FC,Serie B,1998-01-01T00:00:00Z,1999-01-01T00:00:00Z,22
http://www.wikidata.org/entity/Q761549,Marco Carparelli,Genoa CFC,Serie A,1999-01-01T00:00:00Z,2002-01-01T00:00:00Z,129
http://www.wikidata.org/entity/Q761549,Marco Carparelli,Empoli FC,Serie B,2003-01-01T00:00:00Z,2004-01-01T00:00:00Z,13
http://www.wikidata.org/entity/Q761549,Marco Carparelli,Siena FC,Serie C,2004-01-01T00:00:00Z,2004-01-01T00:00:00Z,8
http://www.wikidata.org/entity/Q761549,Marco Carparelli,Como 1907,Serie A,2004-01-01T00:00:00Z,2004-01-01T00:00:00Z,23
http://www.wikidata.org/entity/Q761549,Marco Carparelli,Genoa CFC,Serie A,2005-01-01T00:00:00Z,2005-01-01T00:00:00Z,10
http://www.wikidata.org/entity/Q761549,Marco Carparelli,U.S. Cremonese,Serie A,2005-01-01T00:00:00Z,2007-01-01T00:00:00Z,70
http://www.wikidata.org/entity/Q761549,Marco Carparelli,U.S. Grosseto 1912,Serie C,2007-01-01T00:00:00Z,2009-01-01T00:00:00Z,24
http://www.wikidata.org/entity/Q761549,Marco Carparelli,Associazione Sportiva Cittadella,Serie B,2009-01-01T00:00:00Z,2009-01-01T00:00:00Z,15
http://www.wikidata.org/entity/Q761549,Marco Carparelli,Pisa SC,Serie A,2009-01-01T00:00:00Z,2012-01-01T00:00:00Z,67
http://www.wikidata.org/entity/Q763465,Hakan Çalhanoğlu,Turkey national under-17 football team,,2010-01-01T00:00:00Z,2011-01-01T00:00:00Z,11
http://www.wikidata.org/entity/Q763465,Hakan Çalhanoğlu,Turkey national under-16 football team,,2010-01-01T00:00:00Z,2010-01-01T00:00:00Z,6
http://www.wikidata.org/entity/Q763465,Hakan Çalhanoğlu,Karlsruher SC,2. Bundesliga,2011-01-01T00:00:00Z,2013-01-01T00:00:00Z,50
http://www.wikidata.org/entity/Q763465,Hakan Çalhanoğlu,Karlsruher SC,3. Liga,2011-01-01T00:00:00Z,2013-01-01T00:00:00Z,50
http://www.wikidata.org/entity/Q763465,Hakan Çalhanoğlu,Turkey national under-19 football team,,2011-01-01T00:00:00Z,2013-01-01T00:00:00Z,15
http://www.wikidata.org/entity/Q763465,Hakan Çalhanoğlu,Turkey national under-21 football team,,2012-01-01T00:00:00Z,2012-01-01T00:00:00Z,2
http://www.wikidata.org/entity/Q763465,Hakan Çalhanoğlu,Hamburger SV,Bundesliga,2013-01-01T00:00:00Z,2014-01-01T00:00:00Z,32
http://www.wikidata.org/entity/Q763465,Hakan Çalhanoğlu,Turkey men's national football team,,2013-01-01T00:00:00Z,,102
http://www.wikidata.org/entity/Q763465,Hakan Çalhanoğlu,Bayer 04 Leverkusen,Bundesliga,2014-01-01T00:00:00Z,2017-01-01T00:00:00Z,79
http://www.wikidata.org/entity/Q763465,Hakan Çalhanoğlu,AC Milan,Serie A,2017-01-01T00:00:00Z,2021-01-01T00:00:00Z,135
http://www.wikidata.org/entity/Q763465,Hakan Çalhanoğlu,Inter Milan,Serie A,2021-01-01T00:00:00Z,,137
http://www.wikidata.org/entity/Q80306,Giorgio Chiellini,US Livorno 1915,Eccellenza Tuscany,2000-01-01T00:00:00Z,2002-01-01T00:00:00Z,8
http://www.wikidata.org/entity/Q80306,Giorgio Chiellini,Italy national under-16 football team,,2000-01-01T00:00:00Z,2001-01-01T00:00:00Z,12
http://www.wikidata.org/entity/Q80306,Giorgio Chiellini,Italy national under-15 football team,,2000-01-01T00:00:00Z,2000-01-01T00:00:00Z,8
http://www.wikidata.org/entity/Q80306,Giorgio Chiellini,Italy national under-19 football team,,2001-01-01T00:00:00Z,2003-01-01T00:00:00Z,18
http://www.wikidata.org/entity/Q80306,Giorgio Chiellini,Italy national under-17 football team,,2001-01-01T00:00:00Z,2001-01-01T00:00:00Z,1
http://www.wikidata.org/entity/Q80306,Giorgio Chiellini,AS Roma,Serie A,2002-01-01T00:00:00Z,2004-01-01T00:00:00Z,0
http://www.wikidata.org/entity/Q80306,Giorgio Chiellini,Italy national under-18 football team,,2002-01-01T00:00:00Z,2002-01-01T00:00:00Z,6
http://www.wikidata.org/entity/Q80306,Giorgio Chiellini,US Livorno 1915,Eccellenza Tuscany,2002-07-01T00:00:00Z,2004-01-01T00:00:00Z,47
http://www.wikidata.org/entity/Q80306,Giorgio Chiellini,Italy men's national association football team,,2004-01-01T00:00:00Z,2022-01-01T00:00:00Z,117
http://www.wikidata.org/entity/Q80306,Giorgio Chiellini,Italy national under-21 football team,,2004-01-01T00:00:00Z,2007-01-01T00:00:00Z,26
http://www.wikidata.org/entity/Q80306,Giorgio Chiellini,Juventus FC,Serie A,2004-06-01T00:00:00Z,2022-06-01T00:00:00Z,425
http://www.wikidata.org/entity/Q80306,Giorgio Chiellini,ACF Fiorentina,Serie A,2004-07-01T00:00:00Z,2005-07-01T00:00:00Z,37
http://www.wikidata.org/entity/Q80306,Giorgio Chiellini,Los Angeles FC,Major League Soccer,2022-06-01T00:00:00Z,2023-12-01T00:00:00Z,31
http://www.wikidata.org/entity/Q80471,Miroslav Klose,FC 08 Homburg,Fußball-Regionalliga Südwest,1998-01-01T00:00:00Z,1999-01-01T00:00:00Z,15
http://www.wikidata.org/entity/Q80471,Miroslav Klose,1. FC Kaiserslautern,2. Bundesliga,1999-01-01T00:00:00Z,2004-01-01T00:00:00Z,120
http://www.wikidata.org/entity/Q80471,Miroslav Klose,1. FC Kaiserslautern II,Fußball-Regionalliga Südwest,1999-01-01T00:00:00Z,2001-01-01T00:00:00Z,50
http://www.wikidata.org/entity/Q80471,Miroslav Klose,Germany men's national association football team,,2001-01-01T00:00:00Z,2014-01-01T00:00:00Z,137
http://www.wikidata.org/entity/Q80471,Miroslav Klose,SV Werder Bremen,Bundesliga,2004-01-01T00:00:00Z,2007-01-01T00:00:00Z,85
http://www.wikidata.org/entity/Q80471,Miroslav Klose,FC Bayern Munich,Bundesliga,2007-01-01T00:00:00Z,2011-01-01T00:00:00Z,98
http://www.wikidata.org/entity/Q80471,Miroslav Klose,SS Lazio,Serie A,2011-01-01T00:00:00Z,2016-01-01T00:00:00Z,139
http://www.wikidata.org/entity/Q80892,Isco,Spain national under-17 association football team,,2008-01-01T00:00:00Z,2009-01-01T00:00:00Z,21
http://www.wikidata.org/entity/Q80892,Isco,Spain national under-16 association football team,,2008-01-01T00:00:00Z,2008-01-01T00:00:00Z,3
http://www.wikidata.org/entity/Q80892,Isco,Valencia CF Mestalla,Segunda División B,2009-01-01T00:00:00Z,2011-01-01T00:00:00Z,52
http://www.wikidata.org/entity/Q80892,Isco,Valencia CF,La Liga,2010-01-01T00:00:00Z,2011-01-01T00:00:00Z,4
http://www.wikidata.org/entity/Q80892,Isco,Spain national under-19 football team,,2010-01-01T00:00:00Z,2011-01-01T00:00:00Z,12
http://www.wikidata.org/entity/Q80892,Isco,Spain national under-18 football team,,2010-01-01T00:00:00Z,2010-01-01T00:00:00Z,1
http://www.wikidata.org/entity/Q80892,Isco,Málaga CF,LaLiga 2,2011-01-01T00:00:00Z,2013-01-01T00:00:00Z,69
http://www.wikidata.org/entity/Q80892,Isco,Spain national under-21 association football team,,2011-01-01T00:00:00Z,2014-01-01T00:00:00Z,19
http://www.wikidata.org/entity/Q80892,Isco,Spain national under-20 football team,,2011-01-01T00:00:00Z,2011-01-01T00:00:00Z,6
http://www.wikidata.org/entity/Q80892,Isco,Spain national under-23 football team,,2012-01-01T00:00:00Z,2012-01-01T00:00:00Z,5
http://www.wikidata.org/entity/Q80892,Isco,Real Madrid Club de Fútbol,La Liga,2013-01-01T00:00:00Z,2022-01-01T00:00:00Z,246
http://www.wikidata.org/entity/Q80892,Isco,Spain men's national football team,,2013-01-01T00:00:00Z,2019-01-01T00:00:00Z,39
http://www.wikidata.org/entity/Q80892,Isco,Sevilla FC,La Liga,2022-01-01T00:00:00Z,2022-01-01T00:00:00Z,12
http://www.wikidata.org/entity/Q80892,Isco,Real Betis Balompié,La Liga,2023-01-01T00:00:00Z,,52
http://www.wikidata.org/entity/Q8192385,Aitor Arregi Artano,CD Elgoibar,Tercera División,1990-01-01T00:00:00Z,1991-01-01T00:00:00Z,
http://www.wikidata.org/entity/Q8192385,Aitor Arregi Artano,Deportivo Alavés,La Liga,1991-01-01T00:00:00Z,1996-01-01T00:00:00Z,165
http://www.wikidata.org/entity/Q8192385,Aitor Arregi Artano,SD Eibar,LaLiga 2,1996-01-01T00:00:00Z,1997-01-01T00:00:00Z,38
http://www.wikidata.org/entity/Q8192385,Aitor Arregi Artano,Villarreal CF,La Liga,1997-01-01T00:00:00Z,2000-01-01T00:00:00Z,103
http://www.wikidata.org/entity/Q8192385,Aitor Arregi Artano,Elche CF,La Liga,2000-01-01T00:00:00Z,2001-01-01T00:00:00Z,32
http://www.wikidata.org/entity/Q8192385,Aitor Arregi Artano,Burgos CF,LaLiga 2,2001-01-01T00:00:00Z,2002-01-01T00:00:00Z,23
http://www.wikidata.org/entity/Q83456,John Terry,Chelsea F.C.,Premier League,1998-01-01T00:00:00Z,2017-01-01T00:00:00Z,492
http://www.wikidata.org/entity/Q83456,John Terry,Nottingham Forest F.C.,Premier League,2000-01-01T00:00:00Z,2000-01-01T00:00:00Z,6
http://www.wikidata.org/entity/Q83456,John Terry,England national under-21 association football team,,2000-01-01T00:00:00Z,2002-01-01T00:00:00Z,9
http://www.wikidata.org/entity/Q83456,John Terry,England men's national association football team,,2003-01-01T00:00:00Z,2012-01-01T00:00:00Z,78
http://www.wikidata.org/entity/Q83456,John Terry,Aston Villa F.C.,Premier League,2017-01-01T00:00:00Z,2018-01-01T00:00:00Z,32
http://www.wikidata.org/entity/Q83488,Mesut Özil,Schalke 04,2. Bundesliga,2006-01-01T00:00:00Z,2008-01-01T00:00:00Z,30
http://www.wikidata.org/entity/Q83488,Mesut Özil,Germany national under-19 football team,,2006-01-01T00:00:00Z,2007-01-01T00:00:00Z,11
http://www.wikidata.org/entity/Q83488,Mesut Özil,Germany national under-21 football team,,2007-01-01T00:00:00Z,2009-01-01T00:00:00Z,16
http://www.wikidata.org/entity/Q83488,Mesut Özil,SV Werder Bremen,Bundesliga,2008-01-01T00:00:00Z,2010-01-01T00:00:00Z,71
http://www.wikidata.org/entity/Q83488,Mesut Özil,Real Madrid Club de Fútbol,La Liga,2009-01-01T00:00:00Z,2013-01-01T00:00:00Z,105
http://www.wikidata.org/entity/Q83488,Mesut Özil,Germany men's national association football team,,2009-01-01T00:00:00Z,2018-01-01T00:00:00Z,92
http://www.wikidata.org/entity/Q83488,Mesut Özil,Arsenal F.C.,Premier League,2013-01-01T00:00:00Z,2021-01-24T00:00:00Z,184
http://www.wikidata.org/entity/Q83488,Mesut Özil,Fenerbahçe Istanbul,Süper Lig,2021-01-24T00:00:00Z,2022-07-01T00:00:00Z,32
http://www.wikidata.org/entity/Q83488,Mesut Özil,İstanbul Başakşehir F.K.,Süper Lig,2022-07-01T00:00:00Z,2023-03-22T00:00:00Z,4
http://www.wikidata.org/entity/Q869044,Alessandro Agostini,ACF Fiorentina,Serie A,1996-01-01T00:00:00Z,2002-01-01T00:00:00Z,13
http://www.wikidata.org/entity/Q869044,Alessandro Agostini,Italy national under-18 football team,,1996-01-01T00:00:00Z,1997-01-01T00:00:00Z,6
http://www.wikidata.org/entity/Q869044,Alessandro Agostini,Italy national under-17 football team,,1997-01-01T00:00:00Z,1997-01-01T00:00:00Z,5
http://www.wikidata.org/entity/Q869044,Alessandro Agostini,Pistoiese FC,Serie D,1998-01-01T00:00:00Z,2000-01-01T00:00:00Z,33
http://www.wikidata.org/entity/Q869044,Alessandro Agostini,Ternana Calcio,Serie C,2000-01-01T00:00:00Z,2001-01-01T00:00:00Z,34
http://www.wikidata.org/entity/Q869044,Alessandro Agostini,Empoli FC,Serie B,2002-01-01T00:00:00Z,2004-01-01T00:00:00Z,11
http://www.wikidata.org/entity/Q869044,Alessandro Agostini,Siena FC,Serie C,2003-01-01T00:00:00Z,2003-01-01T00:00:00Z,11
http://www.wikidata.org/entity/Q869044,Alessandro Agostini,Cagliari Calcio,Serie A,2004-01-01T00:00:00Z,2012-01-01T00:00:00Z,266
http://www.wikidata.org/entity/Q869044,Alessandro Agostini,Cagliari Calcio,Serie A,2004-01-01T00:00:00Z,2004-01-01T00:00:00Z,15
http://www.wikidata.org/entity/Q869044,Alessandro Agostini,Torino FC,Serie A,2012-01-01T00:00:00Z,2013-01-01T00:00:00Z,0
http://www.wikidata.org/entity/Q869044,Alessandro Agostini,Hellas Verona FC,Serie A,2013-01-01T00:00:00Z,2013-01-01T00:00:00Z,13
http://www.wikidata.org/entity/Q879835,Matthias Scherz,FC St. Pauli,Bundesliga,1994-01-01T00:00:00Z,1996-01-01T00:00:00Z,63
http://www.wikidata.org/entity/Q879835,Matthias Scherz,FC St. Pauli,Bundesliga,1996-01-01T00:00:00Z,1999-01-01T00:00:00Z,86
http://www.wikidata.org/entity/Q879835,Matthias Scherz,1. FC Köln,Bundesliga,1999-01-01T00:00:00Z,2009-01-01T00:00:00Z,270
http://www.wikidata.org/entity/Q879835,Matthias Scherz,SC Fortuna Köln,Regionalliga West,2012-01-01T00:00:00Z,2013-01-01T00:00:00Z,1
http://www.wikidata.org/entity/Q8991466,Paul Butler,Rochdale A.F.C.,National League,1991-01-01T00:00:00Z,1996-01-01T00:00:00Z,158
http://www.wikidata.org/entity/Q8991466,Paul Butler,Bury F.C.,Northern Premier League,1996-01-01T00:00:00Z,1998-01-01T00:00:00Z,84
http://www.wikidata.org/entity/Q8991466,Paul Butler,Sunderland A.F.C.,Premier League,1998-01-01T00:00:00Z,2001-01-01T00:00:00Z,79
http://www.wikidata.org/entity/Q8991466,Paul Butler,Wolverhampton Wanderers F.C.,Premier League,2000-01-01T00:00:00Z,2001-01-01T00:00:00Z,5
http://www.wikidata.org/entity/Q8991466,Paul Butler,Republic of Ireland men's national association football team,,2000-01-01T00:00:00Z,2000-01-01T00:00:00Z,1
http://www.wikidata.org/entity/Q8991466,Paul Butler,Wolverhampton Wanderers F.C.,Premier League,2001-01-01T00:00:00Z,2004-01-01T00:00:00Z,119
http://www.wikidata.org/entity/Q8991466,Paul Butler,Leeds United F.C.,Premier League,2004-01-01T00:00:00Z,2007-01-01T00:00:00Z,100
http://www.wikidata.org/entity/Q8991466,Paul Butler,Milton Keynes Dons F.C.,EFL League Two,2006-01-01T00:00:00Z,2007-01-01T00:00:00Z,8
http://www.wikidata.org/entity/Q8991466,Paul Butler,Milton Keynes Dons F.C.,EFL League Two,2007-01-01T00:00:00Z,2007-01-01T00:00:00Z,9
http://www.wikidata.org/entity/Q8991466,Paul Butler,Chester City F.C.,National League,2007-01-01T00:00:00Z,2009-01-01T00:00:00Z,35
http://www.wikidata.org/entity/Q912172,Saúl Ñíguez,Spain national under-16 association football team,,2009-01-01T00:00:00Z,2009-01-01T00:00:00Z,4
http://www.wikidata.org/entity/Q912172,Saúl Ñíguez,Atlético Madrid B,Segunda División B,2010-01-01T00:00:00Z,2013-01-01T00:00:00Z,70
http://www.wikidata.org/entity/Q912172,Saúl Ñíguez,Spain national under-17 association football team,,2010-01-01T00:00:00Z,2011-01-01T00:00:00Z,9
http://www.wikidata.org/entity/Q912172,Saúl Ñíguez,Atlético Madrid,La Liga,2012-01-01T00:00:00Z,2025-07-01T00:00:00Z,295
http://www.wikidata.org/entity/Q912172,Saúl Ñíguez,Spain national under-19 football team,,2012-01-01T00:00:00Z,2013-01-01T00:00:00Z,11
http://www.wikidata.org/entity/Q912172,Saúl Ñíguez,Spain national under-18 football team,,2012-01-01T00:00:00Z,2012-01-01T00:00:00Z,3
http://www.wikidata.org/entity/Q912172,Saúl Ñíguez,Rayo Vallecano,La Liga,2013-01-01T00:00:00Z,2014-01-01T00:00:00Z,34
http://www.wikidata.org/entity/Q912172,Saúl Ñíguez,Spain national under-21 association football team,,2013-01-01T00:00:00Z,2016-01-01T00:00:00Z,25
http://www.wikidata.org/entity/Q912172,Saúl Ñíguez,Spain national under-20 football team,,2013-01-01T00:00:00Z,2013-01-01T00:00:00Z,8
http://www.wikidata.org/entity/Q912172,Saúl Ñíguez,Spain men's national football team,,2016-01-01T00:00:00Z,2019-01-01T00:00:00Z,19
http://www.wikidata.org/entity/Q912172,Saúl Ñíguez,Chelsea F.C.,Premier League,2021-01-01T00:00:00Z,2022-01-01T00:00:00Z,10
http://www.wikidata.org/entity/Q912172,Saúl Ñíguez,Sevilla FC,La Liga,2024-01-01T00:00:00Z,2025-01-01T00:00:00Z,24
http://www.wikidata.org/entity/Q912172,Saúl Ñíguez,Clube de Regatas do Flamengo,Campeonato Brasileiro Série A,2025-07-01T00:00:00Z,,15
http://www.wikidata.org/entity/Q927006,Kevin Campbell,Arsenal F.C.,Premier League,1988-01-01T00:00:00Z,1995-01-01T00:00:00Z,166
http://www.wikidata.org/entity/Q927006,Kevin Campbell,Leicester City F.C.,EFL Championship,1989-01-01T00:00:00Z,1989-01-01T00:00:00Z,11
http://www.wikidata.org/entity/Q927006,Kevin Campbell,Leyton Orient F.C.,EFL League One,1989-01-01T00:00:00Z,1989-01-01T00:00:00Z,16
http://www.wikidata.org/entity/Q927006,Kevin Campbell,England national under-21 association football team,,1990-01-01T00:00:00Z,1992-01-01T00:00:00Z,4
http://www.wikidata.org/entity/Q927006,Kevin Campbell,England national association football B team,,1991-01-01T00:00:00Z,1991-01-01T00:00:00Z,1
http://www.wikidata.org/entity/Q927006,Kevin Campbell,Nottingham Forest F.C.,Premier League,1995-01-01T00:00:00Z,1998-01-01T00:00:00Z,80
http://www.wikidata.org/entity/Q927006,Kevin Campbell,Trabzonspor,Süper Lig,1996-01-01T00:00:00Z,1999-01-01T00:00:00Z,17
http://www.wikidata.org/entity/Q927006,Kevin Campbell,Everton F.C.,Premier League,1999-01-01T00:00:00Z,2005-01-01T00:00:00Z,137
http://www.wikidata.org/entity/Q927006,Kevin Campbell,Everton F.C.,Premier League,1999-01-01T00:00:00Z,1999-01-01T00:00:00Z,8
http://www.wikidata.org/entity/Q927006,Kevin Campbell,West Bromwich Albion F.C.,EFL Championship,2005-01-01T00:00:00Z,2006-01-01T00:00:00Z,45
http://www.wikidata.org/entity/Q927006,Kevin Campbell,Cardiff City F.C.,EFL League One,2006-01-01T00:00:00Z,2009-01-01T00:00:00Z,19
http://www.wikidata.org/entity/Q933973,Daniele Conti,AS Roma,Serie A,1996-01-01T00:00:00Z,1999-01-01T00:00:00Z,5
http://www.wikidata.org/entity/Q933973,Daniele Conti,Italy national under-21 football team,,1998-01-01T00:00:00Z,1999-01-01T00:00:00Z,1
http://www.wikidata.org/entity/Q933973,Daniele Conti,Cagliari Calcio,Serie A,1999-01-01T00:00:00Z,2015-01-01T00:00:00Z,434
http://www.wikidata.org/entity/Q933973,Daniele Conti,Italy national under-21 football team,,2000-01-01T00:00:00Z,2000-01-01T00:00:00Z,1
http://www.wikidata.org/entity/Q937192,Fernando Varela Ramos,Spain national under-16 association football team,,1994-01-01T00:00:00Z,1996-01-01T00:00:00Z,15
http://www.wikidata.org/entity/Q937192,Fernando Varela Ramos,Spain national under-17 association football team,,1995-08-04T00:00:00Z,1997-01-01T00:00:00Z,7
http://www.wikidata.org/entity/Q937192,Fernando Varela Ramos,Spain national under-18 football team,,1996-01-01T00:00:00Z,1998-01-01T00:00:00Z,4
http://www.wikidata.org/entity/Q937192,Fernando Varela Ramos,Real Betis B,Segunda División B,1996-09-01T00:00:00Z,1999-12-05T00:00:00Z,99
http://www.wikidata.org/entity/Q937192,Fernando Varela Ramos,Real Betis Balompié,La Liga,1997-05-26T00:00:00Z,2006-06-07T00:00:00Z,192
http://www.wikidata.org/entity/Q937192,Fernando Varela Ramos,Spain national under-20 football team,,1998-02-01T00:00:00Z,1999-04-24T00:00:00Z,10
http://www.wikidata.org/entity/Q937192,Fernando Varela Ramos,Spain national under-21 association football team,,1999-10-09T00:00:00Z,2001-11-13T00:00:00Z,10
http://www.wikidata.org/entity/Q937192,Fernando Varela Ramos,CF Extremadura,,1999-12-15T00:00:00Z,2000-06-30T00:00:00Z,23
http://www.wikidata.org/entity/Q937192,Fernando Varela Ramos,RCD Mallorca,La Liga,2006-07-01T00:00:00Z,2010-07-14T00:00:00Z,126
http://www.wikidata.org/entity/Q937192,Fernando Varela Ramos,Kasımpaşa S.K.,Süper Lig,2010-07-14T00:00:00Z,2011-10-11T00:00:00Z,24
http://www.wikidata.org/entity/Q937192,Fernando Varela Ramos,Real Valladolid,LaLiga 2,2011-08-30T00:00:00Z,2012-02-28T00:00:00Z,1
http://www.wikidata.org/entity/Q937833,Mikel Lasa,Real Sociedad,La Liga,,1988-01-01T00:00:00Z,
http://www.wikidata.org/entity/Q937833,Mikel Lasa,Spain national under-16 association football team,,1987-01-01T00:00:00Z,1988-01-01T00:00:00Z,11
http://www.wikidata.org/entity/Q937833,Mikel Lasa,Real Sociedad B,LaLiga 2,1988-01-01T00:00:00Z,1989-01-01T00:00:00Z,22
http://www.wikidata.org/entity/Q937833,Mikel Lasa,Spain national under-17 association football team,,1988-01-01T00:00:00Z,1988-01-01T00:00:00Z,1
http://www.wikidata.org/entity/Q937833,Mikel Lasa,Spain national under-19 football team,,1988-01-01T00:00:00Z,1989-01-01T00:00:00Z,4
http://www.wikidata.org/entity/Q937833,Mikel Lasa,Real Sociedad,La Liga,1989-01-01T00:00:00Z,1991-01-01T00:00:00Z,89
http://www.wikidata.org/entity/Q937833,Mikel Lasa,Spain national under-20 football team,,1989-01-01T00:00:00Z,1990-01-01T00:00:00Z,4
http://www.wikidata.org/entity/Q937833,Mikel Lasa,Spain national under-18 football team,,1989-01-01T00:00:00Z,1989-01-01T00:00:00Z,4
http://www.wikidata.org/entity/Q937833,Mikel Lasa,Spain national under-21 association football team,,1990-01-01T00:00:00Z,1994-01-01T00:00:00Z,17
http://www.wikidata.org/entity/Q937833,Mikel Lasa,Real Madrid Club de Fútbol,La Liga,1991-01-01T00:00:00Z,1997-01-01T00:00:00Z,178
http://www.wikidata.org/entity/Q937833,Mikel Lasa,Spain national under-23 football team,,1991-01-01T00:00:00Z,1992-01-01T00:00:00Z,13
http://www.wikidata.org/entity/Q937833,Mikel Lasa,Spain men's national football team,,1993-01-01T00:00:00Z,1993-01-01T00:00:00Z,2
http://www.wikidata.org/entity/Q937833,Mikel Lasa,Basque Country regional football team,,1993-01-01T00:00:00Z,1997-01-01T00:00:00Z,3
http://www.wikidata.org/entity/Q937833,Mikel Lasa,Athletic Club,La Liga,1997-01-01T00:00:00Z,2001-01-01T00:00:00Z,64
http://www.wikidata.org/entity/Q937833,Mikel Lasa,Real Murcia,Primera Federación,2001-01-01T00:00:00Z,2003-01-01T00:00:00Z,52
http://www.wikidata.org/entity/Q937833,Mikel Lasa,Ciudad de Murcia,LaLiga 2,2003-01-01T00:00:00Z,2004-01-01T00:00:00Z,20
http://www.wikidata.org/entity/Q942608,David Belenguer,Catalonia national football team,,,,
http://www.wikidata.org/entity/Q942608,David Belenguer,Real Madrid Club de Fútbol,La Liga,1992-01-01T00:00:00Z,1993-01-01T00:00:00Z,
http://www.wikidata.org/entity/Q942608,David Belenguer,Real Madrid C,Tercera Federación,1992-01-01T00:00:00Z,1993-01-01T00:00:00Z,38
http://www.wikidata.org/entity/Q942608,David Belenguer,Palamós CF,Tercera División,1993-01-01T00:00:00Z,1995-01-01T00:00:00Z,32
http://www.wikidata.org/entity/Q942608,David Belenguer,CD Leganés,LaLiga 2,1995-01-01T00:00:00Z,1996-01-01T00:00:00Z,28
http://www.wikidata.org/entity/Q942608,David Belenguer,RC Celta de Vigo,La Liga,1996-01-01T00:00:00Z,1997-01-01T00:00:00Z,0
http://www.wikidata.org/entity/Q942608,David Belenguer,RC Celta de Vigo,La Liga,1996-01-01T00:00:00Z,1996-01-01T00:00:00Z,0
http://www.wikidata.org/entity/Q942608,David Belenguer,UE Lleida,Segunda División B,1996-01-01T00:00:00Z,1997-01-01T00:00:00Z,22
http://www.wikidata.org/entity/Q942608,David Belenguer,Albacete Balompié,LaLiga 2,1997-01-01T00:00:00Z,1998-01-01T00:00:00Z,38
http://www.wikidata.org/entity/Q942608,David Belenguer,UE Lleida,Segunda División B,1997-01-01T00:00:00Z,1997-01-01T00:00:00Z,22
http://www.wikidata.org/entity/Q942608,David Belenguer,CF Extremadura,,1998-01-01T00:00:00Z,2000-01-01T00:00:00Z,76
http://www.wikidata.org/entity/Q942608,David Belenguer,Real Betis Balompié,La Liga,2000-01-01T00:00:00Z,2003-01-01T00:00:00Z,65
http://www.wikidata.org/entity/Q942608,David Belenguer,Getafe CF,La Liga,2004-01-01T00:00:00Z,2010-01-01T00:00:00Z,158
http://www.wikidata.org/entity/Q942608,David Belenguer,Real Betis Balompié,La Liga,2010-01-01T00:00:00Z,2011-01-01T00:00:00Z,20
http://www.wikidata.org/entity/Q945233,Hayden Mullins,Crystal Palace F.C.,Premier League,1998-01-01T00:00:00Z,2003-01-01T00:00:00Z,222
http://www.wikidata.org/entity/Q945233,Hayden Mullins,England national under-21 association football team,,1999-01-01T00:00:00Z,1999-01-01T00:00:00Z,3
http://www.wikidata.org/entity/Q945233,Hayden Mullins,West Ham United F.C.,Premier League,2003-01-01T00:00:00Z,2003-01-01T00:00:00Z,1
http://www.wikidata.org/entity/Q945233,Hayden Mullins,West Ham United F.C.,Premier League,2003-01-01T00:00:00Z,2009-01-01T00:00:00Z,179
http://www.wikidata.org/entity/Q945233,Hayden Mullins,Portsmouth F.C.,EFL Championship,2009-01-01T00:00:00Z,2012-01-01T00:00:00Z,114
http://www.wikidata.org/entity/Q945233,Hayden Mullins,Reading F.C.,EFL League One,2012-01-01T00:00:00Z,2012-01-01T00:00:00Z,7
http://www.wikidata.org/entity/Q945233,Hayden Mullins,Birmingham City F.C.,EFL Championship,2012-01-01T00:00:00Z,2014-01-01T00:00:00Z,36
http://www.wikidata.org/entity/Q945233,Hayden Mullins,Notts County F.C.,EFL League Two,2014-01-01T00:00:00Z,2014-01-01T00:00:00Z,16
http://www.wikidata.org/entity/Q945233,Hayden Mullins,Notts County F.C.,EFL League Two,2014-01-01T00:00:00Z,2015-01-01T00:00:00Z,32
http://www.wikidata.org/entity/Q949938,Marco Parolo,Como 1907,Serie A,2004-01-01T00:00:00Z,2005-01-01T00:00:00Z,31
http://www.wikidata.org/entity/Q949938,Marco Parolo,Pistoiese FC,Serie D,2005-01-01T00:00:00Z,2007-01-01T00:00:00Z,52
http://www.wikidata.org/entity/Q949938,Marco Parolo,Foligno Calcio,Serie C2,2007-01-01T00:00:00Z,2008-01-01T00:00:00Z,29
http://www.wikidata.org/entity/Q949938,Marco Parolo,Hellas Verona FC,Serie A,2008-01-01T00:00:00Z,2009-01-01T00:00:00Z,32
http://www.wikidata.org/entity/Q949938,Marco Parolo,AC Cesena,Serie B,2009-01-01T00:00:00Z,2012-01-01T00:00:00Z,104
http://www.wikidata.org/entity/Q949938,Marco Parolo,Italy men's national association football team,,2011-01-01T00:00:00Z,2018-01-01T00:00:00Z,0
http://www.wikidata.org/entity/Q949938,Marco Parolo,Italy men's national association football team,,2011-01-01T00:00:00Z,2018-01-01T00:00:00Z,36
http://www.wikidata.org/entity/Q949938,Marco Parolo,Parma Calcio 1913,Serie A,2012-01-01T00:00:00Z,2014-01-01T00:00:00Z,72
http://www.wikidata.org/entity/Q949938,Marco Parolo,SS Lazio,Serie A,2014-01-01T00:00:00Z,2021-06-01T00:00:00Z,211
http://www.wikidata.org/entity/Q954255,Ian Cox,Crystal Palace F.C.,Premier League,1994-01-01T00:00:00Z,1996-01-01T00:00:00Z,15
http://www.wikidata.org/entity/Q954255,Ian Cox,AFC Bournemouth,Premier League,1996-01-01T00:00:00Z,2000-01-01T00:00:00Z,173
http://www.wikidata.org/entity/Q954255,Ian Cox,Bolton Wanderers F.C.,EFL League One,1999-01-01T00:00:00Z,2000-01-01T00:00:00Z,1
http://www.wikidata.org/entity/Q954255,Ian Cox,Burnley F.C.,Premier League,2000-01-01T00:00:00Z,2003-01-01T00:00:00Z,115
http://www.wikidata.org/entity/Q954255,Ian Cox,Trinidad and Tobago men's national football team,,2000-01-01T00:00:00Z,2006-01-01T00:00:00Z,16
http://www.wikidata.org/entity/Q954255,Ian Cox,Gillingham F.C.,EFL League Two,2003-01-01T00:00:00Z,2008-01-01T00:00:00Z,153
http://www.wikidata.org/entity/Q954255,Ian Cox,Maidstone United F.C.,Isthmian League,2008-01-01T00:00:00Z,2009-01-01T00:00:00Z,21
http://www.wikidata.org/entity/Q954255,Ian Cox,Whitstable Town F.C.,Isthmian League,2013-01-01T00:00:00Z,2015-01-01T00:00:00Z,
http://www.wikidata.org/entity/Q954307,Luis Diego López,Uruguay national under-17 football team,,1991-01-01T00:00:00Z,1991-01-01T00:00:00Z,3
http://www.wikidata.org/entity/Q954307,Luis Diego López,Uruguay national under-20 football team,,1992-01-01T00:00:00Z,1993-01-01T00:00:00Z,4
http://www.wikidata.org/entity/Q954307,Luis Diego López,Uruguay men's national football team,,1994-01-01T00:00:00Z,2005-01-01T00:00:00Z,32
http://www.wikidata.org/entity/Q954307,Luis Diego López,Club Atlético River Plate,Uruguayan Primera División,1994-01-01T00:00:00Z,1996-01-01T00:00:00Z,37
http://www.wikidata.org/entity/Q954307,Luis Diego López,Racing de Santander,LaLiga 2,1996-01-01T00:00:00Z,1998-01-01T00:00:00Z,62
http://www.wikidata.org/entity/Q954307,Luis Diego López,Cagliari Calcio,Serie A,1998-01-01T00:00:00Z,2010-01-01T00:00:00Z,344
http://www.wikidata.org/entity/Q96755,Antonio Rüdiger,Germany national under-18 football team,,2010-01-01T00:00:00Z,2011-01-01T00:00:00Z,8
http://www.wikidata.org/entity/Q96755,Antonio Rüdiger,VfB Stuttgart II,3. Liga,2011-01-01T00:00:00Z,2012-01-01T00:00:00Z,22
http://www.wikidata.org/entity/Q96755,Antonio Rüdiger,Germany national under-19 football team,,2011-01-01T00:00:00Z,2012-01-01T00:00:00Z,13
http://www.wikidata.org/entity/Q96755,Antonio Rüdiger,VfB Stuttgart,Bundesliga,2012-01-01T00:00:00Z,2016-01-01T00:00:00Z,66
http://www.wikidata.org/entity/Q96755,Antonio Rüdiger,Germany national under-21 football team,,2012-01-01T00:00:00Z,2013-01-01T00:00:00Z,10
http://www.wikidata.org/entity/Q96755,Antonio Rüdiger,Germany national under-20 football team,,2012-01-01T00:00:00Z,2012-01-01T00:00:00Z,2
http://www.wikidata.org/entity/Q96755,Antonio Rüdiger,Germany men's national association football team,,2014-05-13T00:00:00Z,,81
http://www.wikidata.org/entity/Q96755,Antonio Rüdiger,AS Roma,Serie A,2015-01-01T00:00:00Z,2016-01-01T00:00:00Z,30
http://www.wikidata.org/entity/Q96755,Antonio Rüdiger,AS Roma,Serie A,2016-01-01T00:00:00Z,2017-01-01T00:00:00Z,26
http://www.wikidata.org/entity/Q96755,Antonio Rüdiger,Chelsea F.C.,Premier League,2017-01-01T00:00:00Z,2022-01-01T00:00:00Z,133
http://www.wikidata.org/entity/Q96755,Antonio Rüdiger,Real Madrid Club de Fútbol,La Liga,2022-01-01T00:00:00Z,http://www.wikidata.org/.well-known/genid/b9c6f012e830831c329c01e2cdabb7e0,96
http://www.wikidata.org/entity/Q969725,Harry Kane,Tottenham Hotspur F.C.,Premier League,2009-01-01T00:00:00Z,2023-01-01T00:00:00Z,317
http://www.wikidata.org/entity/Q969725,Harry Kane,England national under-19 association football team,,2010-01-01T00:00:00Z,2012-01-01T00:00:00Z,14
http://www.wikidata.org/entity/Q969725,Harry Kane,England national under-17 association football team,,2010-01-01T00:00:00Z,2010-01-01T00:00:00Z,6
http://www.wikidata.org/entity/Q969725,Harry Kane,Leyton Orient F.C.,EFL League One,2011-01-01T00:00:00Z,2011-01-01T00:00:00Z,18
http://www.wikidata.org/entity/Q969725,Harry Kane,Millwall F.C.,EFL Championship,2012-01-01T00:00:00Z,2012-05-01T00:00:00Z,22
http://www.wikidata.org/entity/Q969725,Harry Kane,Norwich City F.C.,EFL Championship,2012-08-01T00:00:00Z,2013-01-01T00:00:00Z,3
http://www.wikidata.org/entity/Q969725,Harry Kane,Leicester City F.C.,EFL Championship,2013-01-01T00:00:00Z,2013-01-01T00:00:00Z,13
http://www.wikidata.org/entity/Q969725,Harry Kane,England national under-21 association football team,,2013-01-01T00:00:00Z,2015-01-01T00:00:00Z,14
http://www.wikidata.org/entity/Q969725,Harry Kane,England national under-20 association football team,,2013-01-01T00:00:00Z,2013-01-01T00:00:00Z,3
http://www.wikidata.org/entity/Q969725,Harry Kane,England men's national association football team,,2015-01-01T00:00:00Z,,111
http://www.wikidata.org/entity/Q969725,Harry Kane,FC Bayern Munich,Bundesliga,2023-01-01T00:00:00Z,,73
http://www.wikidata.org/entity/Q970864,Salvatore Lanna,Carpi FC 1909,Serie C,1992-01-01T00:00:00Z,1993-01-01T00:00:00Z,
http://www.wikidata.org/entity/Q970864,Salvatore Lanna,Carpi FC 1909,Serie D,1992-01-01T00:00:00Z,1993-01-01T00:00:00Z,
http://www.wikidata.org/entity/Q970864,Salvatore Lanna,AS Reggina 1914,Serie B,1994-01-01T00:00:00Z,1995-01-01T00:00:00Z,6
http://www.wikidata.org/entity/Q970864,Salvatore Lanna,Carpi FC 1909,Serie C,1995-01-01T00:00:00Z,1996-01-01T00:00:00Z,30
http://www.wikidata.org/entity/Q970864,Salvatore Lanna,Carpi FC 1909,Serie D,1995-01-01T00:00:00Z,1996-01-01T00:00:00Z,30
http://www.wikidata.org/entity/Q970864,Salvatore Lanna,AC Milan,Serie A,1996-01-01T00:00:00Z,2007-01-01T00:00:00Z,312
http://www.wikidata.org/entity/Q970864,Salvatore Lanna,AC ChievoVerona,Serie B,1996-01-01T00:00:00Z,2007-01-01T00:00:00Z,312
http://www.wikidata.org/entity/Q970864,Salvatore Lanna,Italy men's national association football team,,2002-01-01T00:00:00Z,2002-01-01T00:00:00Z,0
http://www.wikidata.org/entity/Q970864,Salvatore Lanna,Torino FC,Serie A,2007-01-01T00:00:00Z,2008-01-01T00:00:00Z,29
http://www.wikidata.org/entity/Q970864,Salvatore Lanna,Bologna F.C. 1909,Serie A,2008-01-01T00:00:00Z,2010-01-01T00:00:00Z,55
http://www.wikidata.org/entity/Q970864,Salvatore Lanna,A.C. Reggiana 1919,Serie B,2010-01-01T00:00:00Z,2011-01-01T00:00:00Z,10
http://www.wikidata.org/entity/Q980775,Christian Amoroso,ACF Fiorentina,Serie A,1996-01-01T00:00:00Z,2002-01-01T00:00:00Z,120
http://www.wikidata.org/entity/Q980775,Christian Amoroso,Empoli FC,Serie B,1996-01-01T00:00:00Z,1997-01-01T00:00:00Z,33
http://www.wikidata.org/entity/Q980775,Christian Amoroso,Italy national under-21 football team,,1997-01-01T00:00:00Z,1997-01-01T00:00:00Z,1
http://www.wikidata.org/entity/Q980775,Christian Amoroso,Bologna F.C. 1909,Serie A,2002-01-01T00:00:00Z,2009-01-01T00:00:00Z,197
http://www.wikidata.org/entity/Q980775,Christian Amoroso,Ascoli Calcio 1898 FC,Serie C,2009-01-01T00:00:00Z,2010-01-01T00:00:00Z,32
http://www.wikidata.org/entity/Q980775,Christian Amoroso,Pisa SC,Serie A,2010-01-01T00:00:00Z,2011-01-01T00:00:00Z,9
http://www.wikidata.org/entity/Q994561,Jonas Hector,SV Auersmacher,,2009-01-01T00:00:00Z,2010-01-01T00:00:00Z,34
http://www.wikidata.org/entity/Q994561,Jonas Hector,1. FC Köln II,Regionalliga West,2010-01-01T00:00:00Z,2012-01-01T00:00:00Z,63
http://www.wikidata.org/entity/Q994561,Jonas Hector,1. FC Köln,Bundesliga,2012-01-01T00:00:00Z,2023-01-01T00:00:00Z,314
http://www.wikidata.org/entity/Q994561,Jonas Hector,Germany men's national association football team,,2014-01-01T00:00:00Z,2019-01-01T00:00:00Z,43
http://www.wikidata.org/entity/Q10520,David Beckham,England national under-18 association football team,,1992-01-01T00:00:00Z,1993-01-01T00:00:00Z,3
http://www.wikidata.org/entity/Q10520,David Beckham,Manchester United F.C.,Premier League,1992-08-01T00:00:00Z,2003-07-01T00:00:00Z,265
http://www.wikidata.org/entity/Q10520,David Beckham,Preston North End F.C.,EFL Championship,1994-01-01T00:00:00Z,1995-01-01T00:00:00Z,5
http://www.wikidata.org/entity/Q10520,David Beckham,England national under-21 association football team,,1994-01-01T00:00:00Z,1996-01-01T00:00:00Z,9
http://www.wikidata.org/entity/Q10520,David Beckham,England men's national association football team,,1996-01-01T00:00:00Z,2009-01-01T00:00:00Z,115
http://www.wikidata.org/entity/Q10520,David Beckham,Real Madrid Club de Fútbol,La Liga,2003-07-01T00:00:00Z,2007-07-11T00:00:00Z,116
http://www.wikidata.org/entity/Q10520,David Beckham,LA Galaxy,Major League Soccer,2007-07-11T00:00:00Z,2012-11-01T00:00:00Z,98
http://www.wikidata.org/entity/Q10520,David Beckham,AC Milan,Serie A,2009-01-07T00:00:00Z,2009-07-01T00:00:00Z,18
http://www.wikidata.org/entity/Q10520,David Beckham,AC Milan,Serie A,2010-01-01T00:00:00Z,2010-03-01T00:00:00Z,11
http://www.wikidata.org/entity/Q10520,David Beckham,Paris Saint-Germain FC,Ligue 1,2013-01-31T00:00:00Z,2013-05-16T00:00:00Z,11
http://www.wikidata.org/entity/Q10524,Ryan Giggs,Wales national under-19 football team,,1989-01-01T00:00:00Z,1991-01-01T00:00:00Z,3
http://www.wikidata.org/entity/Q10524,Ryan Giggs,England national under-16 association football team,,1989-01-01T00:00:00Z,1989-01-01T00:00:00Z,1
http://www.wikidata.org/entity/Q10524,Ryan Giggs,Manchester United F.C.,Premier League,1990-01-01T00:00:00Z,2014-01-01T00:00:00Z,672
http://www.wikidata.org/entity/Q10524,Ryan Giggs,Wales men's national association football team,,1991-01-01T00:00:00Z,2007-01-01T00:00:00Z,64
http://www.wikidata.org/entity/Q10524,Ryan Giggs,Wales national under-21 football team,,1991-01-01T00:00:00Z,1991-01-01T00:00:00Z,1
http://www.wikidata.org/entity/Q10524,Ryan Giggs,Great Britain olympic football team,,2012-01-01T00:00:00Z,2012-01-01T00:00:00Z,4
http://www.wikidata.org/entity/Q10598,David James,Watford F.C.,EFL Championship,1988-01-01T00:00:00Z,1992-01-01T00:00:00Z,89
http://www.wikidata.org/entity/Q10598,David James,England national under-21 association football team,,1990-01-01T00:00:00Z,1992-01-01T00:00:00Z,10
http://www.wikidata.org/entity/Q10598,David James,Liverpool F.C.,Premier League,1992-01-01T00:00:00Z,1999-01-01T00:00:00Z,214
http://www.wikidata.org/entity/Q10598,David James,England national association football B team,,1994-01-01T00:00:00Z,1996-01-01T00:00:00Z,2
http://www.wikidata.org/entity/Q10598,David James,England men's national association football team,,1997-01-01T00:00:00Z,2010-01-01T00:00:00Z,53
http://www.wikidata.org/entity/Q10598,David James,Aston Villa F.C.,Premier League,1999-01-01T00:00:00Z,2001-01-01T00:00:00Z,67
http://www.wikidata.org/entity/Q10598,David James,West Ham United F.C.,Premier League,2001-01-01T00:00:00Z,2004-01-01T00:00:00Z,91
http://www.wikidata.org/entity/Q10598,David James,Manchester City F.C.,Premier League,2004-01-01T00:00:00Z,2006-01-01T00:00:00Z,93
http://www.wikidata.org/entity/Q10598,David James,Portsmouth F.C.,EFL Championship,2006-01-01T00:00:00Z,2010-01-01T00:00:00Z,134
http://www.wikidata.org/entity/Q10598,David James,Bristol City F.C.,EFL Championship,2010-01-01T00:00:00Z,2012-01-01T00:00:00Z,81
http://www.wikidata.org/entity/Q10598,David James,AFC Bournemouth,Premier League,2012-01-01T00:00:00Z,2013-01-01T00:00:00Z,19
http://www.wikidata.org/entity/Q10598,David James,Íþróttabandalag Vestmannaeyja,Besta deild karla,2013-01-01T00:00:00Z,2013-01-01T00:00:00Z,17
http://www.wikidata.org/entity/Q10598,David James,Kerala Blasters FC,Indian Super League,2014-01-01T00:00:00Z,2014-01-01T00:00:00Z,12
http://www.wikidata.org/entity/Q10602,Ashley Young,Watford F.C.,EFL Championship,2003-01-01T00:00:00Z,2007-01-01T00:00:00Z,98
http://www.wikidata.org/entity/Q10602,Ashley Young,England national under-21 association football team,,2006-01-01T00:00:00Z,2007-01-01T00:00:00Z,10
http://www.wikidata.org/entity/Q10602,Ashley Young,Aston Villa F.C.,Premier League,2007-01-01T00:00:00Z,2011-01-01T00:00:00Z,157
http://www.wikidata.org/entity/Q10602,Ashley Young,England men's national association football team,,2007-01-01T00:00:00Z,2018-01-01T00:00:00Z,39
http://www.wikidata.org/entity/Q10602,Ashley Young,Manchester United F.C.,Premier League,2011-01-01T00:00:00Z,2020-01-01T00:00:00Z,192
http://www.wikidata.org/entity/Q10602,Ashley Young,Inter Milan,Serie A,2020-01-01T00:00:00Z,2021-01-01T00:00:00Z,44
http://www.wikidata.org/entity/Q10602,Ashley Young,Aston Villa F.C.,Premier League,2021-01-01T00:00:00Z,2023-01-01T00:00:00Z,53
http://www.wikidata.org/entity/Q10602,Ashley Young,Everton F.C.,Premier League,2023-01-01T00:00:00Z,2025-01-01T00:00:00Z,63
http://www.wikidata.org/entity/Q10602,Ashley Young,Ipswich Town F.C.,EFL Championship,2025-07-23T00:00:00Z,,
http://www.wikidata.org/entity/Q10758,Marco Cassetti,Football Club Atletico Montichiari,,1996-01-01T00:00:00Z,1998-01-01T00:00:00Z,30
http://www.wikidata.org/entity/Q10758,Marco Cassetti,A.C. Lumezzane,Serie C1,1998-01-01T00:00:00Z,2000-01-01T00:00:00Z,50
http://www.wikidata.org/entity/Q10758,Marco Cassetti,Hellas Verona FC,Serie A,2000-01-01T00:00:00Z,2003-01-01T00:00:00Z,61
http://www.wikidata.org/entity/Q10758,Marco Cassetti,US Lecce,Serie A,2003-01-01T00:00:00Z,2006-01-01T00:00:00Z,98
http://www.wikidata.org/entity/Q10758,Marco Cassetti,Italy men's national association football team,,2005-01-01T00:00:00Z,2008-01-01T00:00:00Z,5
http://www.wikidata.org/entity/Q10758,Marco Cassetti,AS Roma,Serie A,2006-01-01T00:00:00Z,2012-01-01T00:00:00Z,198
http://www.wikidata.org/entity/Q10758,Marco Cassetti,Watford F.C.,EFL Championship,2012-01-01T00:00:00Z,2013-01-01T00:00:00Z,38
http://www.wikidata.org/entity/Q10758,Marco Cassetti,Udinese Calcio,Serie A,2012-01-01T00:00:00Z,2013-01-01T00:00:00Z,0
http://www.wikidata.org/entity/Q10758,Marco Cassetti,Watford F.C.,EFL Championship,2013-01-01T00:00:00Z,2014-01-01T00:00:00Z,38
http://www.wikidata.org/entity/Q10758,Marco Cassetti,Como 1907,Serie A,2015-01-01T00:00:00Z,2016-01-01T00:00:00Z,38
http://www.wikidata.org/entity/Q11571,Cristiano Ronaldo,Portugal national under-17 football team,,2001-01-01T00:00:00Z,2002-01-01T00:00:00Z,7
http://www.wikidata.org/entity/Q11571,Cristiano Ronaldo,Portugal national under-15 football team,,2001-01-01T00:00:00Z,2001-01-01T00:00:00Z,9
http://www.wikidata.org/entity/Q11571,Cristiano Ronaldo,Sporting CP,Liga Portugal,2002-01-01T00:00:00Z,2003-01-01T00:00:00Z,25
http://www.wikidata.org/entity/Q11571,Cristiano Ronaldo,Portugal national under-21 football team,,2002-01-01T00:00:00Z,2003-01-01T00:00:00Z,10
http://www.wikidata.org/entity/Q11571,Cristiano Ronaldo,Manchester United F.C.,Premier League,2003-01-01T00:00:00Z,2009-01-01T00:00:00Z,196
http://www.wikidata.org/entity/Q11571,Cristiano Ronaldo,Portugal men's national football team,,2003-01-01T00:00:00Z,,226
http://www.wikidata.org/entity/Q11571,Cristiano Ronaldo,Portugal national under-20 football team,,2003-01-01T00:00:00Z,2003-01-01T00:00:00Z,5
http://www.wikidata.org/entity/Q11571,Cristiano Ronaldo,Portugal Olympic football team,,2004-01-01T00:00:00Z,2004-01-01T00:00:00Z,3
http://www.wikidata.org/entity/Q11571,Cristiano Ronaldo,Real Madrid Club de Fútbol,La Liga,2009-01-01T00:00:00Z,2018-01-01T00:00:00Z,292
http://www.wikidata.org/entity/Q11571,Cristiano Ronaldo,Juventus FC,Serie A,2018-01-01T00:00:00Z,2021-08-26T00:00:00Z,98
http://www.wikidata.org/entity/Q11571,Cristiano Ronaldo,Manchester United F.C.,Premier League,2021-08-27T00:00:00Z,2022-11-22T00:00:00Z,40
http://www.wikidata.org/entity/Q11571,Cristiano Ronaldo,Al-Nassr,Saudi Pro League,2023-01-01T00:00:00Z,,86
http://www.wikidata.org/entity/Q11576,Raúl,Real Madrid Club de Fútbol,La Liga,1994-01-01T00:00:00Z,2010-01-01T00:00:00Z,550
http://www.wikidata.org/entity/Q11576,Raúl,Real Madrid Castilla,Primera Federación,1994-01-01T00:00:00Z,1994-01-01T00:00:00Z,1
http://www.wikidata.org/entity/Q11576,Raúl,Real Madrid C,Tercera Federación,1994-01-01T00:00:00Z,1994-01-01T00:00:00Z,9
http://www.wikidata.org/entity/Q11576,Raúl,Spain national under-18 football team,,1994-01-01T00:00:00Z,1994-01-01T00:00:00Z,2
http://www.wikidata.org/entity/Q11576,Raúl,Spain national under-21 association football team,,1995-01-01T00:00:00Z,1996-01-01T00:00:00Z,9
http://www.wikidata.org/entity/Q11576,Raúl,Spain national under-20 football team,,1995-01-01T00:00:00Z,1995-01-01T00:00:00Z,5
http://www.wikidata.org/entity/Q11576,Raúl,Spain men's national football team,,1996-01-01T00:00:00Z,2006-01-01T00:00:00Z,102
http://www.wikidata.org/entity/Q11576,Raúl,Spain national under-23 football team,,1996-01-01T00:00:00Z,1996-01-01T00:00:00Z,4
http://www.wikidata.org/entity/Q11576,Raúl,Schalke 04,2. Bundesliga,2010-01-01T00:00:00Z,2012-01-01T00:00:00Z,66
http://www.wikidata.org/entity/Q11576,Raúl,Al Sadd Sports Club,Qatar Stars League,2012-01-01T00:00:00Z,2014-01-01T00:00:00Z,39
http://www.wikidata.org/entity/Q11576,Raúl,New York Cosmos,North American Soccer League,2014-01-01T00:00:00Z,2015-01-01T00:00:00Z,28
http://www.wikidata.org/entity/Q11584,Iker Casillas,Spain national under-16 association football team,,1996-01-01T00:00:00Z,1998-01-01T00:00:00Z,19
http://www.wikidata.org/entity/Q11584,Iker Casillas,Spain national under-15 association football team,,1996-01-01T00:00:00Z,1996-01-01T00:00:00Z,1
http://www.wikidata.org/entity/Q11584,Iker Casillas,Spain national under-17 association football team,,1997-01-01T00:00:00Z,1999-01-01T00:00:00Z,10
http://www.wikidata.org/entity/Q11584,Iker Casillas,Real Madrid C,Tercera Federación,1998-01-01T00:00:00Z,1999-01-01T00:00:00Z,26
http://www.wikidata.org/entity/Q11584,Iker Casillas,Real Madrid Club de Fútbol,La Liga,1999-01-01T00:00:00Z,2015-01-01T00:00:00Z,510
http://www.wikidata.org/entity/Q11584,Iker Casillas,Real Madrid Castilla,Primera Federación,1999-01-01T00:00:00Z,2000-01-01T00:00:00Z,4
http://www.wikidata.org/entity/Q11584,Iker Casillas,Spain national under-21 association football team,,1999-01-01T00:00:00Z,2000-01-01T00:00:00Z,5
http://www.wikidata.org/entity/Q11584,Iker Casillas,Spain national under-20 football team,,1999-01-01T00:00:00Z,1999-01-01T00:00:00Z,2
http://www.wikidata.org/entity/Q11584,Iker Casillas,Spain national under-18 football team,,1999-01-01T00:00:00Z,1999-01-01T00:00:00Z,4
http://www.wikidata.org/entity/Q11584,Iker Casillas,Spain men's national football team,,2000-01-01T00:00:00Z,2016-01-01T00:00:00Z,167
http://www.wikidata.org/entity/Q11584,Iker Casillas,FC Porto,Liga Portugal,2015-01-01T00:00:00Z,2020-02-01T00:00:00Z,116
http://www.wikidata.org/entity/Q11948,Michael Ballack,Chemnitzer FC,Regionalliga Nordost,1995-01-01T00:00:00Z,1997-01-01T00:00:00Z,18
http://www.wikidata.org/entity/Q11948,Michael Ballack,Germany national under-21 football team,,1996-01-01T00:00:00Z,1998-01-01T00:00:00Z,19
http://www.wikidata.org/entity/Q11948,Michael Ballack,1. FC Kaiserslautern,2. Bundesliga,1997-01-01T00:00:00Z,1999-01-01T00:00:00Z,46
http://www.wikidata.org/entity/Q11948,Michael Ballack,1. FC Kaiserslautern II,Fußball-Regionalliga Südwest,1997-01-01T00:00:00Z,1998-01-01T00:00:00Z,17
http://www.wikidata.org/entity/Q11948,Michael Ballack,Germany men's national association football team,,1999-01-01T00:00:00Z,2010-01-01T00:00:00Z,98
http://www.wikidata.org/entity/Q11948,Michael Ballack,Bayer 04 Leverkusen,Bundesliga,1999-01-01T00:00:00Z,2002-01-01T00:00:00Z,79
http://www.wikidata.org/entity/Q11948,Michael Ballack,FC Bayern Munich,Bundesliga,2002-01-01T00:00:00Z,2006-01-01T00:00:00Z,107
http://www.wikidata.org/entity/Q11948,Michael Ballack,Chelsea F.C.,Premier League,2006-01-01T00:00:00Z,2010-01-01T00:00:00Z,105
http://www.wikidata.org/entity/Q11948,Michael Ballack,Bayer 04 Leverkusen,Bundesliga,2010-01-01T00:00:00Z,2012-01-01T00:00:00Z,35
http://www.wikidata.org/entity/Q12984,Stephan El Shaarawy,Genoa CFC,Serie A,2008-01-01T00:00:00Z,2011-01-01T00:00:00Z,3
http://www.wikidata.org/entity/Q12984,Stephan El Shaarawy,Italy national under-17 football team,,2008-01-01T00:00:00Z,2009-01-01T00:00:00Z,15
http://www.wikidata.org/entity/Q12984,Stephan El Shaarawy,Italy national under-16 football team,,2008-01-01T00:00:00Z,2008-01-01T00:00:00Z,8
http://www.wikidata.org/entity/Q12984,Stephan El Shaarawy,Calcio Padova,Serie B,2010-01-01T00:00:00Z,2011-01-01T00:00:00Z,29
http://www.wikidata.org/entity/Q12984,Stephan El Shaarawy,Italy national under-19 football team,,2010-01-01T00:00:00Z,2010-01-01T00:00:00Z,5
http://www.wikidata.org/entity/Q12984,Stephan El Shaarawy,Italy national under-18 football team,,2010-01-01T00:00:00Z,2010-01-01T00:00:00Z,3
http://www.wikidata.org/entity/Q12984,Stephan El Shaarawy,AC Milan,Serie A,2011-01-01T00:00:00Z,2016-01-01T00:00:00Z,83
http://www.wikidata.org/entity/Q12984,Stephan El Shaarawy,Italy national under-21 football team,,2011-01-01T00:00:00Z,2012-01-01T00:00:00Z,5
http://www.wikidata.org/entity/Q12984,Stephan El Shaarawy,Italy men's national association football team,,2012-01-01T00:00:00Z,,32
http://www.wikidata.org/entity/Q12984,Stephan El Shaarawy,AS Monaco FC,Ligue 1,2015-01-01T00:00:00Z,2016-01-01T00:00:00Z,15
http://www.wikidata.org/entity/Q12984,Stephan El Shaarawy,AS Roma,Serie A,2016-01-01T00:00:00Z,2016-06-01T00:00:00Z,16
http://www.wikidata.org/entity/Q12984,Stephan El Shaarawy,AS Roma,Serie A,2016-07-01T00:00:00Z,2019-07-01T00:00:00Z,93
http://www.wikidata.org/entity/Q12984,Stephan El Shaarawy,Shanghai Shenhua F.C.,Chinese Super League,2019-07-01T00:00:00Z,2020-12-01T00:00:00Z,16
http://www.wikidata.org/entity/Q12984,Stephan El Shaarawy,AS Roma,Serie A,2021-01-01T00:00:00Z,,135
http://www.wikidata.org/entity/Q13054,Steed Malbranque,Olympique Lyonnais,Ligue 1,1998-01-01T00:00:00Z,2001-01-01T00:00:00Z,
http://www.wikidata.org/entity/Q13054,Steed Malbranque,France national under-21 association football team,,2000-01-01T00:00:00Z,2002-01-01T00:00:00Z,21
http://www.wikidata.org/entity/Q13054,Steed Malbranque,Fulham F.C.,Premier League,2001-01-01T00:00:00Z,2006-01-01T00:00:00Z,172
http://www.wikidata.org/entity/Q13054,Steed Malbranque,Tottenham Hotspur F.C.,Premier League,2006-01-01T00:00:00Z,2008-01-01T00:00:00Z,62
http://www.wikidata.org/entity/Q13054,Steed Malbranque,Sunderland A.F.C.,Premier League,2008-01-01T00:00:00Z,2011-01-01T00:00:00Z,102
http://www.wikidata.org/entity/Q13054,Steed Malbranque,AS Saint-Étienne,Ligue 2,2011-01-01T00:00:00Z,2011-01-01T00:00:00Z,1
http://www.wikidata.org/entity/Q13054,Steed Malbranque,Olympique Lyonnais,Ligue 1,2012-01-01T00:00:00Z,,
http://www.wikidata.org/entity/Q17158,Carles Puyol,Spain national under-18 football team,,1995-01-01T00:00:00Z,1995-01-01T00:00:00Z,3
http://www.wikidata.org/entity/Q17158,Carles Puyol,FC Barcelona C,Tercera División,1996-01-01T00:00:00Z,1997-01-01T00:00:00Z,1
http://www.wikidata.org/entity/Q17158,Carles Puyol,FC Barcelona Atlètic,Primera Federación,1997-01-01T00:00:00Z,2000-01-01T00:00:00Z,89
http://www.wikidata.org/entity/Q17158,Carles Puyol,Futbol Club Barcelona,La Liga,1999-01-01T00:00:00Z,2014-01-01T00:00:00Z,392
http://www.wikidata.org/entity/Q17158,Carles Puyol,Spain men's national football team,,2000-01-01T00:00:00Z,2013-01-01T00:00:00Z,100
http://www.wikidata.org/entity/Q17158,Carles Puyol,Spain national under-21 association football team,,2000-01-01T00:00:00Z,2000-01-01T00:00:00Z,4
http://www.wikidata.org/entity/Q17158,Carles Puyol,Spain national under-23 football team,,2000-01-01T00:00:00Z,2000-01-01T00:00:00Z,5
http://www.wikidata.org/entity/Q17158,Carles Puyol,Catalonia national football team,,2001-01-01T00:00:00Z,2013-01-01T00:00:00Z,6
http://www.wikidata.org/entity/Q17499,Cesc Fàbregas,Arenys de Mar,,,,
http://www.wikidata.org/entity/Q17499,Cesc Fàbregas,CE Mataró,Divisiones Regionales de Fútbol in Catalonia,1995-01-01T00:00:00Z,1997-01-01T00:00:00Z,
http://www.wikidata.org/entity/Q17499,Cesc Fàbregas,Futbol Club Barcelona,La Liga,1997-01-01T00:00:00Z,2003-01-01T00:00:00Z,
http://www.wikidata.org/entity/Q17499,Cesc Fàbregas,Spain national under-16 association football team,,2002-01-01T00:00:00Z,2003-01-01T00:00:00Z,8
http://www.wikidata.org/entity/Q17499,Cesc Fàbregas,Arsenal F.C.,Premier League,2003-01-01T00:00:00Z,2011-01-01T00:00:00Z,212
http://www.wikidata.org/entity/Q17499,Cesc Fàbregas,Spain national under-17 association football team,,2003-01-01T00:00:00Z,2004-01-01T00:00:00Z,14
http://www.wikidata.org/entity/Q17499,Cesc Fàbregas,Arsenal F.C. Under-21s and Academy,Professional Development League,2003-01-01T00:00:00Z,2003-01-01T00:00:00Z,
http://www.wikidata.org/entity/Q17499,Cesc Fàbregas,Catalonia national football team,,2004-01-01T00:00:00Z,,3
http://www.wikidata.org/entity/Q17499,Cesc Fàbregas,Spain national under-21 association football team,,2004-01-01T00:00:00Z,2005-01-01T00:00:00Z,12
http://www.wikidata.org/entity/Q17499,Cesc Fàbregas,Spain national under-20 football team,,2005-01-01T00:00:00Z,2005-01-01T00:00:00Z,5
http://www.wikidata.org/entity/Q17499,Cesc Fàbregas,Spain men's national football team,,2006-01-01T00:00:00Z,2016-01-01T00:00:00Z,110
http://www.wikidata.org/entity/Q17499,Cesc Fàbregas,Futbol Club Barcelona,La Liga,2011-01-01T00:00:00Z,2014-01-01T00:00:00Z,96
http://www.wikidata.org/entity/Q17499,Cesc Fàbregas,Chelsea F.C.,Premier League,2014-01-01T00:00:00Z,2019-01-11T00:00:00Z,138
http://www.wikidata.org/entity/Q17499,Cesc Fàbregas,AS Monaco FC,Ligue 1,2019-01-11T00:00:00Z,2022-06-30T00:00:00Z,54
http://www.wikidata.org/entity/Q17499,Cesc Fàbregas,Como 1907,Serie A,2022-08-01T00:00:00Z,2023-07-01T00:00:00Z,17
http://www.wikidata.org/entity/Q17500,Xavi Hernández,FC Barcelona Atlètic,Primera Federación,1997-01-01T00:00:00Z,2000-01-01T00:00:00Z,61
http://www.wikidata.org/entity/Q17500,Xavi Hernández,Spain national under-17 association football team,,1997-01-01T00:00:00Z,1997-01-01T00:00:00Z,10
http://www.wikidata.org/entity/Q17500,Xavi Hernández,Spain national under-18 football team,,1997-01-01T00:00:00Z,1998-01-01T00:00:00Z,10
http://www.wikidata.org/entity/Q17500,Xavi Hernández,Futbol Club Barcelona,La Liga,1998-01-01T00:00:00Z,2015-01-01T00:00:00Z,505
http://www.wikidata.org/entity/Q17500,Xavi Hernández,Catalonia national football team,,1998-01-01T00:00:00Z,2014-01-01T00:00:00Z,12
http://www.wikidata.org/entity/Q17500,Xavi Hernández,Spain national under-21 association football team,,1998-01-01T00:00:00Z,2001-01-01T00:00:00Z,25
http://www.wikidata.org/entity/Q17500,Xavi Hernández,Spain national under-20 football team,,1999-01-01T00:00:00Z,1999-01-01T00:00:00Z,6
http://www.wikidata.org/entity/Q17500,Xavi Hernández,Spain men's national football team,,2000-01-01T00:00:00Z,2014-01-01T00:00:00Z,133
http://www.wikidata.org/entity/Q17500,Xavi Hernández,Spain national under-23 football team,,2000-01-01T00:00:00Z,2000-01-01T00:00:00Z,6
http://www.wikidata.org/entity/Q17500,Xavi Hernández,Al Sadd Sports Club,Qatar Stars League,2015-01-01T00:00:00Z,2019-05-01T00:00:00Z,82
http://www.wikidata.org/entity/Q17507,Gerard Piqué,Futbol Club Barcelona,La Liga,1997-01-01T00:00:00Z,2004-01-01T00:00:00Z,
http://www.wikidata.org/entity/Q17507,Gerard Piqué,Spain national under-16 association football team,,2002-01-01T00:00:00Z,2003-01-01T00:00:00Z,7
http://www.wikidata.org/entity/Q17507,Gerard Piqué,Catalonia national football team,,2004-01-01T00:00:00Z,2019-01-01T00:00:00Z,10
http://www.wikidata.org/entity/Q17507,Gerard Piqué,Manchester United F.C.,Premier League,2004-01-01T00:00:00Z,2008-01-01T00:00:00Z,12
http://www.wikidata.org/entity/Q17507,Gerard Piqué,Manchester United F.C.,Premier League,2004-01-01T00:00:00Z,2006-01-01T00:00:00Z,
http://www.wikidata.org/entity/Q17507,Gerard Piqué,Spain national under-17 association football team,,2004-01-01T00:00:00Z,2004-01-01T00:00:00Z,8
http://www.wikidata.org/entity/Q17507,Gerard Piqué,Real Zaragoza,LaLiga 2,2006-01-01T00:00:00Z,2007-01-01T00:00:00Z,22
http://www.wikidata.org/entity/Q17507,Gerard Piqué,Spain national under-21 association football team,,2006-01-01T00:00:00Z,2008-01-01T00:00:00Z,12
http://www.wikidata.org/entity/Q17507,Gerard Piqué,Spain national under-19 football team,,2006-01-01T00:00:00Z,2006-01-01T00:00:00Z,8
http://www.wikidata.org/entity/Q17507,Gerard Piqué,Spain national under-20 football team,,2007-01-01T00:00:00Z,2007-01-01T00:00:00Z,5
http://www.wikidata.org/entity/Q17507,Gerard Piqué,Futbol Club Barcelona,La Liga,2008-05-27T00:00:00Z,2022-11-05T00:00:00Z,397
http://www.wikidata.org/entity/Q17507,Gerard Piqué,Spain men's national football team,,2009-01-01T00:00:00Z,2018-01-01T00:00:00Z,102
http://www.wikidata.org/entity/Q1835,Zinedine Zidane,France national under-17 association football team,,1988-01-01T00:00:00Z,1989-01-01T00:00:00Z,4
http://www.wikidata.org/entity/Q1835,Zinedine Zidane,AS Cannes,Championnat National 2,1989-01-01T00:00:00Z,1992-01-01T00:00:00Z,61
http://www.wikidata.org/entity/Q1835,Zinedine Zidane,France national under-18 association football team,,1989-01-01T00:00:00Z,1990-01-01T00:00:00Z,6
http://www.wikidata.org/entity/Q1835,Zinedine Zidane,France national under-21 association football team,,1990-01-01T00:00:00Z,1994-01-01T00:00:00Z,20
http://www.wikidata.org/entity/Q1835,Zinedine Zidane,FC Girondins de Bordeaux,Championnat National 2,1992-01-01T00:00:00Z,1996-01-01T00:00:00Z,139
http://www.wikidata.org/entity/Q1835,Zinedine Zidane,France men's national association football team,,1994-01-01T00:00:00Z,2006-01-01T00:00:00Z,108
http://www.wikidata.org/entity/Q1835,Zinedine Zidane,France B national football team,,1995-01-01T00:00:00Z,1995-01-01T00:00:00Z,
http://www.wikidata.org/entity/Q1835,Zinedine Zidane,Juventus FC,Serie A,1996-01-01T00:00:00Z,2001-01-01T00:00:00Z,151
http://www.wikidata.org/entity/Q1835,Zinedine Zidane,Real Madrid Club de Fútbol,La Liga,2001-01-01T00:00:00Z,2006-01-01T00:00:00Z,155
http://www.wikidata.org/entity/Q18753,Roberto Trashorras,Spain national under-16 association football team,,1997-01-01T00:00:00Z,1997-01-01T00:00:00Z,2
http://www.wikidata.org/entity/Q18753,Roberto Trashorras,Spain national under-17 association football team,,1998-01-01T00:00:00Z,1999-01-01T00:00:00Z,9
http://www.wikidata.org/entity/Q18753,Roberto Trashorras,FC Barcelona Atlètic,Primera Federación,1999-01-01T00:00:00Z,2003-01-01T00:00:00Z,119
http://www.wikidata.org/entity/Q18753,Roberto Trashorras,FC Barcelona C,Tercera División,1999-01-01T00:00:00Z,1999-01-01T00:00:00Z,9
http://www.wikidata.org/entity/Q18753,Roberto Trashorras,Spain national under-18 football team,,1999-01-01T00:00:00Z,2000-01-01T00:00:00Z,8
http://www.wikidata.org/entity/Q18753,Roberto Trashorras,Futbol Club Barcelona,La Liga,2001-01-01T00:00:00Z,2001-01-01T00:00:00Z,1
http://www.wikidata.org/entity/Q18753,Roberto Trashorras,Spain national under-20 football team,,2001-01-01T00:00:00Z,2001-01-01T00:00:00Z,1
http://www.wikidata.org/entity/Q18753,Roberto Trashorras,Spain national under-19 football team,,2001-01-01T00:00:00Z,2001-01-01T00:00:00Z,4
http://www.wikidata.org/entity/Q18753,Roberto Trashorras,Real Madrid Castilla,Primera Federación,2003-01-01T00:00:00Z,2005-01-01T00:00:00Z,75
http://www.wikidata.org/entity/Q18753,Roberto Trashorras,Club Deportivo Numancia de Soria,Primera Federación,2005-01-01T00:00:00Z,2006-01-01T00:00:00Z,12
http://www.wikidata.org/entity/Q18753,Roberto Trashorras,Galicia national football team,,2005-01-01T00:00:00Z,2008-01-01T00:00:00Z,4
http://www.wikidata.org/entity/Q18753,Roberto Trashorras,UD Las Palmas,LaLiga 2,2006-01-01T00:00:00Z,2008-01-01T00:00:00Z,62
http://www.wikidata.org/entity/Q18753,Roberto Trashorras,RC Celta de Vigo,La Liga,2008-01-01T00:00:00Z,2011-01-01T00:00:00Z,109
http://www.wikidata.org/entity/Q18753,Roberto Trashorras,Rayo Vallecano,La Liga,2011-01-01T00:00:00Z,2018-01-01T00:00:00Z,211
http://www.wikidata.org/entity/Q1907,Hugo Lloris,France national under-18 association football team,,2004-01-01T00:00:00Z,2004-01-01T00:00:00Z,3
http://www.wikidata.org/entity/Q1907,Hugo Lloris,France national under-19 association football team,,2004-01-01T00:00:00Z,2005-01-01T00:00:00Z,14
http://www.wikidata.org/entity/Q1907,Hugo Lloris,OGC Nice,Ligue 1,2005-01-01T00:00:00Z,2008-01-01T00:00:00Z,72
http://www.wikidata.org/entity/Q1907,Hugo Lloris,France national under-21 association football team,,2006-01-01T00:00:00Z,2008-01-01T00:00:00Z,5
http://www.wikidata.org/entity/Q1907,Hugo Lloris,France national under-20 association football team,,2006-01-01T00:00:00Z,2006-01-01T00:00:00Z,4
http://www.wikidata.org/entity/Q1907,Hugo Lloris,Olympique Lyonnais,Ligue 1,2008-01-01T00:00:00Z,2012-01-01T00:00:00Z,146
http://www.wikidata.org/entity/Q1907,Hugo Lloris,France men's national association football team,,2008-01-01T00:00:00Z,2022-01-01T00:00:00Z,145
http://www.wikidata.org/entity/Q1907,Hugo Lloris,Tottenham Hotspur F.C.,Premier League,2012-01-01T00:00:00Z,2023-01-01T00:00:00Z,361
http://www.wikidata.org/entity/Q1907,Hugo Lloris,Los Angeles FC,Major League Soccer,2024-01-01T00:00:00Z,,65
http://www.wikidata.org/entity/Q1911,Olivier Giroud,Grenoble Foot 38,Ligue 2,2005-01-01T00:00:00Z,2008-01-01T00:00:00Z,23
http://www.wikidata.org/entity/Q1911,Olivier Giroud,FC Istres,Championnat National 2,2007-01-01T00:00:00Z,2008-01-01T00:00:00Z,33
http://www.wikidata.org/entity/Q1911,Olivier Giroud,Tours FC.,Championnat National,2008-01-01T00:00:00Z,2010-01-01T00:00:00Z,44
http://www.wikidata.org/entity/Q1911,Olivier Giroud,Montpellier Hérault Sport Club,Ligue 2,2010-01-01T00:00:00Z,2012-01-01T00:00:00Z,73
http://www.wikidata.org/entity/Q1911,Olivier Giroud,Tours FC.,Championnat National,2010-01-01T00:00:00Z,2010-01-01T00:00:00Z,17
http://www.wikidata.org/entity/Q1911,Olivier Giroud,France men's national association football team,,2011-01-01T00:00:00Z,2024-01-01T00:00:00Z,137
http://www.wikidata.org/entity/Q1911,Olivier Giroud,Arsenal F.C.,Premier League,2012-01-01T00:00:00Z,2018-01-31T00:00:00Z,180
http://www.wikidata.org/entity/Q1911,Olivier Giroud,Chelsea F.C.,Premier League,2018-01-31T00:00:00Z,2021-07-01T00:00:00Z,75
http://www.wikidata.org/entity/Q1911,Olivier Giroud,AC Milan,Serie A,2021-01-01T00:00:00Z,2024-01-01T00:00:00Z,97
http://www.wikidata.org/entity/Q1911,Olivier Giroud,Los Angeles FC,Major League Soccer,2024-01-01T00:00:00Z,2025-01-01T00:00:00Z,21
http://www.wikidata.org/entity/Q1911,Olivier Giroud,Lille OSC,Ligue 1,2025-07-01T00:00:00Z,,10
http://www.wikidata.org/entity/Q1912,Karim Benzema,Olympique Lyonnais,Ligue 1,2004-01-01T00:00:00Z,2009-01-01T00:00:00Z,112
http://www.wikidata.org/entity/Q1912,Karim Benzema,France national under-17 association football team,,2004-01-01T00:00:00Z,2004-01-01T00:00:00Z,4
http://www.wikidata.org/entity/Q1912,Karim Benzema,France national under-18 association football team,,2004-01-01T00:00:00Z,2005-01-01T00:00:00Z,17
http://www.wikidata.org/entity/Q1912,Karim Benzema,Olympique Lyonnais,Championnat National 2,2004-01-01T00:00:00Z,2006-01-01T00:00:00Z,20
http://www.wikidata.org/entity/Q1912,Karim Benzema,France national under-19 association football team,,2005-01-01T00:00:00Z,2006-01-01T00:00:00Z,9
http://www.wikidata.org/entity/Q1912,Karim Benzema,France national under-21 association football team,,2006-01-01T00:00:00Z,2006-01-01T00:00:00Z,5
http://www.wikidata.org/entity/Q1912,Karim Benzema,France men's national association football team,,2007-01-01T00:00:00Z,2022-01-01T00:00:00Z,97
http://www.wikidata.org/entity/Q1912,Karim Benzema,Real Madrid Club de Fútbol,La Liga,2009-01-01T00:00:00Z,2023-01-01T00:00:00Z,439
http://www.wikidata.org/entity/Q1912,Karim Benzema,Al Ittihad FC,Saudi Pro League,2023-01-01T00:00:00Z,2026-02-01T00:00:00Z,64
http://www.wikidata.org/entity/Q1912,Karim Benzema,Al Hilal SFC,Saudi Pro League,2026-02-01T00:00:00Z,,1
http://www.wikidata.org/entity/Q1916,Patrice Evra,Marsala Football Club,Serie D,1998-01-01T00:00:00Z,1999-01-01T00:00:00Z,24
http://www.wikidata.org/entity/Q1916,Patrice Evra,AC Monza,Serie B,1999-01-01T00:00:00Z,2000-01-01T00:00:00Z,3
http://www.wikidata.org/entity/Q1916,Patrice Evra,OGC Nice,Ligue 1,2000-01-01T00:00:00Z,2002-01-01T00:00:00Z,40
http://www.wikidata.org/entity/Q1916,Patrice Evra,AS Monaco FC,Ligue 1,2002-01-01T00:00:00Z,2006-01-01T00:00:00Z,120
http://www.wikidata.org/entity/Q1916,Patrice Evra,France national under-21 association football team,,2002-01-01T00:00:00Z,2003-01-01T00:00:00Z,11
http://www.wikidata.org/entity/Q1916,Patrice Evra,France men's national association football team,,2004-01-01T00:00:00Z,2016-01-01T00:00:00Z,81
http://www.wikidata.org/entity/Q1916,Patrice Evra,Manchester United F.C.,Premier League,2006-01-01T00:00:00Z,2014-01-01T00:00:00Z,273
http://www.wikidata.org/entity/Q1916,Patrice Evra,Juventus FC,Serie A,2014-01-01T00:00:00Z,2017-01-01T00:00:00Z,53
http://www.wikidata.org/entity/Q1916,Patrice Evra,Olympique de Marseille,Ligue 1,2017-01-01T00:00:00Z,2017-11-01T00:00:00Z,15
http://www.wikidata.org/entity/Q1916,Patrice Evra,West Ham United F.C.,Premier League,2018-02-01T00:00:00Z,2018-06-01T00:00:00Z,5
http://www.wikidata.org/entity/Q1918,Franck Ribéry,US Boulogne,Ligue 2,2000-01-01T00:00:00Z,2002-01-01T00:00:00Z,28
http://www.wikidata.org/entity/Q1918,Franck Ribéry,Olympique Alès,Championnat National 3,2002-01-01T00:00:00Z,2003-01-01T00:00:00Z,19
http://www.wikidata.org/entity/Q1918,Franck Ribéry,Stade Brestois 29,Ligue 1,2003-01-01T00:00:00Z,2004-01-01T00:00:00Z,35
http://www.wikidata.org/entity/Q1918,Franck Ribéry,FC Metz,Ligue 1,2004-01-01T00:00:00Z,2005-01-01T00:00:00Z,20
http://www.wikidata.org/entity/Q1918,Franck Ribéry,France national under-21 association football team,,2004-01-01T00:00:00Z,2006-01-01T00:00:00Z,13
http://www.wikidata.org/entity/Q1918,Franck Ribéry,Olympique de Marseille,Ligue 1,2005-01-01T00:00:00Z,2007-01-01T00:00:00Z,60
http://www.wikidata.org/entity/Q1918,Franck Ribéry,Galatasaray S.K.,Süper Lig,2005-01-01T00:00:00Z,2005-01-01T00:00:00Z,14
http://www.wikidata.org/entity/Q1918,Franck Ribéry,France men's national association football team,,2006-01-01T00:00:00Z,2014-01-01T00:00:00Z,81
http://www.wikidata.org/entity/Q1918,Franck Ribéry,FC Bayern Munich,Bundesliga,2007-01-01T00:00:00Z,2019-01-01T00:00:00Z,273
http://www.wikidata.org/entity/Q1918,Franck Ribéry,ACF Fiorentina,Serie A,2019-08-01T00:00:00Z,2021-06-01T00:00:00Z,50
http://www.wikidata.org/entity/Q1918,Franck Ribéry,U.S. Salernitana 1919,Serie C,2021-09-01T00:00:00Z,2022-10-01T00:00:00Z,24
http://www.wikidata.org/entity/Q1929,Gaël Clichy,France national under-17 association football team,,2001-01-01T00:00:00Z,2002-01-01T00:00:00Z,
http://www.wikidata.org/entity/Q1929,Gaël Clichy,AS Cannes,Championnat National 2,2002-01-01T00:00:00Z,2003-01-01T00:00:00Z,15
http://www.wikidata.org/entity/Q1929,Gaël Clichy,France national under-18 association football team,,2002-01-01T00:00:00Z,2003-01-01T00:00:00Z,
http://www.wikidata.org/entity/Q1929,Gaël Clichy,France national under-19 association football team,,2003-01-01T00:00:00Z,2004-01-01T00:00:00Z,
http://www.wikidata.org/entity/Q1929,Gaël Clichy,Arsenal F.C.,Premier League,2003-08-04T00:00:00Z,2011-07-04T00:00:00Z,187
http://www.wikidata.org/entity/Q1929,Gaël Clichy,France national under-21 association football team,,2004-01-01T00:00:00Z,2005-01-01T00:00:00Z,13
http://www.wikidata.org/entity/Q1929,Gaël Clichy,France men's national association football team,,2008-01-01T00:00:00Z,2013-01-01T00:00:00Z,20
http://www.wikidata.org/entity/Q1929,Gaël Clichy,France B national football team,,2008-01-01T00:00:00Z,2008-01-01T00:00:00Z,
http://www.wikidata.org/entity/Q1929,Gaël Clichy,Manchester City F.C.,Premier League,2011-07-04T00:00:00Z,2017-07-06T00:00:00Z,138
http://www.wikidata.org/entity/Q1929,Gaël Clichy,İstanbul Başakşehir F.K.,Süper Lig,2017-07-06T00:00:00Z,2020-01-01T00:00:00Z,87
http://www.wikidata.org/entity/Q1929,Gaël Clichy,Servette FC,Swiss Super League,2020-01-01T00:00:00Z,2023-01-01T00:00:00Z,79
http://www.wikidata.org/entity/Q1937,William Gallas,Stade Malherbe Caen,Ligue 2,1995-01-01T00:00:00Z,1997-01-01T00:00:00Z,34
http://www.wikidata.org/entity/Q1937,William Gallas,France national under-18 association football team,,1995-01-01T00:00:00Z,1996-01-01T00:00:00Z,
http://www.wikidata.org/entity/Q1937,William Gallas,France national under-20 association football team,,1996-01-01T00:00:00Z,1998-01-01T00:00:00Z,
http://www.wikidata.org/entity/Q1937,William Gallas,Olympique de Marseille,Ligue 1,1997-01-01T00:00:00Z,2001-01-01T00:00:00Z,84
http://www.wikidata.org/entity/Q1937,William Gallas,France national under-21 association football team,,1997-01-01T00:00:00Z,1998-01-01T00:00:00Z,11
http://www.wikidata.org/entity/Q1937,William Gallas,France national under-21 association football team,,1998-01-01T00:00:00Z,1999-01-01T00:00:00Z,
http://www.wikidata.org/entity/Q1937,William Gallas,Chelsea F.C.,Premier League,2001-01-01T00:00:00Z,2006-01-01T00:00:00Z,159
http://www.wikidata.org/entity/Q1937,William Gallas,France men's national association football team,,2002-01-01T00:00:00Z,2010-01-01T00:00:00Z,84
http://www.wikidata.org/entity/Q1937,William Gallas,France national under-21 association football team,,2002-01-01T00:00:00Z,2002-01-01T00:00:00Z,11
http://www.wikidata.org/entity/Q1937,William Gallas,Arsenal F.C.,Premier League,2006-01-01T00:00:00Z,2010-01-01T00:00:00Z,101
http://www.wikidata.org/entity/Q1937,William Gallas,Tottenham Hotspur F.C.,Premier League,2010-01-01T00:00:00Z,2013-01-01T00:00:00Z,61
http://www.wikidata.org/entity/Q1937,William Gallas,Perth Glory FC,A-League Men,2013-01-01T00:00:00Z,2014-01-01T00:00:00Z,15
http://www.wikidata.org/entity/Q1939,Nicolas Anelka,France national under-16 association football team,,1994-01-01T00:00:00Z,1995-01-01T00:00:00Z,
http://www.wikidata.org/entity/Q1939,Nicolas Anelka,France national under-18 association football team,,1995-01-01T00:00:00Z,1997-01-01T00:00:00Z,21
http://www.wikidata.org/entity/Q1939,Nicolas Anelka,Paris Saint-Germain FC,Ligue 1,1996-01-01T00:00:00Z,1997-02-22T00:00:00Z,10
http://www.wikidata.org/entity/Q1939,Nicolas Anelka,France national under-20 association football team,,1997-01-01T00:00:00Z,1998-01-01T00:00:00Z,10
http://www.wikidata.org/entity/Q1939,Nicolas Anelka,France national under-20 association football team,,1997-01-01T00:00:00Z,1997-01-01T00:00:00Z,3
http://www.wikidata.org/entity/Q1939,Nicolas Anelka,Arsenal F.C.,Premier League,1997-02-22T00:00:00Z,1999-08-02T00:00:00Z,90
http://www.wikidata.org/entity/Q1939,Nicolas Anelka,France men's national association football team,,1998-01-01T00:00:00Z,2010-01-01T00:00:00Z,69
http://www.wikidata.org/entity/Q1939,Nicolas Anelka,Real Madrid Club de Fútbol,La Liga,1999-08-02T00:00:00Z,2000-01-01T00:00:00Z,19
http://www.wikidata.org/entity/Q1939,Nicolas Anelka,Paris Saint-Germain FC,Ligue 1,2000-01-01T00:00:00Z,2002-01-01T00:00:00Z,39
http://www.wikidata.org/entity/Q1939,Nicolas Anelka,Liverpool F.C.,Premier League,2002-01-01T00:00:00Z,2002-05-01T00:00:00Z,20
http://www.wikidata.org/entity/Q1939,Nicolas Anelka,Manchester City F.C.,Premier League,2002-05-24T00:00:00Z,2005-01-01T00:00:00Z,89
http://www.wikidata.org/entity/Q1939,Nicolas Anelka,Fenerbahçe Istanbul,Süper Lig,2005-01-01T00:00:00Z,2006-08-25T00:00:00Z,39
http://www.wikidata.org/entity/Q1939,Nicolas Anelka,Bolton Wanderers F.C.,EFL League One,2006-08-25T00:00:00Z,2008-01-11T00:00:00Z,53
http://www.wikidata.org/entity/Q1939,Nicolas Anelka,Chelsea F.C.,Premier League,2008-01-11T00:00:00Z,2012-01-01T00:00:00Z,125
http://www.wikidata.org/entity/Q1939,Nicolas Anelka,Shanghai Shenhua F.C.,Chinese Super League,2012-01-01T00:00:00Z,2013-01-26T00:00:00Z,22
http://www.wikidata.org/entity/Q1939,Nicolas Anelka,Juventus FC,Serie A,2013-01-26T00:00:00Z,2013-07-04T00:00:00Z,2
http://www.wikidata.org/entity/Q1939,Nicolas Anelka,West Bromwich Albion F.C.,EFL Championship,2013-07-04T00:00:00Z,2014-09-15T00:00:00Z,12
http://www.wikidata.org/entity/Q1939,Nicolas Anelka,Mumbai City FC,Indian Super League,2014-09-15T00:00:00Z,2015-01-01T00:00:00Z,13
http://www.wikidata.org/entity/Q19392,Éver Banega,Boca Juniors,Argentine Primera División,2007-01-01T00:00:00Z,2007-01-01T00:00:00Z,28
http://www.wikidata.org/entity/Q19392,Éver Banega,Boca Juniors,Liga Nacional de Básquet,2007-01-01T00:00:00Z,2007-01-01T00:00:00Z,28
http://www.wikidata.org/entity/Q19392,Éver Banega,Boca Juniors,Liga de Voleibol Argentina – Serie A1,2007-01-01T00:00:00Z,2007-01-01T00:00:00Z,28
http://www.wikidata.org/entity/Q19392,Éver Banega,Argentina national under-20 football team,,2007-01-01T00:00:00Z,2007-01-01T00:00:00Z,14
http://www.wikidata.org/entity/Q19392,Éver Banega,Atlético Madrid,La Liga,2008-01-01T00:00:00Z,2009-01-01T00:00:00Z,24
http://www.wikidata.org/entity/Q19392,Éver Banega,Valencia CF,La Liga,2008-01-01T00:00:00Z,2014-01-01T00:00:00Z,136
http://www.wikidata.org/entity/Q19392,Éver Banega,Argentina men's national association football team,,2008-01-01T00:00:00Z,2018-01-01T00:00:00Z,65
http://www.wikidata.org/entity/Q19392,Éver Banega,Argentina national under-23 football team,,2008-01-01T00:00:00Z,2008-01-01T00:00:00Z,6
http://www.wikidata.org/entity/Q19392,Éver Banega,Sevilla FC,La Liga,2014-01-01T00:00:00Z,2016-01-01T00:00:00Z,59
http://www.wikidata.org/entity/Q19392,Éver Banega,Newell's Old Boys,Argentine Primera División,2014-01-01T00:00:00Z,2014-01-01T00:00:00Z,14
http://www.wikidata.org/entity/Q19392,Éver Banega,Inter Milan,Serie A,2016-01-01T00:00:00Z,2017-01-01T00:00:00Z,28
http://www.wikidata.org/entity/Q19392,Éver Banega,Sevilla FC,La Liga,2017-01-01T00:00:00Z,2020-08-01T00:00:00Z,96
http://www.wikidata.org/entity/Q19392,Éver Banega,Al-Shabab Football Club,Saudi Pro League,2020-08-01T00:00:00Z,2024-01-01T00:00:00Z,94
http://www.wikidata.org/entity/Q19392,Éver Banega,Newell's Old Boys,Argentine Primera División,2024-01-01T00:00:00Z,2025-01-01T00:00:00Z,59
http://www.wikidata.org/entity/Q19392,Éver Banega,Defensa y Justicia,Argentine Primera División,2026-01-14T00:00:00Z,,
http://www.wikidata.org/entity/Q20110,Francesco Totti,Trastevere Calcio,Serie D,1985-10-24T00:00:00Z,1986-01-01T00:00:00Z,
http://www.wikidata.org/entity/Q20110,Francesco Totti,Italy national under-17 football team,,1991-01-01T00:00:00Z,1992-01-01T00:00:00Z,13
http://www.wikidata.org/entity/Q20110,Francesco Totti,Italy national under-16 football team,,1992-01-01T00:00:00Z,1992-01-01T00:00:00Z,6
http://www.wikidata.org/entity/Q20110,Francesco Totti,Italy national under-15 football team,,1992-01-01T00:00:00Z,1992-01-01T00:00:00Z,6
http://www.wikidata.org/entity/Q20110,Francesco Totti,AS Roma,Serie A,1993-01-01T00:00:00Z,2017-01-01T00:00:00Z,619
http://www.wikidata.org/entity/Q20110,Francesco Totti,Italy national under-19 football team,,1993-01-01T00:00:00Z,1995-01-01T00:00:00Z,14
http://www.wikidata.org/entity/Q20110,Francesco Totti,Italy national under-18 football team,,1993-01-01T00:00:00Z,1995-01-01T00:00:00Z,14
http://www.wikidata.org/entity/Q20110,Francesco Totti,Italy national under-21 football team,,1995-01-01T00:00:00Z,1997-01-01T00:00:00Z,8
http://www.wikidata.org/entity/Q20110,Francesco Totti,Italy national under-23 football team,,1997-01-01T00:00:00Z,1997-01-01T00:00:00Z,4
http://www.wikidata.org/entity/Q20110,Francesco Totti,Italy men's national association football team,,1998-01-01T00:00:00Z,2006-01-01T00:00:00Z,58
http://www.wikidata.org/entity/Q26380,iago Aspas,RC Celta B,Segunda División B,2006-01-01T00:00:00Z,2009-01-01T00:00:00Z,84
http://www.wikidata.org/entity/Q26380,iago Aspas,RC Celta de Vigo,La Liga,2008-01-01T00:00:00Z,2013-01-01T00:00:00Z,137
http://www.wikidata.org/entity/Q26380,iago Aspas,Liverpool F.C.,Premier League,2013-01-01T00:00:00Z,2015-01-01T00:00:00Z,14
http://www.wikidata.org/entity/Q26380,iago Aspas,Sevilla FC,La Liga,2014-01-01T00:00:00Z,2015-01-01T00:00:00Z,16
http://www.wikidata.org/entity/Q26380,iago Aspas,RC Celta de Vigo,La Liga,2015-01-01T00:00:00Z,,347
http://www.wikidata.org/entity/Q26380,iago Aspas,Spain men's national football team,,2016-01-01T00:00:00Z,2023-01-01T00:00:00Z,20
http://www.wikidata.org/entity/Q26380,iago Aspas,Galicia national football team,,2016-01-01T00:00:00Z,2024-01-01T00:00:00Z,2
http://www.wikidata.org/entity/Q26517,Luis Suárez,Club Nacional de Football,Uruguayan Primera División,2005-01-01T00:00:00Z,2006-01-01T00:00:00Z,27
http://www.wikidata.org/entity/Q26517,Luis Suárez,FC Groningen,Eredivisie,2006-01-01T00:00:00Z,2007-01-01T00:00:00Z,29
http://www.wikidata.org/entity/Q26517,Luis Suárez,Uruguay national under-20 football team,,2006-01-01T00:00:00Z,2007-01-01T00:00:00Z,4
http://www.wikidata.org/entity/Q26517,Luis Suárez,AFC Ajax,Eredivisie,2007-01-01T00:00:00Z,2011-01-01T00:00:00Z,110
http://www.wikidata.org/entity/Q26517,Luis Suárez,Uruguay men's national football team,,2007-01-01T00:00:00Z,2024-01-01T00:00:00Z,143
http://www.wikidata.org/entity/Q26517,Luis Suárez,Liverpool F.C.,Premier League,2011-01-01T00:00:00Z,2014-01-01T00:00:00Z,110
http://www.wikidata.org/entity/Q26517,Luis Suárez,Uruguay Olympic football team,,2012-01-01T00:00:00Z,2012-01-01T00:00:00Z,3
http://www.wikidata.org/entity/Q26517,Luis Suárez,Futbol Club Barcelona,La Liga,2014-01-01T00:00:00Z,2020-09-01T00:00:00Z,191
http://www.wikidata.org/entity/Q26517,Luis Suárez,Atlético Madrid,La Liga,2020-09-01T00:00:00Z,2022-06-01T00:00:00Z,67
http://www.wikidata.org/entity/Q26517,Luis Suárez,Club Nacional de Football,Uruguayan Primera División,2022-07-01T00:00:00Z,2022-12-01T00:00:00Z,14
http://www.wikidata.org/entity/Q26517,Luis Suárez,Grêmio FBPA,Campeonato Brasileiro Série A,2023-01-01T00:00:00Z,2023-12-01T00:00:00Z,45
http://www.wikidata.org/entity/Q26517,Luis Suárez,Inter Miami CF,Major League Soccer,2024-01-01T00:00:00Z,,55
http://www.wikidata.org/entity/Q27694,Emre Can,Germany national under-15 football team,,2009-01-01T00:00:00Z,2009-01-01T00:00:00Z,1
http://www.wikidata.org/entity/Q27694,Emre Can,Germany national under-16 football team,,2009-01-01T00:00:00Z,2010-01-01T00:00:00Z,8
http://www.wikidata.org/entity/Q27694,Emre Can,Germany national under-17 association football team,,2010-01-01T00:00:00Z,2011-01-01T00:00:00Z,23
http://www.wikidata.org/entity/Q27694,Emre Can,FC Bayern Munich II,Regionalliga Bayern,2011-01-01T00:00:00Z,2013-01-01T00:00:00Z,31
http://www.wikidata.org/entity/Q27694,Emre Can,FC Bayern Munich,Bundesliga,2012-01-01T00:00:00Z,2013-01-01T00:00:00Z,4
http://www.wikidata.org/entity/Q27694,Emre Can,Germany national under-19 football team,,2012-01-01T00:00:00Z,2013-01-01T00:00:00Z,5
http://www.wikidata.org/entity/Q27694,Emre Can,Bayer 04 Leverkusen,Bundesliga,2013-01-01T00:00:00Z,2014-01-01T00:00:00Z,29
http://www.wikidata.org/entity/Q27694,Emre Can,Germany national under-21 football team,,2013-01-01T00:00:00Z,2015-01-01T00:00:00Z,13
http://www.wikidata.org/entity/Q27694,Emre Can,Liverpool F.C.,Premier League,2014-01-01T00:00:00Z,2018-01-01T00:00:00Z,115
http://www.wikidata.org/entity/Q27694,Emre Can,Germany men's national association football team,,2015-01-01T00:00:00Z,,48
http://www.wikidata.org/entity/Q27694,Emre Can,Juventus FC,Serie A,2018-01-01T00:00:00Z,2020-01-01T00:00:00Z,37
http://www.wikidata.org/entity/Q27694,Emre Can,Borussia Dortmund,Bundesliga,2020-01-01T00:00:00Z,2020-06-01T00:00:00Z,12
http://www.wikidata.org/entity/Q27694,Emre Can,Borussia Dortmund,Bundesliga,2020-07-01T00:00:00Z,,136
http://www.wikidata.org/entity/Q27889,Mikel Balenziaga,Q5409057,,,2002-01-01T00:00:00Z,
http://www.wikidata.org/entity/Q27889,Mikel Balenziaga,Real Sociedad,La Liga,2002-01-01T00:00:00Z,2006-01-01T00:00:00Z,
http://www.wikidata.org/entity/Q27889,Mikel Balenziaga,Real Sociedad B,LaLiga 2,2006-01-01T00:00:00Z,2008-01-01T00:00:00Z,53
http://www.wikidata.org/entity/Q27889,Mikel Balenziaga,Spain national under-19 football team,,2007-01-01T00:00:00Z,2007-01-01T00:00:00Z,5
http://www.wikidata.org/entity/Q27889,Mikel Balenziaga,Athletic Club,La Liga,2008-01-01T00:00:00Z,2023-01-01T00:00:00Z,321
http://www.wikidata.org/entity/Q27889,Mikel Balenziaga,Spain national under-21 association football team,,2008-01-01T00:00:00Z,2008-01-01T00:00:00Z,1
http://www.wikidata.org/entity/Q27889,Mikel Balenziaga,Club Deportivo Numancia de Soria,Primera Federación,2009-01-01T00:00:00Z,2010-01-01T00:00:00Z,26
http://www.wikidata.org/entity/Q27889,Mikel Balenziaga,Real Valladolid,LaLiga 2,2011-01-01T00:00:00Z,2013-01-01T00:00:00Z,74
http://www.wikidata.org/entity/Q27889,Mikel Balenziaga,Basque Country regional football team,,2012-01-01T00:00:00Z,2020-01-01T00:00:00Z,7
http://www.wikidata.org/entity/Q27889,Mikel Balenziaga,Deportivo de La Coruña,LaLiga 2,2023-01-01T00:00:00Z,2024-01-01T00:00:00Z,33
http://www.wikidata.org/entity/Q29162,Tomáš Rosický,Czech Republic national under-17 football team,,1997-01-01T00:00:00Z,1998-01-01T00:00:00Z,16
http://www.wikidata.org/entity/Q29162,Tomáš Rosický,AC Sparta Prague,Czech First League,1998-01-01T00:00:00Z,2001-01-01T00:00:00Z,41
http://www.wikidata.org/entity/Q29162,Tomáš Rosický,Czech Republic national under-21 football team,,1999-01-01T00:00:00Z,1999-01-01T00:00:00Z,2
http://www.wikidata.org/entity/Q29162,Tomáš Rosický,Czechia men's national football team,,2000-01-01T00:00:00Z,2016-01-01T00:00:00Z,105
http://www.wikidata.org/entity/Q29162,Tomáš Rosický,Borussia Dortmund,Bundesliga,2001-01-01T00:00:00Z,2006-01-01T00:00:00Z,149
http://www.wikidata.org/entity/Q29162,Tomáš Rosický,Arsenal F.C.,Premier League,2006-01-01T00:00:00Z,2016-01-01T00:00:00Z,170
http://www.wikidata.org/entity/Q29162,Tomáš Rosický,AC Sparta Prague,Czech First League,2016-08-01T00:00:00Z,2017-12-01T00:00:00Z,12
http://www.wikidata.org/entity/Q29491,Chris Smalling,Maidstone United F.C.,Isthmian League,2007-01-01T00:00:00Z,2008-01-01T00:00:00Z,11
http://www.wikidata.org/entity/Q29491,Chris Smalling,Fulham F.C.,Premier League,2008-01-01T00:00:00Z,2010-01-01T00:00:00Z,13
http://www.wikidata.org/entity/Q29491,Chris Smalling,England national under-21 association football team,,2009-01-01T00:00:00Z,2011-01-01T00:00:00Z,14
http://www.wikidata.org/entity/Q29491,Chris Smalling,England national under-20 association football team,,2009-01-01T00:00:00Z,2009-01-01T00:00:00Z,1
http://www.wikidata.org/entity/Q29491,Chris Smalling,Manchester United F.C.,Premier League,2010-01-01T00:00:00Z,2020-01-01T00:00:00Z,206
http://www.wikidata.org/entity/Q29491,Chris Smalling,England men's national association football team,,2011-01-01T00:00:00Z,2017-01-01T00:00:00Z,31
http://www.wikidata.org/entity/Q29491,Chris Smalling,AS Roma,Serie A,2019-01-01T00:00:00Z,2020-01-01T00:00:00Z,30
http://www.wikidata.org/entity/Q29491,Chris Smalling,AS Roma,Serie A,2020-01-01T00:00:00Z,2024-09-01T00:00:00Z,83
http://www.wikidata.org/entity/Q29491,Chris Smalling,Al-Feiha FC,Saudi Pro League,2024-09-01T00:00:00Z,,39
http://www.wikidata.org/entity/Q29516,Theo Walcott,England national under-16 association football team,,2004-01-01T00:00:00Z,2005-01-01T00:00:00Z,4
http://www.wikidata.org/entity/Q29516,Theo Walcott,Southampton F.C.,EFL Championship,2005-01-01T00:00:00Z,2006-01-01T00:00:00Z,21
http://www.wikidata.org/entity/Q29516,Theo Walcott,England national under-17 association football team,,2005-01-01T00:00:00Z,2006-01-01T00:00:00Z,14
http://www.wikidata.org/entity/Q29516,Theo Walcott,Arsenal F.C.,Premier League,2006-01-01T00:00:00Z,2018-01-01T00:00:00Z,270
http://www.wikidata.org/entity/Q29516,Theo Walcott,England men's national association football team,,2006-01-01T00:00:00Z,2016-01-01T00:00:00Z,47
http://www.wikidata.org/entity/Q29516,Theo Walcott,England national under-21 association football team,,2006-01-01T00:00:00Z,2010-01-01T00:00:00Z,21
http://www.wikidata.org/entity/Q29516,Theo Walcott,England national under-19 association football team,,2006-01-01T00:00:00Z,2006-01-01T00:00:00Z,1
http://www.wikidata.org/entity/Q29516,Theo Walcott,Everton F.C.,Premier League,2018-01-01T00:00:00Z,2021-06-01T00:00:00Z,77
http://www.wikidata.org/entity/Q29516,Theo Walcott,Southampton F.C.,EFL Championship,2020-10-01T00:00:00Z,2021-06-01T00:00:00Z,21
http://www.wikidata.org/entity/Q29516,Theo Walcott,Southampton F.C.,EFL Championship,2021-07-01T00:00:00Z,2023-06-01T00:00:00Z,29
http://www.wikidata.org/entity/Q29566,Michael Carrick,England national under-18 association football team,,,,
http://www.wikidata.org/entity/Q29566,Michael Carrick,West Ham United F.C.,Premier League,1999-01-01T00:00:00Z,2004-01-01T00:00:00Z,136
http://www.wikidata.org/entity/Q29566,Michael Carrick,Swindon Town F.C.,EFL League Two,1999-01-01T00:00:00Z,1999-01-01T00:00:00Z,6
http://www.wikidata.org/entity/Q29566,Michael Carrick,Birmingham City F.C.,EFL Championship,2000-01-01T00:00:00Z,2000-01-01T00:00:00Z,2
http://www.wikidata.org/entity/Q29566,Michael Carrick,England national under-21 association football team,,2000-01-01T00:00:00Z,2003-01-01T00:00:00Z,14
http://www.wikidata.org/entity/Q29566,Michael Carrick,England men's national association football team,,2001-01-01T00:00:00Z,2015-01-01T00:00:00Z,34
http://www.wikidata.org/entity/Q29566,Michael Carrick,Tottenham Hotspur F.C.,Premier League,2004-01-01T00:00:00Z,2006-01-01T00:00:00Z,64
http://www.wikidata.org/entity/Q29566,Michael Carrick,Manchester United F.C.,Premier League,2006-01-01T00:00:00Z,2018-01-01T00:00:00Z,316
http://www.wikidata.org/entity/Q29566,Michael Carrick,England national association football B team,,2006-01-01T00:00:00Z,2006-01-01T00:00:00Z,1
http://www.wikidata.org/entity/Q31981,David Alaba,FK Austria Wien,Bundesliga,2002-01-01T00:00:00Z,2008-07-01T00:00:00Z,
http://www.wikidata.org/entity/Q31981,David Alaba,Austria national under-17 association football team,,2007-01-01T00:00:00Z,2009-01-01T00:00:00Z,20
http://www.wikidata.org/entity/Q31981,David Alaba,Austria men's national football team,,2009-01-01T00:00:00Z,,111
http://www.wikidata.org/entity/Q31981,David Alaba,Austria national under-21 football team,,2009-01-01T00:00:00Z,2010-01-01T00:00:00Z,5
http://www.wikidata.org/entity/Q31981,David Alaba,FC Bayern Munich II,Regionalliga Bayern,2009-07-01T00:00:00Z,2010-07-01T00:00:00Z,33
http://www.wikidata.org/entity/Q31981,David Alaba,Austria national under-19 football team,,2010-01-01T00:00:00Z,2010-01-01T00:00:00Z,5
http://www.wikidata.org/entity/Q31981,David Alaba,FC Bayern Munich,Bundesliga,2010-07-01T00:00:00Z,2021-07-01T00:00:00Z,281
http://www.wikidata.org/entity/Q31981,David Alaba,TSG 1899 Hoffenheim,Bundesliga,2011-01-01T00:00:00Z,2011-06-30T00:00:00Z,17
http://www.wikidata.org/entity/Q31981,David Alaba,Real Madrid Club de Fútbol,La Liga,2021-07-01T00:00:00Z,,77
http://www.wikidata.org/entity/Q32556,Antonio Candreva,Ternana Calcio,Serie C,2004-01-01T00:00:00Z,2007-01-01T00:00:00Z,45
http://www.wikidata.org/entity/Q32556,Antonio Candreva,Italy national under-18 football team,,2004-01-01T00:00:00Z,2005-01-01T00:00:00Z,6
http://www.wikidata.org/entity/Q32556,Antonio Candreva,Italy national under-19 football team,,2005-01-01T00:00:00Z,2005-01-01T00:00:00Z,9
http://www.wikidata.org/entity/Q32556,Antonio Candreva,Italy national under-19 football team,,2005-01-01T00:00:00Z,2006-01-01T00:00:00Z,9
http://www.wikidata.org/entity/Q32556,Antonio Candreva,Italy national under-20 football team,,2005-01-01T00:00:00Z,2008-01-01T00:00:00Z,10
http://www.wikidata.org/entity/Q32556,Antonio Candreva,Udinese Calcio,Serie A,2007-01-01T00:00:00Z,2012-01-01T00:00:00Z,3
http://www.wikidata.org/entity/Q32556,Antonio Candreva,US Livorno 1915,Eccellenza Tuscany,2008-01-01T00:00:00Z,2010-01-01T00:00:00Z,52
http://www.wikidata.org/entity/Q32556,Antonio Candreva,Italy national under-21 football team,,2008-01-01T00:00:00Z,2009-01-01T00:00:00Z,8
http://www.wikidata.org/entity/Q32556,Antonio Candreva,Italy men's national association football team,,2009-01-01T00:00:00Z,2018-01-01T00:00:00Z,54
http://www.wikidata.org/entity/Q32556,Antonio Candreva,Juventus FC,Serie A,2010-01-01T00:00:00Z,2010-01-01T00:00:00Z,16
http://www.wikidata.org/entity/Q32556,Antonio Candreva,Parma Calcio 1913,Serie A,2010-01-01T00:00:00Z,2011-01-01T00:00:00Z,31
http://www.wikidata.org/entity/Q32556,Antonio Candreva,AC Cesena,Serie B,2011-01-01T00:00:00Z,2012-01-01T00:00:00Z,18
http://www.wikidata.org/entity/Q32556,Antonio Candreva,SS Lazio,Serie A,2012-01-01T00:00:00Z,2016-01-01T00:00:00Z,151
http://www.wikidata.org/entity/Q32556,Antonio Candreva,Inter Milan,Serie A,2016-01-01T00:00:00Z,2021-06-01T00:00:00Z,124
http://www.wikidata.org/entity/Q32556,Antonio Candreva,U.C. Sampdoria,Serie B,2020-09-01T00:00:00Z,2021-06-01T00:00:00Z,35
http://www.wikidata.org/entity/Q32556,Antonio Candreva,U.C. Sampdoria,Serie B,2021-07-01T00:00:00Z,2023-06-01T00:00:00Z,36
http://www.wikidata.org/entity/Q32556,Antonio Candreva,U.S. Salernitana 1919,Serie C,2022-08-01T00:00:00Z,2023-06-01T00:00:00Z,35
http://www.wikidata.org/entity/Q32556,Antonio Candreva,U.S. Salernitana 1919,Serie C,2023-07-01T00:00:00Z,2024-01-01T00:00:00Z,34
http://www.wikidata.org/entity/Q36305,Alessandro Matri,AC Milan,Serie A,2002-01-01T00:00:00Z,2007-01-01T00:00:00Z,1
http://www.wikidata.org/entity/Q36305,Alessandro Matri,A.C. Prato,Serie D,2004-01-01T00:00:00Z,2005-01-01T00:00:00Z,32
http://www.wikidata.org/entity/Q36305,Alessandro Matri,A.C. Lumezzane,Serie C1,2005-01-01T00:00:00Z,2006-01-01T00:00:00Z,34
http://www.wikidata.org/entity/Q36305,Alessandro Matri,Rimini FC,Serie C2,2006-01-01T00:00:00Z,2007-01-01T00:00:00Z,34
http://www.wikidata.org/entity/Q36305,Alessandro Matri,Cagliari Calcio,Serie A,2007-01-01T00:00:00Z,2011-01-01T00:00:00Z,125
http://www.wikidata.org/entity/Q36305,Alessandro Matri,Juventus FC,Serie A,2011-01-01T00:00:00Z,2013-01-01T00:00:00Z,69
http://www.wikidata.org/entity/Q36305,Alessandro Matri,Italy men's national association football team,,2011-01-01T00:00:00Z,2015-01-01T00:00:00Z,7
http://www.wikidata.org/entity/Q36305,Alessandro Matri,AC Milan,Serie A,2013-01-01T00:00:00Z,2016-01-01T00:00:00Z,15
http://www.wikidata.org/entity/Q36305,Alessandro Matri,Genoa CFC,Serie A,2014-01-01T00:00:00Z,2015-01-01T00:00:00Z,16
http://www.wikidata.org/entity/Q36305,Alessandro Matri,ACF Fiorentina,Serie A,2014-01-01T00:00:00Z,2014-01-01T00:00:00Z,15
http://www.wikidata.org/entity/Q36305,Alessandro Matri,Juventus FC,Serie A,2015-02-01T00:00:00Z,2015-06-01T00:00:00Z,5
http://www.wikidata.org/entity/Q36305,Alessandro Matri,SS Lazio,Serie A,2015-08-01T00:00:00Z,2016-01-01T00:00:00Z,19
http://www.wikidata.org/entity/Q36305,Alessandro Matri,US Sassuolo Calcio,Serie A,2016-01-01T00:00:00Z,2019-01-01T00:00:00Z,73
http://www.wikidata.org/entity/Q36305,Alessandro Matri,Brescia Calcio,Serie B,2019-01-01T00:00:00Z,2020-01-01T00:00:00Z,8
http://www.wikidata.org/entity/Q38136,Marcelo Vieira,Fluminense F.C.,Campeonato Brasileiro Série A,2005-01-01T00:00:00Z,2006-01-01T00:00:00Z,30
http://www.wikidata.org/entity/Q38136,Marcelo Vieira,Brazil national under-17 football team,,2005-01-01T00:00:00Z,2005-01-01T00:00:00Z,3
http://www.wikidata.org/entity/Q38136,Marcelo Vieira,Brazil men's national football team,,2006-01-01T00:00:00Z,2018-01-01T00:00:00Z,58
http://www.wikidata.org/entity/Q38136,Marcelo Vieira,Real Madrid Club de Fútbol,La Liga,2007-01-01T00:00:00Z,2022-06-01T00:00:00Z,386
http://www.wikidata.org/entity/Q38136,Marcelo Vieira,Brazil national under-20 football team,,2007-01-01T00:00:00Z,2007-01-01T00:00:00Z,4
http://www.wikidata.org/entity/Q38136,Marcelo Vieira,Brazil national under-23 football team,,2008-01-01T00:00:00Z,2012-01-01T00:00:00Z,12
http://www.wikidata.org/entity/Q38136,Marcelo Vieira,Olympiacos F.C.,Super League Greece,2022-09-01T00:00:00Z,2023-02-01T00:00:00Z,10
http://www.wikidata.org/entity/Q38136,Marcelo Vieira,Fluminense F.C.,Campeonato Brasileiro Série A,2023-02-01T00:00:00Z,2025-01-01T00:00:00Z,43
http://www.wikidata.org/entity/Q41533,Frank Lampard,West Ham United F.C.,Premier League,1995-01-01T00:00:00Z,2001-01-01T00:00:00Z,148
http://www.wikidata.org/entity/Q41533,Frank Lampard,Swansea City A.F.C.,EFL Championship,1995-10-01T00:00:00Z,1996-01-01T00:00:00Z,9
http://www.wikidata.org/entity/Q41533,Frank Lampard,England national under-21 association football team,,1997-01-01T00:00:00Z,2000-01-01T00:00:00Z,19
http://www.wikidata.org/entity/Q41533,Frank Lampard,England national association football B team,,1998-01-01T00:00:00Z,1998-01-01T00:00:00Z,1
http://www.wikidata.org/entity/Q41533,Frank Lampard,England men's national association football team,,1999-01-01T00:00:00Z,2014-01-01T00:00:00Z,106
http://www.wikidata.org/entity/Q41533,Frank Lampard,Chelsea F.C.,Premier League,2001-01-01T00:00:00Z,2014-01-01T00:00:00Z,429
http://www.wikidata.org/entity/Q41533,Frank Lampard,Manchester City F.C.,Premier League,2014-01-01T00:00:00Z,2015-01-01T00:00:00Z,32
http://www.wikidata.org/entity/Q41533,Frank Lampard,New York City FC,Major League Soccer,2015-01-01T00:00:00Z,2016-01-01T00:00:00Z,29
http://www.wikidata.org/entity/Q42731,Fernando Torres,Atlético Madrid,La Liga,1995-01-01T00:00:00Z,2001-01-01T00:00:00Z,
http://www.wikidata.org/entity/Q42731,Fernando Torres,Spain national under-15 association football team,,2000-01-01T00:00:00Z,2000-01-01T00:00:00Z,1
http://www.wikidata.org/entity/Q42731,Fernando Torres,Atlético Madrid,La Liga,2001-01-01T00:00:00Z,2007-01-01T00:00:00Z,214
http://www.wikidata.org/entity/Q42731,Fernando Torres,Spain national under-17 association football team,,2001-01-01T00:00:00Z,2001-01-01T00:00:00Z,4
http://www.wikidata.org/entity/Q42731,Fernando Torres,Spain national under-16 association football team,,2001-01-01T00:00:00Z,2001-01-01T00:00:00Z,9
http://www.wikidata.org/entity/Q42731,Fernando Torres,Spain national under-21 association football team,,2002-01-01T00:00:00Z,2003-01-01T00:00:00Z,10
http://www.wikidata.org/entity/Q42731,Fernando Torres,Spain national under-19 football team,,2002-01-01T00:00:00Z,2002-01-01T00:00:00Z,5
http://www.wikidata.org/entity/Q42731,Fernando Torres,Spain national under-18 football team,,2002-01-01T00:00:00Z,2002-01-01T00:00:00Z,1
http://www.wikidata.org/entity/Q42731,Fernando Torres,Spain men's national football team,,2003-01-01T00:00:00Z,2014-01-01T00:00:00Z,110
http://www.wikidata.org/entity/Q42731,Fernando Torres,Liverpool F.C.,Premier League,2007-01-01T00:00:00Z,2011-01-01T00:00:00Z,102
http://www.wikidata.org/entity/Q42731,Fernando Torres,Chelsea F.C.,Premier League,2011-01-01T00:00:00Z,2015-01-01T00:00:00Z,110
http://www.wikidata.org/entity/Q42731,Fernando Torres,AC Milan,Serie A,2014-01-01T00:00:00Z,2015-01-01T00:00:00Z,10
http://www.wikidata.org/entity/Q42731,Fernando Torres,AC Milan,Serie A,2015-01-01T00:00:00Z,2016-01-01T00:00:00Z,0
http://www.wikidata.org/entity/Q42731,Fernando Torres,Atlético Madrid,La Liga,2015-01-01T00:00:00Z,2016-01-01T00:00:00Z,49
http://www.wikidata.org/entity/Q42731,Fernando Torres,Atlético Madrid,La Liga,2016-01-01T00:00:00Z,2018-01-01T00:00:00Z,58
http://www.wikidata.org/entity/Q42731,Fernando Torres,Sagan Tosu,J1 League,2018-01-01T00:00:00Z,2019-08-01T00:00:00Z,35
http://www.wikidata.org/entity/Q43666,Thomas Müller,Germany national under-16 football team,,2004-01-01T00:00:00Z,2005-01-01T00:00:00Z,6
http://www.wikidata.org/entity/Q43666,Thomas Müller,Germany national under-19 football team,,2007-01-01T00:00:00Z,2007-01-01T00:00:00Z,3
http://www.wikidata.org/entity/Q43666,Thomas Müller,Germany national under-20 football team,,2008-01-01T00:00:00Z,2008-01-01T00:00:00Z,1
http://www.wikidata.org/entity/Q43666,Thomas Müller,FC Bayern Munich II,Regionalliga Bayern,2008-07-27T00:00:00Z,2009-01-01T00:00:00Z,35
http://www.wikidata.org/entity/Q43666,Thomas Müller,FC Bayern Munich,Bundesliga,2008-08-15T00:00:00Z,2025-08-01T00:00:00Z,503
http://www.wikidata.org/entity/Q43666,Thomas Müller,Germany national under-21 football team,,2009-01-01T00:00:00Z,2009-01-01T00:00:00Z,6
http://www.wikidata.org/entity/Q43666,Thomas Müller,Germany men's national association football team,,2010-01-01T00:00:00Z,2024-01-01T00:00:00Z,131
http://www.wikidata.org/entity/Q43666,Thomas Müller,Vancouver Whitecaps FC,Major League Soccer,2025-08-01T00:00:00Z,,0
http://www.wikidata.org/entity/Q43682,Philipp Lahm,Germany national under-17 association football team,,1999-01-01T00:00:00Z,1999-01-01T00:00:00Z,1
http://www.wikidata.org/entity/Q43682,Philipp Lahm,Germany national under-18 football team,,2000-01-01T00:00:00Z,2000-01-01T00:00:00Z,1
http://www.wikidata.org/entity/Q43682,Philipp Lahm,Germany national under-19 football team,,2001-01-01T00:00:00Z,2002-01-01T00:00:00Z,9
http://www.wikidata.org/entity/Q43682,Philipp Lahm,FC Bayern Munich II,Regionalliga Bayern,2001-01-01T00:00:00Z,2003-01-01T00:00:00Z,63
http://www.wikidata.org/entity/Q43682,Philipp Lahm,FC Bayern Munich,Bundesliga,2002-01-01T00:00:00Z,2017-01-01T00:00:00Z,332
http://www.wikidata.org/entity/Q43682,Philipp Lahm,Germany national under-20 football team,,2002-01-01T00:00:00Z,2003-01-01T00:00:00Z,6
http://www.wikidata.org/entity/Q43682,Philipp Lahm,VfB Stuttgart,Bundesliga,2003-01-01T00:00:00Z,2005-01-01T00:00:00Z,54
http://www.wikidata.org/entity/Q43682,Philipp Lahm,Germany national under-21 football team,,2003-01-01T00:00:00Z,2003-01-01T00:00:00Z,3
http://www.wikidata.org/entity/Q43682,Philipp Lahm,Germany men's national association football team,,2004-01-01T00:00:00Z,2014-01-01T00:00:00Z,113
http://www.wikidata.org/entity/Q43729,Andrés Iniesta,Spain national under-16 association football team,,2000-01-01T00:00:00Z,2001-01-01T00:00:00Z,7
http://www.wikidata.org/entity/Q43729,Andrés Iniesta,Spain national under-15 association football team,,2000-01-01T00:00:00Z,2000-01-01T00:00:00Z,2
http://www.wikidata.org/entity/Q43729,Andrés Iniesta,FC Barcelona Atlètic,Primera Federación,2001-01-01T00:00:00Z,2003-01-01T00:00:00Z,54
http://www.wikidata.org/entity/Q43729,Andrés Iniesta,Spain national under-17 association football team,,2001-01-01T00:00:00Z,2001-01-01T00:00:00Z,4
http://www.wikidata.org/entity/Q43729,Andrés Iniesta,Spain national under-19 football team,,2001-01-01T00:00:00Z,2002-01-01T00:00:00Z,7
http://www.wikidata.org/entity/Q43729,Andrés Iniesta,Futbol Club Barcelona,La Liga,2002-01-01T00:00:00Z,2018-01-01T00:00:00Z,442
http://www.wikidata.org/entity/Q43729,Andrés Iniesta,Spain national under-21 association football team,,2003-01-01T00:00:00Z,2006-01-01T00:00:00Z,18
http://www.wikidata.org/entity/Q43729,Andrés Iniesta,Spain national under-20 football team,,2003-01-01T00:00:00Z,2003-01-01T00:00:00Z,7
http://www.wikidata.org/entity/Q43729,Andrés Iniesta,Catalonia national football team,,2004-01-01T00:00:00Z,2004-01-01T00:00:00Z,1
http://www.wikidata.org/entity/Q43729,Andrés Iniesta,Spain men's national football team,,2006-01-01T00:00:00Z,2018-01-01T00:00:00Z,131
http://www.wikidata.org/entity/Q43729,Andrés Iniesta,Vissel Kobe,J1 League,2018-01-01T00:00:00Z,2023-07-01T00:00:00Z,114
http://www.wikidata.org/entity/Q43729,Andrés Iniesta,Emirates Club,UAE Pro League,2023-08-01T00:00:00Z,2024-01-01T00:00:00Z,20
http://www.wikidata.org/entity/Q43913,Arjen Robben,VV Bedum,,1989-01-01T00:00:00Z,1996-01-01T00:00:00Z,
http://www.wikidata.org/entity/Q43913,Arjen Robben,FC Groningen,Eredivisie,1996-01-01T00:00:00Z,2000-01-01T00:00:00Z,
http://www.wikidata.org/entity/Q43913,Arjen Robben,Netherlands national under-15 football team,,1999-01-01T00:00:00Z,2000-01-01T00:00:00Z,11
http://www.wikidata.org/entity/Q43913,Arjen Robben,FC Groningen,Eredivisie,2000-01-01T00:00:00Z,2002-01-01T00:00:00Z,46
http://www.wikidata.org/entity/Q43913,Arjen Robben,Netherlands national under-17 football team,,2000-01-01T00:00:00Z,2000-01-01T00:00:00Z,3
http://www.wikidata.org/entity/Q43913,Arjen Robben,Netherlands national under-19 football team,,2001-01-01T00:00:00Z,2002-01-01T00:00:00Z,8
http://www.wikidata.org/entity/Q43913,Arjen Robben,Netherlands national under-21 football team,,2001-01-01T00:00:00Z,2003-01-01T00:00:00Z,8
http://www.wikidata.org/entity/Q43913,Arjen Robben,PSV Eindhoven,Eredivisie,2002-01-01T00:00:00Z,2004-01-01T00:00:00Z,56
http://www.wikidata.org/entity/Q43913,Arjen Robben,Netherlands national association football team,,2003-01-01T00:00:00Z,2017-01-01T00:00:00Z,96
http://www.wikidata.org/entity/Q43913,Arjen Robben,Chelsea F.C.,Premier League,2004-01-01T00:00:00Z,2007-01-01T00:00:00Z,67
http://www.wikidata.org/entity/Q43913,Arjen Robben,Real Madrid Club de Fútbol,La Liga,2007-01-01T00:00:00Z,2009-01-01T00:00:00Z,50
http://www.wikidata.org/entity/Q43913,Arjen Robben,FC Bayern Munich,Bundesliga,2009-01-01T00:00:00Z,2019-01-01T00:00:00Z,201
http://www.wikidata.org/entity/Q43913,Arjen Robben,FC Groningen,Eredivisie,2020-06-01T00:00:00Z,2021-07-01T00:00:00Z,7
http://www.wikidata.org/entity/Q43926,Andrea Pirlo,Italy national under-15 football team,,1994-01-01T00:00:00Z,1994-01-01T00:00:00Z,3
http://www.wikidata.org/entity/Q43926,Andrea Pirlo,Brescia Calcio,Serie B,1995-01-01T00:00:00Z,1998-01-01T00:00:00Z,47
http://www.wikidata.org/entity/Q43926,Andrea Pirlo,Italy national under-17 football team,,1995-01-01T00:00:00Z,1995-01-01T00:00:00Z,4
http://www.wikidata.org/entity/Q43926,Andrea Pirlo,Italy national under-18 football team,,1995-01-01T00:00:00Z,1997-01-01T00:00:00Z,18
http://www.wikidata.org/entity/Q43926,Andrea Pirlo,Italy national under-16 football team,,1995-01-01T00:00:00Z,1995-01-01T00:00:00Z,6
http://www.wikidata.org/entity/Q43926,Andrea Pirlo,Inter Milan,Serie A,1998-01-01T00:00:00Z,2001-01-01T00:00:00Z,22
http://www.wikidata.org/entity/Q43926,Andrea Pirlo,Italy national under-21 football team,,1998-01-01T00:00:00Z,2002-01-01T00:00:00Z,37
http://www.wikidata.org/entity/Q43926,Andrea Pirlo,AS Reggina 1914,Serie B,1999-01-01T00:00:00Z,2000-01-01T00:00:00Z,28
http://www.wikidata.org/entity/Q43926,Andrea Pirlo,AC Milan,Serie A,2001-01-01T00:00:00Z,2011-01-01T00:00:00Z,284
http://www.wikidata.org/entity/Q43926,Andrea Pirlo,Brescia Calcio,Serie B,2001-01-01T00:00:00Z,2001-01-01T00:00:00Z,10
http://www.wikidata.org/entity/Q43926,Andrea Pirlo,Italy men's national association football team,,2002-01-01T00:00:00Z,2015-01-01T00:00:00Z,116
http://www.wikidata.org/entity/Q43926,Andrea Pirlo,Juventus FC,Serie A,2011-01-01T00:00:00Z,2015-01-01T00:00:00Z,119
http://www.wikidata.org/entity/Q43926,Andrea Pirlo,New York City FC,Major League Soccer,2015-01-01T00:00:00Z,2017-01-01T00:00:00Z,60
http://www.wikidata.org/entity/Q44298,Bastian Schweinsteiger,Germany national under-16 football team,,2000-01-01T00:00:00Z,2000-01-01T00:00:00Z,1
http://www.wikidata.org/entity/Q44298,Bastian Schweinsteiger,FC Bayern Munich II,Regionalliga Bayern,2001-01-01T00:00:00Z,2005-01-01T00:00:00Z,33
http://www.wikidata.org/entity/Q44298,Bastian Schweinsteiger,Germany national under-18 football team,,2001-01-01T00:00:00Z,2002-01-01T00:00:00Z,11
http://www.wikidata.org/entity/Q44298,Bastian Schweinsteiger,FC Bayern Munich,Bundesliga,2002-01-01T00:00:00Z,2015-01-01T00:00:00Z,342
http://www.wikidata.org/entity/Q44298,Bastian Schweinsteiger,Germany national under-19 football team,,2002-01-01T00:00:00Z,2003-01-01T00:00:00Z,7
http://www.wikidata.org/entity/Q44298,Bastian Schweinsteiger,Germany national under-21 football team,,2004-01-01T00:00:00Z,2004-01-01T00:00:00Z,7
http://www.wikidata.org/entity/Q44298,Bastian Schweinsteiger,Germany men's national association football team,,2004-06-06T00:00:00Z,2016-08-31T00:00:00Z,121
http://www.wikidata.org/entity/Q44298,Bastian Schweinsteiger,Manchester United F.C.,Premier League,2015-01-01T00:00:00Z,2017-03-01T00:00:00Z,18
http://www.wikidata.org/entity/Q44298,Bastian Schweinsteiger,Chicago Fire FC,Major League Soccer,2017-03-29T00:00:00Z,2019-10-01T00:00:00Z,85
http://www.wikidata.org/entity/Q44788,Matteo Darmian,AC Milan,Serie A,2006-01-01T00:00:00Z,2010-01-01T00:00:00Z,4
http://www.wikidata.org/entity/Q44788,Matteo Darmian,Italy national under-17 football team,,2006-01-01T00:00:00Z,2007-01-01T00:00:00Z,7
http://www.wikidata.org/entity/Q44788,Matteo Darmian,Italy national under-18 football team,,2006-01-01T00:00:00Z,2006-01-01T00:00:00Z,5
http://www.wikidata.org/entity/Q44788,Matteo Darmian,Italy national under-19 football team,,2007-01-01T00:00:00Z,2008-01-01T00:00:00Z,11
http://www.wikidata.org/entity/Q44788,Matteo Darmian,Italy national under-20 football team,,2008-01-01T00:00:00Z,2009-01-01T00:00:00Z,7
http://www.wikidata.org/entity/Q44788,Matteo Darmian,Calcio Padova,Serie B,2009-01-01T00:00:00Z,2010-01-01T00:00:00Z,20
http://www.wikidata.org/entity/Q44788,Matteo Darmian,Italy national under-21 football team,,2009-01-01T00:00:00Z,2009-01-01T00:00:00Z,1
http://www.wikidata.org/entity/Q44788,Matteo Darmian,Palermo F.C.,Serie B,2010-01-01T00:00:00Z,2011-01-01T00:00:00Z,11
http://www.wikidata.org/entity/Q44788,Matteo Darmian,Torino FC,Serie A,2011-01-01T00:00:00Z,2015-01-01T00:00:00Z,133
http://www.wikidata.org/entity/Q44788,Matteo Darmian,Italy men's national association football team,,2014-01-01T00:00:00Z,http://www.wikidata.org/.well-known/genid/2d7a979af695d4f375ff757416d92152,46
http://www.wikidata.org/entity/Q44788,Matteo Darmian,Manchester United F.C.,Premier League,2015-01-01T00:00:00Z,2019-09-01T00:00:00Z,60
http://www.wikidata.org/entity/Q44788,Matteo Darmian,Parma Calcio 1913,Serie A,2019-09-01T00:00:00Z,2021-06-01T00:00:00Z,36
http://www.wikidata.org/entity/Q44788,Matteo Darmian,Inter Milan,Serie A,2020-10-01T00:00:00Z,2021-06-01T00:00:00Z,26
http://www.wikidata.org/entity/Q44788,Matteo Darmian,Inter Milan,Serie A,2021-07-01T00:00:00Z,http://www.wikidata.org/.well-known/genid/c242fe155c33c43e258bc938c00daa36,119
http://www.wikidata.org/entity/Q44977,Pierre-Emerick Aubameyang,Stade Lavallois,Ligue 2,1999-01-01T00:00:00Z,2001-01-01T00:00:00Z,
http://www.wikidata.org/entity/Q44977,Pierre-Emerick Aubameyang,AC Milan,Serie A,2007-01-01T00:00:00Z,2011-01-01T00:00:00Z,0
http://www.wikidata.org/entity/Q44977,Pierre-Emerick Aubameyang,Dijon FCO,Championnat National,2008-01-01T00:00:00Z,2009-01-01T00:00:00Z,34
http://www.wikidata.org/entity/Q44977,Pierre-Emerick Aubameyang,Lille OSC,Ligue 1,2009-01-01T00:00:00Z,2010-01-01T00:00:00Z,14
http://www.wikidata.org/entity/Q44977,Pierre-Emerick Aubameyang,Gabon men's national football team,,2009-01-01T00:00:00Z,,84
http://www.wikidata.org/entity/Q44977,Pierre-Emerick Aubameyang,France national under-21 association football team,,2009-01-01T00:00:00Z,2009-01-01T00:00:00Z,1
http://www.wikidata.org/entity/Q44977,Pierre-Emerick Aubameyang,AS Monaco FC,Ligue 1,2010-01-01T00:00:00Z,2011-01-01T00:00:00Z,19
http://www.wikidata.org/entity/Q44977,Pierre-Emerick Aubameyang,AS Saint-Étienne,Ligue 2,2011-01-01T00:00:00Z,2013-01-01T00:00:00Z,87
http://www.wikidata.org/entity/Q44977,Pierre-Emerick Aubameyang,Gabon national under-23 association football team,,2012-01-01T00:00:00Z,2012-01-01T00:00:00Z,3
http://www.wikidata.org/entity/Q44977,Pierre-Emerick Aubameyang,Borussia Dortmund,Bundesliga,2013-01-01T00:00:00Z,2018-01-31T00:00:00Z,144
http://www.wikidata.org/entity/Q44977,Pierre-Emerick Aubameyang,Arsenal F.C.,Premier League,2018-01-31T00:00:00Z,2022-02-01T00:00:00Z,128
http://www.wikidata.org/entity/Q44977,Pierre-Emerick Aubameyang,Futbol Club Barcelona,La Liga,2022-02-02T00:00:00Z,2022-08-01T00:00:00Z,18
http://www.wikidata.org/entity/Q44977,Pierre-Emerick Aubameyang,Chelsea F.C.,Premier League,2022-09-01T00:00:00Z,2023-07-01T00:00:00Z,15
http://www.wikidata.org/entity/Q44977,Pierre-Emerick Aubameyang,Olympique de Marseille,Ligue 1,2023-07-21T00:00:00Z,2024-07-01T00:00:00Z,34
http://www.wikidata.org/entity/Q44977,Pierre-Emerick Aubameyang,Al Qadsiah FC,Saudi Pro League,2024-07-01T00:00:00Z,2025-07-01T00:00:00Z,32
http://www.wikidata.org/entity/Q44977,Pierre-Emerick Aubameyang,Al Qadsiah FC,Saudi First Division League,2024-07-01T00:00:00Z,2025-07-01T00:00:00Z,32
http://www.wikidata.org/entity/Q44977,Pierre-Emerick Aubameyang,Olympique de Marseille,Ligue 1,2025-07-01T00:00:00Z,,10
http://www.wikidata.org/entity/Q45613,Paul Scholes,Manchester United F.C.,Premier League,1993-01-01T00:00:00Z,2011-01-01T00:00:00Z,466
http://www.wikidata.org/entity/Q45613,Paul Scholes,England national under-18 association football team,,1993-01-01T00:00:00Z,1993-01-01T00:00:00Z,4
http://www.wikidata.org/entity/Q45613,Paul Scholes,England men's national association football team,,1997-01-01T00:00:00Z,2004-01-01T00:00:00Z,66
http://www.wikidata.org/entity/Q45613,Paul Scholes,Manchester United F.C.,Premier League,2012-01-01T00:00:00Z,2013-01-01T00:00:00Z,33
http://www.wikidata.org/entity/Q45766,Mario Gómez,Germany national under-15 football team,,1999-01-01T00:00:00Z,1999-01-01T00:00:00Z,3
http://www.wikidata.org/entity/Q45766,Mario Gómez,Germany national under-17 association football team,,2000-01-01T00:00:00Z,2001-01-01T00:00:00Z,14
http://www.wikidata.org/entity/Q45766,Mario Gómez,Germany national under-19 football team,,2002-01-01T00:00:00Z,2003-01-01T00:00:00Z,19
http://www.wikidata.org/entity/Q45766,Mario Gómez,Germany national under-18 football team,,2002-01-01T00:00:00Z,2002-01-01T00:00:00Z,4
http://www.wikidata.org/entity/Q45766,Mario Gómez,VfB Stuttgart,Bundesliga,2003-01-01T00:00:00Z,2009-01-01T00:00:00Z,121
http://www.wikidata.org/entity/Q45766,Mario Gómez,VfB Stuttgart II,3. Liga,2003-01-01T00:00:00Z,2005-01-01T00:00:00Z,43
http://www.wikidata.org/entity/Q45766,Mario Gómez,Germany national under-20 football team,,2004-01-01T00:00:00Z,2004-01-01T00:00:00Z,8
http://www.wikidata.org/entity/Q45766,Mario Gómez,Germany national under-21 football team,,2005-01-01T00:00:00Z,2006-01-01T00:00:00Z,9
http://www.wikidata.org/entity/Q45766,Mario Gómez,Germany national football B team,,2005-01-01T00:00:00Z,2005-01-01T00:00:00Z,2
http://www.wikidata.org/entity/Q45766,Mario Gómez,Germany men's national association football team,,2007-01-01T00:00:00Z,2018-01-01T00:00:00Z,78
http://www.wikidata.org/entity/Q45766,Mario Gómez,FC Bayern Munich,Bundesliga,2009-01-01T00:00:00Z,2013-01-01T00:00:00Z,115
http://www.wikidata.org/entity/Q45766,Mario Gómez,ACF Fiorentina,Serie A,2013-01-01T00:00:00Z,2015-01-01T00:00:00Z,29
http://www.wikidata.org/entity/Q45766,Mario Gómez,Beşiktaş J.K.,Süper Lig,2015-01-01T00:00:00Z,2016-01-01T00:00:00Z,33
http://www.wikidata.org/entity/Q45766,Mario Gómez,VfL Wolfsburg,Bundesliga,2016-01-01T00:00:00Z,2017-12-01T00:00:00Z,45
http://www.wikidata.org/entity/Q45766,Mario Gómez,VfB Stuttgart,Bundesliga,2018-01-01T00:00:00Z,2020-06-01T00:00:00Z,70
http://www.wikidata.org/entity/Q45901,Thierry Henry,France national under-16 association football team,,1993-01-01T00:00:00Z,1994-01-01T00:00:00Z,
http://www.wikidata.org/entity/Q45901,Thierry Henry,AS Monaco FC,Ligue 1,1994-01-01T00:00:00Z,1999-01-01T00:00:00Z,105
http://www.wikidata.org/entity/Q45901,Thierry Henry,France national under-17 association football team,,1994-01-01T00:00:00Z,1995-01-01T00:00:00Z,11
http://www.wikidata.org/entity/Q45901,Thierry Henry,France national under-18 association football team,,1995-01-01T00:00:00Z,1996-01-01T00:00:00Z,13
http://www.wikidata.org/entity/Q45901,Thierry Henry,France national under-19 association football team,,1996-01-01T00:00:00Z,1997-01-01T00:00:00Z,9
http://www.wikidata.org/entity/Q45901,Thierry Henry,France men's national association football team,,1997-01-01T00:00:00Z,2010-01-01T00:00:00Z,123
http://www.wikidata.org/entity/Q45901,Thierry Henry,France national under-21 association football team,,1997-01-01T00:00:00Z,1999-01-01T00:00:00Z,6
http://www.wikidata.org/entity/Q45901,Thierry Henry,France national under-20 association football team,,1997-01-01T00:00:00Z,1998-01-01T00:00:00Z,11
http://www.wikidata.org/entity/Q45901,Thierry Henry,Juventus FC,Serie A,1999-01-01T00:00:00Z,1999-01-01T00:00:00Z,16
http://www.wikidata.org/entity/Q45901,Thierry Henry,Arsenal F.C.,Premier League,1999-08-03T00:00:00Z,2007-01-01T00:00:00Z,377
http://www.wikidata.org/entity/Q45901,Thierry Henry,Futbol Club Barcelona,La Liga,2007-01-01T00:00:00Z,2010-01-01T00:00:00Z,80
http://www.wikidata.org/entity/Q45901,Thierry Henry,Red Bull New York,Major League Soccer,2010-01-01T00:00:00Z,2014-01-01T00:00:00Z,122
http://www.wikidata.org/entity/Q45901,Thierry Henry,Arsenal F.C.,Premier League,2012-01-06T00:00:00Z,2012-02-15T00:00:00Z,4
http://www.wikidata.org/entity/Q4599,Raúl Albiol,Valencia CF Mestalla,Segunda División B,2003-01-01T00:00:00Z,2004-01-01T00:00:00Z,35
http://www.wikidata.org/entity/Q4599,Raúl Albiol,Spain national under-20 football team,,2003-01-01T00:00:00Z,2005-01-01T00:00:00Z,4
http://www.wikidata.org/entity/Q4599,Raúl Albiol,Getafe CF,La Liga,2004-01-01T00:00:00Z,2005-01-01T00:00:00Z,17
http://www.wikidata.org/entity/Q4599,Raúl Albiol,Valencia CF,La Liga,2004-01-01T00:00:00Z,2009-01-01T00:00:00Z,131
http://www.wikidata.org/entity/Q4599,Raúl Albiol,Spain national under-19 football team,,2004-01-01T00:00:00Z,2004-01-01T00:00:00Z,7
http://www.wikidata.org/entity/Q4599,Raúl Albiol,Spain national under-21 association football team,,2005-01-01T00:00:00Z,2006-01-01T00:00:00Z,7
http://www.wikidata.org/entity/Q4599,Raúl Albiol,Spain men's national football team,,2007-10-13T00:00:00Z,2021-01-01T00:00:00Z,58
http://www.wikidata.org/entity/Q4599,Raúl Albiol,Real Madrid Club de Fútbol,La Liga,2009-06-25T00:00:00Z,2013-07-21T00:00:00Z,81
http://www.wikidata.org/entity/Q4599,Raúl Albiol,SSC Napoli,Serie A,2013-01-01T00:00:00Z,2019-07-01T00:00:00Z,180
http://www.wikidata.org/entity/Q4599,Raúl Albiol,Villarreal CF,La Liga,2019-07-01T00:00:00Z,2025-07-01T00:00:00Z,165
http://www.wikidata.org/entity/Q4599,Raúl Albiol,Pisa SC,Serie A,2025-09-02T00:00:00Z,,1
http://www.wikidata.org/entity/Q46347,Patrick Vieira,AS Cannes,Championnat National 2,1993-01-01T00:00:00Z,1995-01-01T00:00:00Z,49
http://www.wikidata.org/entity/Q46347,Patrick Vieira,AC Milan,Serie A,1995-01-01T00:00:00Z,1996-08-13T00:00:00Z,2
http://www.wikidata.org/entity/Q46347,Patrick Vieira,France national under-21 association football team,,1995-01-01T00:00:00Z,1996-01-01T00:00:00Z,7
http://www.wikidata.org/entity/Q46347,Patrick Vieira,Arsenal F.C.,Premier League,1996-08-14T00:00:00Z,2005-01-01T00:00:00Z,406
http://www.wikidata.org/entity/Q46347,Patrick Vieira,France men's national association football team,,1997-01-01T00:00:00Z,2009-01-01T00:00:00Z,107
http://www.wikidata.org/entity/Q46347,Patrick Vieira,Juventus FC,Serie A,2005-01-01T00:00:00Z,2006-01-01T00:00:00Z,31
http://www.wikidata.org/entity/Q46347,Patrick Vieira,Inter Milan,Serie A,2006-01-01T00:00:00Z,2010-01-01T00:00:00Z,91
http://www.wikidata.org/entity/Q46347,Patrick Vieira,Manchester City F.C.,Premier League,2010-01-01T00:00:00Z,2011-01-01T00:00:00Z,28
http://www.wikidata.org/entity/Q46896,Zlatan Ibrahimović,Malmö FF,Allsvenskan,1999-01-01T00:00:00Z,2001-01-01T00:00:00Z,40
http://www.wikidata.org/entity/Q46896,Zlatan Ibrahimović,AFC Ajax,Eredivisie,2000-01-01T00:00:00Z,2004-01-01T00:00:00Z,74
http://www.wikidata.org/entity/Q46896,Zlatan Ibrahimović,Sweden men's national football team,,2001-01-01T00:00:00Z,2023-01-01T00:00:00Z,122
http://www.wikidata.org/entity/Q46896,Zlatan Ibrahimović,Juventus FC,Serie A,2004-08-31T00:00:00Z,2006-08-09T00:00:00Z,70
http://www.wikidata.org/entity/Q46896,Zlatan Ibrahimović,Inter Milan,Serie A,2006-08-09T00:00:00Z,2009-07-27T00:00:00Z,88
http://www.wikidata.org/entity/Q46896,Zlatan Ibrahimović,Futbol Club Barcelona,La Liga,2009-07-27T00:00:00Z,2010-01-01T00:00:00Z,29
http://www.wikidata.org/entity/Q46896,Zlatan Ibrahimović,AC Milan,Serie A,2010-01-01T00:00:00Z,2012-01-01T00:00:00Z,61
http://www.wikidata.org/entity/Q46896,Zlatan Ibrahimović,Paris Saint-Germain FC,Ligue 1,2012-01-01T00:00:00Z,2016-01-01T00:00:00Z,122
http://www.wikidata.org/entity/Q46896,Zlatan Ibrahimović,Manchester United F.C.,Premier League,2016-01-01T00:00:00Z,2018-03-22T00:00:00Z,33
http://www.wikidata.org/entity/Q46896,Zlatan Ibrahimović,LA Galaxy,Major League Soccer,2018-01-01T00:00:00Z,2019-01-01T00:00:00Z,56
http://www.wikidata.org/entity/Q46896,Zlatan Ibrahimović,AC Milan,Serie A,2020-01-01T00:00:00Z,2023-06-30T00:00:00Z,64
http://www.wikidata.org/entity/Q47503,Leo Franco,Club Atlético Independiente,Argentine Primera División,1995-01-01T00:00:00Z,1997-01-01T00:00:00Z,2
http://www.wikidata.org/entity/Q47503,Leo Franco,CP Mérida,,1997-01-01T00:00:00Z,1998-01-01T00:00:00Z,0
http://www.wikidata.org/entity/Q47503,Leo Franco,Mérida UD,Tercera División,1997-01-01T00:00:00Z,1998-01-01T00:00:00Z,0
http://www.wikidata.org/entity/Q47503,Leo Franco,Argentina national under-20 football team,,1997-01-01T00:00:00Z,1997-01-01T00:00:00Z,6
http://www.wikidata.org/entity/Q47503,Leo Franco,RCD Mallorca B,Tercera Federación,1998-01-01T00:00:00Z,1999-01-01T00:00:00Z,23
http://www.wikidata.org/entity/Q47503,Leo Franco,RCD Mallorca,La Liga,1999-01-01T00:00:00Z,2004-01-01T00:00:00Z,148
http://www.wikidata.org/entity/Q47503,Leo Franco,Argentina men's national association football team,,2004-01-01T00:00:00Z,2006-01-01T00:00:00Z,4
http://www.wikidata.org/entity/Q47503,Leo Franco,Atlético Madrid,La Liga,2004-06-15T00:00:00Z,2009-07-07T00:00:00Z,153
http://www.wikidata.org/entity/Q47503,Leo Franco,Galatasaray S.K.,Süper Lig,2009-01-01T00:00:00Z,2010-01-01T00:00:00Z,26
http://www.wikidata.org/entity/Q47503,Leo Franco,Real Zaragoza,LaLiga 2,2010-08-29T00:00:00Z,2014-07-20T00:00:00Z,67
http://www.wikidata.org/entity/Q47503,Leo Franco,San Lorenzo de Almagro,Argentine Primera División,2014-01-01T00:00:00Z,2015-01-01T00:00:00Z,3
http://www.wikidata.org/entity/Q47503,Leo Franco,San Lorenzo de Almagro,Metropolitano de Hockey (men),2014-01-01T00:00:00Z,2015-01-01T00:00:00Z,3
http://www.wikidata.org/entity/Q47503,Leo Franco,Sociedad Deportiva Huesca,LaLiga 2,2015-07-24T00:00:00Z,2016-07-01T00:00:00Z,28
http://www.wikidata.org/entity/Q47548,Víctor Valdés,FC Barcelona Atlètic,Primera Federación,2000-01-01T00:00:00Z,2003-01-01T00:00:00Z,77
http://www.wikidata.org/entity/Q47548,Víctor Valdés,FC Barcelona C,Tercera División,2000-01-01T00:00:00Z,2000-01-01T00:00:00Z,16
http://www.wikidata.org/entity/Q47548,Víctor Valdés,Spain national under-18 football team,,2000-01-01T00:00:00Z,2001-01-01T00:00:00Z,11
http://www.wikidata.org/entity/Q47548,Víctor Valdés,Catalonia national football team,,2001-01-01T00:00:00Z,2014-01-01T00:00:00Z,12
http://www.wikidata.org/entity/Q47548,Víctor Valdés,Spain national under-20 football team,,2001-01-01T00:00:00Z,2001-01-01T00:00:00Z,1
http://www.wikidata.org/entity/Q47548,Víctor Valdés,Spain national under-19 football team,,2001-01-01T00:00:00Z,2001-01-01T00:00:00Z,3
http://www.wikidata.org/entity/Q47548,Víctor Valdés,Futbol Club Barcelona,La Liga,2002-01-01T00:00:00Z,2014-01-01T00:00:00Z,387
http://www.wikidata.org/entity/Q47548,Víctor Valdés,Spain national under-21 association football team,,2002-01-01T00:00:00Z,2003-01-01T00:00:00Z,11
http://www.wikidata.org/entity/Q47548,Víctor Valdés,Spain men's national football team,,2010-01-01T00:00:00Z,2014-01-01T00:00:00Z,20
http://www.wikidata.org/entity/Q47548,Víctor Valdés,Manchester United F.C.,Premier League,2015-01-01T00:00:00Z,2016-01-01T00:00:00Z,2
http://www.wikidata.org/entity/Q47548,Víctor Valdés,Standard Liège,Belgian Pro League,2016-01-01T00:00:00Z,2016-01-01T00:00:00Z,5
http://www.wikidata.org/entity/Q47548,Víctor Valdés,Middlesbrough F.C.,EFL Championship,2016-07-01T00:00:00Z,2017-05-01T00:00:00Z,28
http://www.wikidata.org/entity/Q48770,Álvaro Morata,Spain national under-17 association football team,,2009-01-01T00:00:00Z,2009-01-01T00:00:00Z,6
http://www.wikidata.org/entity/Q48770,Álvaro Morata,Real Madrid Club de Fútbol,La Liga,2010-01-01T00:00:00Z,2014-01-01T00:00:00Z,37
http://www.wikidata.org/entity/Q48770,Álvaro Morata,Real Madrid Castilla,Primera Federación,2010-01-01T00:00:00Z,2013-01-01T00:00:00Z,83
http://www.wikidata.org/entity/Q48770,Álvaro Morata,Spain national under-19 football team,,2010-01-01T00:00:00Z,2012-01-01T00:00:00Z,13
http://www.wikidata.org/entity/Q48770,Álvaro Morata,Spain national under-18 football team,,2010-01-01T00:00:00Z,2010-01-01T00:00:00Z,2
http://www.wikidata.org/entity/Q48770,Álvaro Morata,Spain national under-21 association football team,,2013-01-01T00:00:00Z,2014-01-01T00:00:00Z,13
http://www.wikidata.org/entity/Q48770,Álvaro Morata,Juventus FC,Serie A,2014-01-01T00:00:00Z,2016-01-01T00:00:00Z,63
http://www.wikidata.org/entity/Q48770,Álvaro Morata,Spain men's national football team,,2014-01-01T00:00:00Z,,87
http://www.wikidata.org/entity/Q48770,Álvaro Morata,Real Madrid Club de Fútbol,La Liga,2016-01-01T00:00:00Z,2017-07-01T00:00:00Z,26
http://www.wikidata.org/entity/Q48770,Álvaro Morata,Chelsea F.C.,Premier League,2017-07-01T00:00:00Z,2019-01-01T00:00:00Z,47
http://www.wikidata.org/entity/Q48770,Álvaro Morata,Atlético Madrid,La Liga,2019-01-28T00:00:00Z,2020-09-20T00:00:00Z,49
http://www.wikidata.org/entity/Q48770,Álvaro Morata,Atlético Madrid,La Liga,2020-07-01T00:00:00Z,2024-07-01T00:00:00Z,68
http://www.wikidata.org/entity/Q48770,Álvaro Morata,Juventus FC,Serie A,2020-09-21T00:00:00Z,2022-06-01T00:00:00Z,67
http://www.wikidata.org/entity/Q48770,Álvaro Morata,AC Milan,Serie A,2024-07-01T00:00:00Z,,16
http://www.wikidata.org/entity/Q48770,Álvaro Morata,Galatasaray S.K.,Süper Lig,2025-02-01T00:00:00Z,2025-08-10T00:00:00Z,12
http://www.wikidata.org/entity/Q48770,Álvaro Morata,Como 1907,Serie A,2025-08-01T00:00:00Z,,11
http://www.wikidata.org/entity/Q49704,Sergio Busquets,Q112841087,,1995-01-01T00:00:00Z,1996-01-01T00:00:00Z,
http://www.wikidata.org/entity/Q49704,Sergio Busquets,Q112841080,,1996-01-01T00:00:00Z,1999-01-01T00:00:00Z,
http://www.wikidata.org/entity/Q49704,Sergio Busquets,UE Lleida,Segunda División B,1999-01-01T00:00:00Z,2003-01-01T00:00:00Z,
http://www.wikidata.org/entity/Q49704,Sergio Busquets,Futbol Club Barcelona,La Liga,2000-01-01T00:00:00Z,2023-01-01T00:00:00Z,481
http://www.wikidata.org/entity/Q49704,Sergio Busquets,UFB Jàbac i Terrassa,,2003-01-01T00:00:00Z,2005-01-01T00:00:00Z,
http://www.wikidata.org/entity/Q49704,Sergio Busquets,FC Barcelona C,Tercera División,2006-01-01T00:00:00Z,2006-01-01T00:00:00Z,1
http://www.wikidata.org/entity/Q49704,Sergio Busquets,FC Barcelona Atlètic,Primera Federación,2007-01-01T00:00:00Z,2008-01-01T00:00:00Z,32
http://www.wikidata.org/entity/Q49704,Sergio Busquets,Catalonia national football team,,2008-01-01T00:00:00Z,2016-01-01T00:00:00Z,8
http://www.wikidata.org/entity/Q49704,Sergio Busquets,Spain national under-21 association football team,,2008-01-01T00:00:00Z,2009-01-01T00:00:00Z,3
http://www.wikidata.org/entity/Q49704,Sergio Busquets,Spain men's national football team,,2009-01-01T00:00:00Z,2022-01-01T00:00:00Z,143
http://www.wikidata.org/entity/Q49704,Sergio Busquets,Inter Miami CF,Major League Soccer,2023-07-01T00:00:00Z,2025-12-01T00:00:00Z,74
http://www.wikidata.org/entity/Q52876,Javier Zanetti,Club Atlético Talleres de Remedios de Escalada,Primera Nacional,1992-01-01T00:00:00Z,1993-01-01T00:00:00Z,33
http://www.wikidata.org/entity/Q52876,Javier Zanetti,Club Atlético Banfield,Argentine Primera División,1993-01-01T00:00:00Z,1995-01-01T00:00:00Z,66
http://www.wikidata.org/entity/Q52876,Javier Zanetti,Argentina men's national association football team,,1994-01-01T00:00:00Z,2011-01-01T00:00:00Z,145
http://www.wikidata.org/entity/Q52876,Javier Zanetti,Inter Milan,Serie A,1995-01-01T00:00:00Z,2014-01-01T00:00:00Z,615
http://www.wikidata.org/entity/Q52876,Javier Zanetti,Argentina national under-23 football team,,1996-01-01T00:00:00Z,1996-01-01T00:00:00Z,12
http://www.wikidata.org/entity/Q54084,José Callejón,Real Madrid C,Tercera Federación,2006-01-01T00:00:00Z,2007-01-01T00:00:00Z,
http://www.wikidata.org/entity/Q54084,José Callejón,Real Madrid Castilla,Primera Federación,2007-01-01T00:00:00Z,2008-01-01T00:00:00Z,41
http://www.wikidata.org/entity/Q54084,José Callejón,RCD Espanyol de Barcelona,La Liga,2008-01-01T00:00:00Z,2011-01-01T00:00:00Z,97
http://www.wikidata.org/entity/Q54084,José Callejón,Spain national under-21 association football team,,2008-01-01T00:00:00Z,2009-01-01T00:00:00Z,4
http://www.wikidata.org/entity/Q54084,José Callejón,Real Madrid Club de Fútbol,La Liga,2011-01-01T00:00:00Z,2013-01-01T00:00:00Z,55
http://www.wikidata.org/entity/Q54084,José Callejón,SSC Napoli,Serie A,2013-01-01T00:00:00Z,2020-01-01T00:00:00Z,255
http://www.wikidata.org/entity/Q54084,José Callejón,Spain men's national football team,,2014-01-01T00:00:00Z,2017-01-01T00:00:00Z,5
http://www.wikidata.org/entity/Q54084,José Callejón,ACF Fiorentina,Serie A,2020-01-01T00:00:00Z,2022-01-01T00:00:00Z,50
http://www.wikidata.org/entity/Q54084,José Callejón,Granada CF,LaLiga 2,2022-01-01T00:00:00Z,2024-01-01T00:00:00Z,67
http://www.wikidata.org/entity/Q54084,José Callejón,UD Marbella,Tercera División,2024-01-01T00:00:00Z,2025-01-01T00:00:00Z,38
http://www.wikidata.org/entity/Q54105,Aritz Aduriz,Antiguoko,,1994-01-01T00:00:00Z,1999-01-01T00:00:00Z,
http://www.wikidata.org/entity/Q54105,Aritz Aduriz,CD Aurrerá de Vitoria,Tercera División,1999-01-01T00:00:00Z,2000-01-01T00:00:00Z,25
http://www.wikidata.org/entity/Q54105,Aritz Aduriz,Athletic Bilbao B,Primera Federación,2000-01-01T00:00:00Z,2003-01-01T00:00:00Z,90
http://www.wikidata.org/entity/Q54105,Aritz Aduriz,Athletic Club,La Liga,2002-01-01T00:00:00Z,2003-01-01T00:00:00Z,3
http://www.wikidata.org/entity/Q54105,Aritz Aduriz,Burgos CF,LaLiga 2,2003-01-01T00:00:00Z,2004-01-01T00:00:00Z,36
http://www.wikidata.org/entity/Q54105,Aritz Aduriz,Real Valladolid,LaLiga 2,2004-01-01T00:00:00Z,2005-01-01T00:00:00Z,46
http://www.wikidata.org/entity/Q54105,Aritz Aduriz,Athletic Club,La Liga,2005-01-01T00:00:00Z,2008-01-01T00:00:00Z,82
http://www.wikidata.org/entity/Q54105,Aritz Aduriz,Basque Country regional football team,,2006-01-01T00:00:00Z,2019-01-01T00:00:00Z,13
http://www.wikidata.org/entity/Q54105,Aritz Aduriz,RCD Mallorca,La Liga,2008-01-01T00:00:00Z,2010-01-01T00:00:00Z,69
http://www.wikidata.org/entity/Q54105,Aritz Aduriz,Valencia CF,La Liga,2010-01-01T00:00:00Z,2012-01-01T00:00:00Z,58
http://www.wikidata.org/entity/Q54105,Aritz Aduriz,Spain men's national football team,,2010-01-01T00:00:00Z,2017-01-01T00:00:00Z,13
http://www.wikidata.org/entity/Q54105,Aritz Aduriz,Athletic Club,La Liga,2012-01-01T00:00:00Z,2020-01-01T00:00:00Z,231
http://www.wikidata.org/entity/Q54835,Salva Sevilla,Polideportivo Ejido,Segunda División B,2003-01-01T00:00:00Z,2005-01-01T00:00:00Z,11
http://www.wikidata.org/entity/Q54835,Salva Sevilla,Sevilla Atlético,Segunda División B,2004-01-01T00:00:00Z,2008-01-01T00:00:00Z,88
http://www.wikidata.org/entity/Q54835,Salva Sevilla,Atlético Madrid C,Tercera División,2004-01-01T00:00:00Z,2005-01-01T00:00:00Z,
http://www.wikidata.org/entity/Q54835,Salva Sevilla,Atlético Madrid B,Segunda División B,2005-01-01T00:00:00Z,2005-01-01T00:00:00Z,1
http://www.wikidata.org/entity/Q54835,Salva Sevilla,UD Salamanca,Segunda División B,2008-01-01T00:00:00Z,2010-01-01T00:00:00Z,77
http://www.wikidata.org/entity/Q54835,Salva Sevilla,Real Betis Balompié,La Liga,2010-01-01T00:00:00Z,2014-01-01T00:00:00Z,118
http://www.wikidata.org/entity/Q54835,Salva Sevilla,RCD Espanyol de Barcelona,La Liga,2014-01-01T00:00:00Z,2017-01-01T00:00:00Z,56
http://www.wikidata.org/entity/Q54835,Salva Sevilla,RCD Mallorca,La Liga,2017-01-01T00:00:00Z,2022-01-01T00:00:00Z,186
http://www.wikidata.org/entity/Q54835,Salva Sevilla,Deportivo Alavés,La Liga,2022-01-01T00:00:00Z,2023-01-01T00:00:00Z,42
http://www.wikidata.org/entity/Q54835,Salva Sevilla,Deportivo de La Coruña,LaLiga 2,2023-01-01T00:00:00Z,2024-01-01T00:00:00Z,21
http://www.wikidata.org/entity/Q57167,Zé Roberto,Associação Portuguesa de Desportos,Campeonato Brasileiro Série D,1994-01-01T00:00:00Z,1997-01-01T00:00:00Z,61
http://www.wikidata.org/entity/Q57167,Zé Roberto,Brazil men's national football team,,1995-01-01T00:00:00Z,2006-01-01T00:00:00Z,84
http://www.wikidata.org/entity/Q57167,Zé Roberto,Real Madrid Club de Fútbol,La Liga,1997-01-01T00:00:00Z,1998-01-01T00:00:00Z,15
http://www.wikidata.org/entity/Q57167,Zé Roberto,Clube de Regatas do Flamengo,Campeonato Brasileiro Série A,1998-01-01T00:00:00Z,1998-01-01T00:00:00Z,24
http://www.wikidata.org/entity/Q57167,Zé Roberto,Bayer 04 Leverkusen,Bundesliga,1998-01-01T00:00:00Z,2002-01-01T00:00:00Z,113
http://www.wikidata.org/entity/Q57167,Zé Roberto,FC Bayern Munich,Bundesliga,2002-01-01T00:00:00Z,2006-01-01T00:00:00Z,110
http://www.wikidata.org/entity/Q57167,Zé Roberto,Santos F.C.,Campeonato Brasileiro Série A,2006-01-01T00:00:00Z,2007-01-01T00:00:00Z,48
http://www.wikidata.org/entity/Q57167,Zé Roberto,Santos F.C.,Campeonato Paulista de Futebol,2006-01-01T00:00:00Z,2007-01-01T00:00:00Z,48
http://www.wikidata.org/entity/Q57167,Zé Roberto,Club Nacional de Football,Uruguayan Primera División,2006-01-01T00:00:00Z,2006-01-01T00:00:00Z,0
http://www.wikidata.org/entity/Q57167,Zé Roberto,FC Bayern Munich,Bundesliga,2007-01-01T00:00:00Z,2009-01-01T00:00:00Z,59
http://www.wikidata.org/entity/Q57167,Zé Roberto,Hamburger SV,Bundesliga,2009-01-01T00:00:00Z,2011-01-01T00:00:00Z,54
http://www.wikidata.org/entity/Q57167,Zé Roberto,Al-Gharafa SC,Qatar Stars League,2011-01-01T00:00:00Z,2012-01-01T00:00:00Z,14
http://www.wikidata.org/entity/Q57167,Zé Roberto,Grêmio FBPA,Campeonato Brasileiro Série A,2012-01-01T00:00:00Z,2014-01-01T00:00:00Z,83
http://www.wikidata.org/entity/Q57167,Zé Roberto,Sociedade Esportiva Palmeiras,Campeonato Brasileiro Série A,2014-01-01T00:00:00Z,,
http://www.wikidata.org/entity/Q57167,Zé Roberto,Sociedade Esportiva Palmeiras,Campeonato Brasileiro Série A,2015-01-01T00:00:00Z,,
http://www.wikidata.org/entity/Q58762,Dedê,Clube Atlético Mineiro,Campeonato Brasileiro Série A,1996-01-01T00:00:00Z,1998-01-01T00:00:00Z,36
http://www.wikidata.org/entity/Q58762,Dedê,Borussia Dortmund,Bundesliga,1998-01-01T00:00:00Z,2011-01-01T00:00:00Z,322
http://www.wikidata.org/entity/Q58762,Dedê,Brazil national under-23 football team,,1999-01-01T00:00:00Z,1999-01-01T00:00:00Z,1
http://www.wikidata.org/entity/Q58762,Dedê,Brazil men's national football team,,2004-01-01T00:00:00Z,2004-01-01T00:00:00Z,1
http://www.wikidata.org/entity/Q58762,Dedê,Borussia Dortmund II,Regionalliga West,2010-01-01T00:00:00Z,2011-01-01T00:00:00Z,3
http://www.wikidata.org/entity/Q58762,Dedê,Eskişehirspor,Süper Lig,2011-01-01T00:00:00Z,2014-01-01T00:00:00Z,75
http://www.wikidata.org/entity/Q59108,Kyle Walker,Sheffield United F.C.,EFL Championship,2008-01-01T00:00:00Z,2009-01-01T00:00:00Z,2
http://www.wikidata.org/entity/Q59108,Kyle Walker,Northampton Town F.C.,EFL League One,2008-01-01T00:00:00Z,2008-01-01T00:00:00Z,9
http://www.wikidata.org/entity/Q59108,Kyle Walker,Tottenham Hotspur F.C.,Premier League,2009-01-01T00:00:00Z,2017-01-01T00:00:00Z,183
http://www.wikidata.org/entity/Q59108,Kyle Walker,Sheffield United F.C.,EFL Championship,2009-01-01T00:00:00Z,2010-01-01T00:00:00Z,26
http://www.wikidata.org/entity/Q59108,Kyle Walker,England national under-19 association football team,,2009-01-01T00:00:00Z,2009-01-01T00:00:00Z,7
http://www.wikidata.org/entity/Q59108,Kyle Walker,Queens Park Rangers F.C.,EFL Championship,2010-01-01T00:00:00Z,2011-01-01T00:00:00Z,20
http://www.wikidata.org/entity/Q59108,Kyle Walker,England national under-21 association football team,,2010-01-01T00:00:00Z,2011-01-01T00:00:00Z,7
http://www.wikidata.org/entity/Q59108,Kyle Walker,Aston Villa F.C.,Premier League,2011-01-01T00:00:00Z,2011-01-01T00:00:00Z,15
http://www.wikidata.org/entity/Q59108,Kyle Walker,England men's national association football team,,2011-01-01T00:00:00Z,,96
http://www.wikidata.org/entity/Q59108,Kyle Walker,Manchester City F.C.,Premier League,2017-01-01T00:00:00Z,2025-07-01T00:00:00Z,212
http://www.wikidata.org/entity/Q59108,Kyle Walker,AC Milan,Serie A,2025-01-01T00:00:00Z,2025-01-01T00:00:00Z,11
http://www.wikidata.org/entity/Q59108,Kyle Walker,Burnley F.C.,Premier League,2025-07-01T00:00:00Z,,13
http://www.wikidata.org/entity/Q59192,Michael Dawson,Nottingham Forest F.C.,Premier League,2001-01-01T00:00:00Z,2005-01-01T00:00:00Z,83
http://www.wikidata.org/entity/Q59192,Michael Dawson,England national under-21 association football team,,2003-01-01T00:00:00Z,2005-01-01T00:00:00Z,13
http://www.wikidata.org/entity/Q59192,Michael Dawson,Tottenham Hotspur F.C.,Premier League,2005-01-01T00:00:00Z,2014-01-01T00:00:00Z,236
http://www.wikidata.org/entity/Q59192,Michael Dawson,England national association football B team,,2006-01-01T00:00:00Z,2007-01-01T00:00:00Z,2
http://www.wikidata.org/entity/Q59192,Michael Dawson,England men's national association football team,,2010-01-01T00:00:00Z,2011-01-01T00:00:00Z,4
http://www.wikidata.org/entity/Q59192,Michael Dawson,Hull City A.F.C.,EFL Championship,2014-01-01T00:00:00Z,2018-01-01T00:00:00Z,122
http://www.wikidata.org/entity/Q59192,Michael Dawson,Nottingham Forest F.C.,Premier League,2018-01-01T00:00:00Z,2021-01-01T00:00:00Z,28
http://www.wikidata.org/entity/Q60315,Sebastian Rudy,VfB Stuttgart II,3. Liga,2007-01-01T00:00:00Z,2010-01-01T00:00:00Z,37
http://www.wikidata.org/entity/Q60315,Sebastian Rudy,Germany national under-17 association football team,,2007-01-01T00:00:00Z,2008-01-01T00:00:00Z,8
http://www.wikidata.org/entity/Q60315,Sebastian Rudy,Germany national under-18 football team,,2007-01-01T00:00:00Z,2008-01-01T00:00:00Z,7
http://www.wikidata.org/entity/Q60315,Sebastian Rudy,VfB Stuttgart,Bundesliga,2008-01-01T00:00:00Z,2010-01-01T00:00:00Z,15
http://www.wikidata.org/entity/Q60315,Sebastian Rudy,Germany national under-19 football team,,2008-01-01T00:00:00Z,2009-01-01T00:00:00Z,8
http://www.wikidata.org/entity/Q60315,Sebastian Rudy,Germany national under-21 football team,,2009-01-01T00:00:00Z,2013-01-01T00:00:00Z,23
http://www.wikidata.org/entity/Q60315,Sebastian Rudy,TSG 1899 Hoffenheim,Bundesliga,2010-01-01T00:00:00Z,2017-01-01T00:00:00Z,195
http://www.wikidata.org/entity/Q60315,Sebastian Rudy,Germany men's national association football team,,2014-01-01T00:00:00Z,2019-01-01T00:00:00Z,29
http://www.wikidata.org/entity/Q60315,Sebastian Rudy,FC Bayern Munich,Bundesliga,2017-01-01T00:00:00Z,2018-01-01T00:00:00Z,25
http://www.wikidata.org/entity/Q60315,Sebastian Rudy,Schalke 04,2. Bundesliga,2018-01-01T00:00:00Z,2021-01-01T00:00:00Z,23
http://www.wikidata.org/entity/Q60315,Sebastian Rudy,TSG 1899 Hoffenheim,Bundesliga,2019-01-01T00:00:00Z,2021-01-01T00:00:00Z,57
http://www.wikidata.org/entity/Q60315,Sebastian Rudy,TSG 1899 Hoffenheim,Bundesliga,2021-01-01T00:00:00Z,2023-01-01T00:00:00Z,43
http://www.wikidata.org/entity/Q60544,Oka Nikolov,SG Sandbach,,1981-01-01T00:00:00Z,1989-01-01T00:00:00Z,
http://www.wikidata.org/entity/Q60544,Oka Nikolov,SV Darmstadt 98,2. Bundesliga,1989-01-01T00:00:00Z,1991-01-01T00:00:00Z,
http://www.wikidata.org/entity/Q60544,Oka Nikolov,Eintracht Frankfurt,Bundesliga,1991-01-01T00:00:00Z,1993-01-01T00:00:00Z,
http://www.wikidata.org/entity/Q60544,Oka Nikolov,Eintracht Frankfurt II,Fußball-Regionalliga Südwest,1992-01-01T00:00:00Z,1996-01-01T00:00:00Z,73
http://www.wikidata.org/entity/Q60544,Oka Nikolov,Eintracht Frankfurt,Bundesliga,1995-01-01T00:00:00Z,2013-01-01T00:00:00Z,379
http://www.wikidata.org/entity/Q60544,Oka Nikolov,North Macedonia men's national football team,,1998-01-01T00:00:00Z,2001-01-01T00:00:00Z,5
http://www.wikidata.org/entity/Q60544,Oka Nikolov,Philadelphia Union,Major League Soccer,2013-01-01T00:00:00Z,2013-01-01T00:00:00Z,0
http://www.wikidata.org/entity/Q60544,Oka Nikolov,Fort Lauderdale Strikers,North American Soccer League,2014-01-01T00:00:00Z,2014-01-01T00:00:00Z,8
http://www.wikidata.org/entity/Q60544,Oka Nikolov,Fort Lauderdale Strikers,North American Soccer League,2014-01-01T00:00:00Z,2014-01-01T00:00:00Z,8
http://www.wikidata.org/entity/Q61225,Markus Babbel,FC Bayern Munich,Bundesliga,1991-01-01T00:00:00Z,1992-01-01T00:00:00Z,12
http://www.wikidata.org/entity/Q61225,Markus Babbel,Germany national under-20 football team,,1991-01-01T00:00:00Z,1991-01-01T00:00:00Z,2
http://www.wikidata.org/entity/Q61225,Markus Babbel,Hamburger SV,Bundesliga,1992-01-01T00:00:00Z,1994-01-01T00:00:00Z,60
http://www.wikidata.org/entity/Q61225,Markus Babbel,Germany national under-21 football team,,1992-01-01T00:00:00Z,1993-01-01T00:00:00Z,12
http://www.wikidata.org/entity/Q61225,Markus Babbel,FC Bayern Munich,Bundesliga,1994-01-01T00:00:00Z,2000-01-01T00:00:00Z,170
http://www.wikidata.org/entity/Q61225,Markus Babbel,Germany men's national association football team,,1995-01-01T00:00:00Z,2000-01-01T00:00:00Z,51
http://www.wikidata.org/entity/Q61225,Markus Babbel,Liverpool F.C.,Premier League,2000-01-01T00:00:00Z,2004-01-01T00:00:00Z,42
http://www.wikidata.org/entity/Q61225,Markus Babbel,Blackburn Rovers F.C.,EFL Championship,2003-01-01T00:00:00Z,2004-01-01T00:00:00Z,25
http://www.wikidata.org/entity/Q61225,Markus Babbel,VfB Stuttgart,Bundesliga,2004-01-01T00:00:00Z,2007-01-01T00:00:00Z,46
http://www.wikidata.org/entity/Q615,Lionel Messi,Newell's Old Boys,Argentine Primera División,1995-01-01T00:00:00Z,2000-01-01T00:00:00Z,176
http://www.wikidata.org/entity/Q615,Lionel Messi,FC Barcelona C,Tercera División,2003-01-01T00:00:00Z,2004-01-01T00:00:00Z,10
http://www.wikidata.org/entity/Q615,Lionel Messi,FC Barcelona Juvenil A,División de Honor Juvenil de España,2003-01-01T00:00:00Z,2004-01-01T00:00:00Z,21
http://www.wikidata.org/entity/Q615,Lionel Messi,Futbol Club Barcelona,La Liga,2004-01-01T00:00:00Z,2021-01-01T00:00:00Z,520
http://www.wikidata.org/entity/Q615,Lionel Messi,FC Barcelona Atlètic,Primera Federación,2004-01-01T00:00:00Z,2005-01-01T00:00:00Z,22
http://www.wikidata.org/entity/Q615,Lionel Messi,Argentina national under-20 football team,,2004-01-01T00:00:00Z,2005-01-01T00:00:00Z,18
http://www.wikidata.org/entity/Q615,Lionel Messi,Argentina men's national association football team,,2005-01-01T00:00:00Z,,196
http://www.wikidata.org/entity/Q615,Lionel Messi,Argentina national under-23 football team,,2008-01-01T00:00:00Z,2008-01-01T00:00:00Z,5
http://www.wikidata.org/entity/Q615,Lionel Messi,Paris Saint-Germain FC,Ligue 1,2021-08-01T00:00:00Z,2023-06-30T00:00:00Z,58
http://www.wikidata.org/entity/Q615,Lionel Messi,Inter Miami CF,Major League Soccer,2023-07-15T00:00:00Z,,53
http://www.wikidata.org/entity/Q62166,Christian Abbiati,AC Monza,Serie B,1994-01-01T00:00:00Z,1998-01-01T00:00:00Z,52
http://www.wikidata.org/entity/Q62166,Christian Abbiati,Borgosesia Calcio,Serie D,1995-01-01T00:00:00Z,1996-01-01T00:00:00Z,29
http://www.wikidata.org/entity/Q62166,Christian Abbiati,AC Milan,Serie A,1998-01-01T00:00:00Z,2005-01-01T00:00:00Z,110
http://www.wikidata.org/entity/Q62166,Christian Abbiati,Italy national under-21 football team,,1998-01-01T00:00:00Z,2000-01-01T00:00:00Z,20
http://www.wikidata.org/entity/Q62166,Christian Abbiati,Italy men's national association football team,,2000-01-01T00:00:00Z,2007-01-01T00:00:00Z,4
http://www.wikidata.org/entity/Q62166,Christian Abbiati,Juventus FC,Serie A,2005-01-01T00:00:00Z,2006-01-01T00:00:00Z,19
http://www.wikidata.org/entity/Q62166,Christian Abbiati,Torino FC,Serie A,2006-01-01T00:00:00Z,2007-01-01T00:00:00Z,36
http://www.wikidata.org/entity/Q62166,Christian Abbiati,Atlético Madrid,La Liga,2007-01-01T00:00:00Z,2008-01-01T00:00:00Z,21
http://www.wikidata.org/entity/Q62166,Christian Abbiati,AC Milan,Serie A,2008-01-01T00:00:00Z,2016-01-01T00:00:00Z,171
http://www.wikidata.org/entity/Q624,Alessandro Del Piero,Calcio Padova,Serie B,1991-01-01T00:00:00Z,1993-01-01T00:00:00Z,14
http://www.wikidata.org/entity/Q624,Alessandro Del Piero,Italy national under-17 football team,,1991-01-01T00:00:00Z,1991-01-01T00:00:00Z,3
http://www.wikidata.org/entity/Q624,Alessandro Del Piero,Italy national under-18 football team,,1992-01-01T00:00:00Z,1993-01-01T00:00:00Z,14
http://www.wikidata.org/entity/Q624,Alessandro Del Piero,Juventus FC,Serie A,1993-01-01T00:00:00Z,2012-01-01T00:00:00Z,513
http://www.wikidata.org/entity/Q624,Alessandro Del Piero,Italy national under-21 football team,,1993-01-01T00:00:00Z,1996-01-01T00:00:00Z,12
http://www.wikidata.org/entity/Q624,Alessandro Del Piero,Italy men's national association football team,,1995-01-01T00:00:00Z,2008-01-01T00:00:00Z,91
http://www.wikidata.org/entity/Q624,Alessandro Del Piero,Sydney FC,A-League Men,2012-01-01T00:00:00Z,2014-01-01T00:00:00Z,48
http://www.wikidata.org/entity/Q624,Alessandro Del Piero,Odisha FC,Indian Super League,2014-01-01T00:00:00Z,2014-01-01T00:00:00Z,10
